customer_id,purchase_count,last_purchase_date,churn_status
CUST00001,3,2025-06-24,Churned
CUST00002,4,2025-09-21,Churned
CUST00003,3,2025-11-24,Active
CUST00004,6,2025-12-09,Active
CUST00005,5,2025-12-23,Active
CUST00006,3,2025-06-16,Churned
CUST00007,2,2025-02-19,Churned
CUST00008,1,2025-11-12,Active
CUST00009,2,2025-03-13,Churned
CUST00010,6,2025-12-06,Active
CUST00011,4,2025-12-05,Active
CUST00012,6,2025-08-03,Churned
CUST00013,3,2025-11-14,Active
CUST00014,6,2025-11-10,Active
CUST00015,4,2025-12-18,Active
CUST00016,6,2024-12-12,Churned
CUST00017,6,2025-09-04,Churned
CUST00018,6,2024-09-06,Churned
CUST00019,4,2025-12-19,Active
CUST00020,5,2025-11-01,Active
CUST00021,7,2025-11-19,Active
CUST00022,4,2025-04-07,Churned
CUST00023,2,2025-11-06,Active
CUST00024,4,2025-10-05,Active
CUST00025,5,2025-12-13,Active
CUST00026,3,2025-07-24,Churned
CUST00027,1,2025-09-26,Churned
CUST00028,4,2025-10-29,Active
CUST00029,9,2025-11-26,Active
CUST00030,2,2025-04-02,Churned
CUST00031,5,2025-10-16,Active
CUST00032,7,2025-07-27,Churned
CUST00033,6,2025-09-04,Churned
CUST00034,2,2025-08-23,Churned
CUST00035,5,2025-12-12,Active
CUST00036,6,2025-08-15,Churned
CUST00037,6,2025-08-26,Churned
CUST00038,7,2025-12-30,Active
CUST00039,4,2025-09-22,Churned
CUST00040,11,2025-10-08,Active
CUST00041,4,2025-12-03,Active
CUST00042,2,2025-10-06,Active
CUST00043,10,2025-12-26,Active
CUST00044,4,2025-12-26,Active
CUST00045,7,2025-11-05,Active
CUST00046,4,2025-06-30,Churned
CUST00047,2,2025-09-04,Churned
CUST00048,5,2025-07-21,Churned
CUST00049,5,2025-09-04,Churned
CUST00050,4,2025-11-10,Active
CUST00051,5,2025-07-13,Churned
CUST00052,7,2025-09-25,Churned
CUST00053,10,2025-12-18,Active
CUST00054,2,2025-01-14,Churned
CUST00055,3,2025-06-04,Churned
CUST00056,4,2025-12-15,Active
CUST00057,6,2025-11-03,Active
CUST00058,5,2025-11-27,Active
CUST00059,1,2024-01-21,Churned
CUST00060,2,2025-08-07,Churned
CUST00061,4,2025-12-27,Active
CUST00062,7,2025-08-24,Churned
CUST00063,4,2025-09-30,Churned
CUST00064,3,2025-12-23,Active
CUST00065,4,2025-08-16,Churned
CUST00066,5,2025-09-03,Churned
CUST00067,6,2025-12-19,Active
CUST00068,9,2025-07-14,Churned
CUST00069,9,2025-10-28,Active
CUST00070,7,2025-08-09,Churned
CUST00071,3,2025-02-05,Churned
CUST00072,4,2025-10-19,Active
CUST00073,3,2025-07-31,Churned
CUST00074,5,2025-06-23,Churned
CUST00075,6,2025-10-06,Active
CUST00076,9,2025-10-22,Active
CUST00077,7,2025-02-13,Churned
CUST00078,5,2025-03-12,Churned
CUST00079,6,2025-08-16,Churned
CUST00080,7,2025-08-06,Churned
CUST00081,6,2025-12-07,Active
CUST00082,5,2025-09-15,Churned
CUST00083,3,2025-07-27,Churned
CUST00084,6,2025-11-11,Active
CUST00085,5,2025-09-27,Churned
CUST00086,9,2025-08-29,Churned
CUST00087,5,2025-12-12,Active
CUST00088,4,2025-10-05,Active
CUST00089,1,2025-01-16,Churned
CUST00090,9,2025-12-29,Active
CUST00091,3,2025-06-27,Churned
CUST00092,10,2025-12-23,Active
CUST00093,8,2025-08-30,Churned
CUST00094,3,2025-06-12,Churned
CUST00095,6,2025-11-22,Active
CUST00096,4,2025-08-19,Churned
CUST00097,3,2025-10-03,Active
CUST00098,2,2025-11-03,Active
CUST00099,2,2024-12-05,Churned
CUST00100,5,2025-07-28,Churned
CUST00101,2,2025-11-11,Active
CUST00102,3,2025-09-21,Churned
CUST00103,5,2025-05-04,Churned
CUST00104,3,2025-12-28,Active
CUST00105,4,2025-10-24,Active
CUST00106,8,2025-11-13,Active
CUST00107,8,2025-08-15,Churned
CUST00108,4,2025-07-24,Churned
CUST00109,3,2025-12-01,Active
CUST00110,4,2025-10-23,Active
CUST00111,4,2025-09-15,Churned
CUST00112,3,2025-04-18,Churned
CUST00113,5,2025-12-28,Active
CUST00114,2,2025-04-19,Churned
CUST00115,4,2025-12-27,Active
CUST00116,4,2025-07-25,Churned
CUST00117,5,2025-12-14,Active
CUST00118,3,2025-09-07,Churned
CUST00119,6,2025-09-05,Churned
CUST00120,3,2025-09-02,Churned
CUST00121,1,2024-12-29,Churned
CUST00122,2,2024-10-26,Churned
CUST00123,3,2025-09-13,Churned
CUST00124,3,2024-11-20,Churned
CUST00125,5,2025-11-21,Active
CUST00126,4,2025-09-17,Churned
CUST00127,4,2025-03-08,Churned
CUST00128,6,2025-01-07,Churned
CUST00129,3,2025-06-18,Churned
CUST00130,3,2025-11-23,Active
CUST00131,3,2025-07-30,Churned
CUST00132,6,2025-09-07,Churned
CUST00133,4,2025-07-09,Churned
CUST00134,4,2025-11-19,Active
CUST00135,5,2025-12-29,Active
CUST00136,10,2025-12-01,Active
CUST00137,4,2025-09-12,Churned
CUST00138,6,2025-11-06,Active
CUST00139,6,2025-07-13,Churned
CUST00140,9,2025-11-01,Active
CUST00141,2,2024-06-24,Churned
CUST00142,3,2025-12-02,Active
CUST00143,8,2025-11-14,Active
CUST00144,7,2025-11-26,Active
CUST00145,1,2025-02-15,Churned
CUST00146,3,2025-03-20,Churned
CUST00147,4,2025-07-13,Churned
CUST00148,5,2025-09-25,Churned
CUST00149,4,2025-07-10,Churned
CUST00150,5,2025-12-23,Active
CUST00151,5,2025-11-01,Active
CUST00152,5,2025-12-16,Active
CUST00153,6,2025-09-24,Churned
CUST00154,6,2025-03-23,Churned
CUST00155,7,2025-05-21,Churned
CUST00156,3,2025-07-17,Churned
CUST00157,2,2024-07-28,Churned
CUST00158,4,2025-02-01,Churned
CUST00159,2,2025-07-10,Churned
CUST00160,4,2025-11-04,Active
CUST00161,9,2025-10-22,Active
CUST00162,3,2025-09-18,Churned
CUST00163,5,2024-10-26,Churned
CUST00164,4,2025-12-10,Active
CUST00165,7,2025-08-30,Churned
CUST00166,3,2025-11-14,Active
CUST00167,3,2025-08-21,Churned
CUST00168,7,2025-12-27,Active
CUST00169,4,2024-11-17,Churned
CUST00170,5,2025-09-30,Churned
CUST00171,5,2025-12-06,Active
CUST00172,5,2025-09-28,Churned
CUST00173,7,2025-08-21,Churned
CUST00174,4,2025-10-14,Active
CUST00175,2,2024-12-20,Churned
CUST00176,7,2025-11-29,Active
CUST00177,4,2025-06-16,Churned
CUST00178,3,2025-03-26,Churned
CUST00179,5,2025-05-18,Churned
CUST00180,8,2025-07-18,Churned
CUST00181,2,2025-09-14,Churned
CUST00182,5,2025-05-17,Churned
CUST00183,5,2025-10-11,Active
CUST00184,9,2025-10-06,Active
CUST00185,5,2025-11-24,Active
CUST00186,2,2025-03-29,Churned
CUST00187,1,2025-08-25,Churned
CUST00188,2,2025-10-25,Active
CUST00189,4,2025-10-07,Active
CUST00190,2,2024-09-03,Churned
CUST00191,5,2025-08-19,Churned
CUST00192,5,2025-07-09,Churned
CUST00193,5,2025-12-11,Active
CUST00194,3,2025-10-12,Active
CUST00195,3,2025-08-09,Churned
CUST00196,5,2025-12-03,Active
CUST00197,4,2025-10-12,Active
CUST00198,5,2025-09-06,Churned
CUST00199,4,2025-10-09,Active
CUST00200,7,2025-08-28,Churned
CUST00201,3,2025-06-23,Churned
CUST00202,3,2025-12-20,Active
CUST00203,6,2025-09-21,Churned
CUST00204,7,2025-11-10,Active
CUST00205,7,2025-08-13,Churned
CUST00206,6,2025-11-14,Active
CUST00207,4,2025-09-07,Churned
CUST00208,4,2025-05-01,Churned
CUST00209,6,2025-10-04,Active
CUST00210,13,2025-10-20,Active
CUST00211,7,2025-10-08,Active
CUST00212,1,2024-03-10,Churned
CUST00213,5,2025-12-22,Active
CUST00214,2,2025-12-09,Active
CUST00215,5,2025-11-03,Active
CUST00216,5,2025-09-16,Churned
CUST00217,8,2025-12-20,Active
CUST00218,3,2025-08-16,Churned
CUST00219,10,2025-09-21,Churned
CUST00220,7,2025-09-05,Churned
CUST00221,5,2025-10-31,Active
CUST00222,3,2025-10-20,Active
CUST00223,5,2025-12-12,Active
CUST00224,6,2025-11-19,Active
CUST00225,0,,Active
CUST00226,4,2025-08-05,Churned
CUST00227,4,2025-03-23,Churned
CUST00228,5,2025-12-21,Active
CUST00229,4,2025-05-21,Churned
CUST00230,2,2025-09-15,Churned
CUST00231,4,2025-09-25,Churned
CUST00232,7,2025-06-28,Churned
CUST00233,6,2025-12-17,Active
CUST00234,4,2025-11-02,Active
CUST00235,4,2025-11-28,Active
CUST00236,3,2025-06-29,Churned
CUST00237,4,2025-10-22,Active
CUST00238,7,2025-12-03,Active
CUST00239,8,2025-09-27,Churned
CUST00240,6,2025-11-06,Active
CUST00241,7,2025-08-03,Churned
CUST00242,6,2025-08-29,Churned
CUST00243,5,2025-08-20,Churned
CUST00244,3,2025-07-09,Churned
CUST00245,3,2025-04-26,Churned
CUST00246,5,2025-08-24,Churned
CUST00247,3,2025-11-03,Active
CUST00248,6,2025-12-19,Active
CUST00249,6,2025-12-05,Active
CUST00250,1,2025-06-28,Churned
CUST00251,7,2025-08-05,Churned
CUST00252,3,2025-10-27,Active
CUST00253,6,2025-10-06,Active
CUST00254,4,2025-10-08,Active
CUST00255,7,2025-10-10,Active
CUST00256,4,2025-12-19,Active
CUST00257,1,2024-03-20,Churned
CUST00258,4,2025-08-07,Churned
CUST00259,11,2025-12-05,Active
CUST00260,6,2025-09-27,Churned
CUST00261,2,2025-04-12,Churned
CUST00262,5,2025-04-30,Churned
CUST00263,6,2025-09-29,Churned
CUST00264,6,2025-08-18,Churned
CUST00265,3,2025-03-16,Churned
CUST00266,2,2025-11-06,Active
CUST00267,4,2025-12-23,Active
CUST00268,1,2024-07-25,Churned
CUST00269,2,2025-07-08,Churned
CUST00270,6,2025-09-16,Churned
CUST00271,3,2024-10-03,Churned
CUST00272,3,2024-12-26,Churned
CUST00273,3,2025-03-14,Churned
CUST00274,7,2025-09-18,Churned
CUST00275,4,2025-12-28,Active
CUST00276,7,2025-03-29,Churned
CUST00277,5,2025-10-23,Active
CUST00278,7,2025-07-22,Churned
CUST00279,6,2025-11-26,Active
CUST00280,5,2025-12-25,Active
CUST00281,2,2025-09-04,Churned
CUST00282,5,2025-12-30,Active
CUST00283,10,2025-10-12,Active
CUST00284,3,2025-11-03,Active
CUST00285,0,,Active
CUST00286,8,2025-11-12,Active
CUST00287,3,2025-08-02,Churned
CUST00288,2,2025-05-21,Churned
CUST00289,3,2025-12-28,Active
CUST00290,5,2025-09-12,Churned
CUST00291,4,2025-12-25,Active
CUST00292,4,2025-11-16,Active
CUST00293,3,2024-07-09,Churned
CUST00294,4,2025-02-11,Churned
CUST00295,3,2025-06-26,Churned
CUST00296,3,2025-08-31,Churned
CUST00297,5,2025-12-17,Active
CUST00298,7,2025-10-03,Active
CUST00299,2,2025-05-18,Churned
CUST00300,6,2025-09-20,Churned
CUST00301,3,2025-04-30,Churned
CUST00302,3,2025-04-22,Churned
CUST00303,5,2025-09-19,Churned
CUST00304,7,2025-08-02,Churned
CUST00305,3,2025-12-01,Active
CUST00306,7,2025-09-16,Churned
CUST00307,5,2025-09-30,Churned
CUST00308,9,2025-09-15,Churned
CUST00309,5,2025-12-28,Active
CUST00310,6,2025-09-24,Churned
CUST00311,2,2025-06-30,Churned
CUST00312,2,2024-08-05,Churned
CUST00313,2,2025-03-07,Churned
CUST00314,3,2024-12-25,Churned
CUST00315,4,2025-12-31,Active
CUST00316,11,2025-11-04,Active
CUST00317,6,2025-10-17,Active
CUST00318,7,2025-08-19,Churned
CUST00319,3,2025-03-23,Churned
CUST00320,4,2025-10-25,Active
CUST00321,2,2024-11-23,Churned
CUST00322,6,2025-09-15,Churned
CUST00323,6,2025-08-27,Churned
CUST00324,7,2025-12-31,Active
CUST00325,8,2025-06-27,Churned
CUST00326,4,2025-11-09,Active
CUST00327,7,2025-11-26,Active
CUST00328,5,2025-06-20,Churned
CUST00329,6,2025-12-16,Active
CUST00330,7,2025-12-27,Active
CUST00331,6,2025-06-12,Churned
CUST00332,6,2025-08-17,Churned
CUST00333,2,2025-12-16,Active
CUST00334,4,2025-10-01,Churned
CUST00335,4,2025-12-10,Active
CUST00336,3,2025-12-11,Active
CUST00337,4,2025-08-09,Churned
CUST00338,5,2025-02-20,Churned
CUST00339,3,2025-11-27,Active
CUST00340,5,2025-12-29,Active
CUST00341,7,2025-05-28,Churned
CUST00342,6,2025-01-15,Churned
CUST00343,7,2025-06-16,Churned
CUST00344,4,2025-12-31,Active
CUST00345,6,2025-11-17,Active
CUST00346,6,2025-06-22,Churned
CUST00347,4,2025-09-19,Churned
CUST00348,7,2025-12-10,Active
CUST00349,7,2025-12-13,Active
CUST00350,5,2025-05-19,Churned
CUST00351,9,2025-10-04,Active
CUST00352,6,2025-08-12,Churned
CUST00353,10,2025-09-16,Churned
CUST00354,2,2025-09-21,Churned
CUST00355,8,2025-11-18,Active
CUST00356,4,2025-08-24,Churned
CUST00357,6,2025-12-15,Active
CUST00358,5,2025-12-24,Active
CUST00359,4,2025-03-13,Churned
CUST00360,5,2025-11-09,Active
CUST00361,5,2025-12-01,Active
CUST00362,6,2025-04-03,Churned
CUST00363,2,2025-12-20,Active
CUST00364,1,2025-02-19,Churned
CUST00365,6,2025-10-13,Active
CUST00366,2,2024-04-19,Churned
CUST00367,8,2025-12-24,Active
CUST00368,5,2025-07-24,Churned
CUST00369,8,2025-12-25,Active
CUST00370,5,2025-08-25,Churned
CUST00371,7,2025-07-28,Churned
CUST00372,4,2025-03-30,Churned
CUST00373,9,2025-12-27,Active
CUST00374,5,2025-06-12,Churned
CUST00375,2,2025-12-23,Active
CUST00376,2,2025-11-14,Active
CUST00377,5,2025-11-11,Active
CUST00378,6,2025-12-16,Active
CUST00379,5,2024-11-21,Churned
CUST00380,4,2025-12-16,Active
CUST00381,7,2025-11-08,Active
CUST00382,9,2025-12-30,Active
CUST00383,3,2025-10-18,Active
CUST00384,5,2025-12-17,Active
CUST00385,5,2025-08-29,Churned
CUST00386,6,2025-12-24,Active
CUST00387,3,2025-05-14,Churned
CUST00388,6,2025-05-15,Churned
CUST00389,7,2025-11-19,Active
CUST00390,6,2025-10-19,Active
CUST00391,3,2025-09-13,Churned
CUST00392,0,,Active
CUST00393,3,2025-04-29,Churned
CUST00394,6,2025-12-31,Active
CUST00395,5,2025-06-10,Churned
CUST00396,6,2025-05-13,Churned
CUST00397,4,2025-01-18,Churned
CUST00398,2,2024-06-25,Churned
CUST00399,5,2025-05-28,Churned
CUST00400,6,2025-09-13,Churned
CUST00401,2,2025-12-20,Active
CUST00402,4,2025-12-28,Active
CUST00403,4,2025-11-27,Active
CUST00404,5,2025-12-05,Active
CUST00405,6,2025-12-19,Active
CUST00406,8,2025-10-12,Active
CUST00407,3,2025-04-14,Churned
CUST00408,5,2025-12-25,Active
CUST00409,6,2025-10-25,Active
CUST00410,8,2025-11-20,Active
CUST00411,3,2025-07-16,Churned
CUST00412,2,2025-11-14,Active
CUST00413,6,2025-07-23,Churned
CUST00414,5,2025-11-28,Active
CUST00415,6,2025-09-25,Churned
CUST00416,6,2025-09-14,Churned
CUST00417,6,2025-10-03,Active
CUST00418,4,2025-03-18,Churned
CUST00419,3,2025-04-12,Churned
CUST00420,4,2025-04-04,Churned
CUST00421,4,2025-08-30,Churned
CUST00422,7,2025-09-10,Churned
CUST00423,9,2025-05-15,Churned
CUST00424,6,2025-12-20,Active
CUST00425,3,2025-02-14,Churned
CUST00426,5,2024-12-18,Churned
CUST00427,8,2025-12-09,Active
CUST00428,10,2025-11-09,Active
CUST00429,3,2025-09-26,Churned
CUST00430,4,2025-04-25,Churned
CUST00431,3,2024-11-12,Churned
CUST00432,4,2025-07-27,Churned
CUST00433,2,2025-03-15,Churned
CUST00434,6,2025-10-14,Active
CUST00435,4,2025-09-20,Churned
CUST00436,4,2025-03-04,Churned
CUST00437,4,2025-06-27,Churned
CUST00438,4,2025-09-19,Churned
CUST00439,2,2025-04-16,Churned
CUST00440,6,2025-11-20,Active
CUST00441,7,2025-07-10,Churned
CUST00442,9,2025-12-15,Active
CUST00443,3,2025-03-31,Churned
CUST00444,5,2025-09-01,Churned
CUST00445,5,2025-06-27,Churned
CUST00446,2,2025-12-30,Active
CUST00447,3,2025-03-11,Churned
CUST00448,10,2025-12-21,Active
CUST00449,4,2025-07-11,Churned
CUST00450,5,2025-12-23,Active
CUST00451,6,2025-06-15,Churned
CUST00452,4,2025-11-12,Active
CUST00453,5,2025-06-11,Churned
CUST00454,9,2025-09-26,Churned
CUST00455,3,2025-04-07,Churned
CUST00456,6,2025-11-28,Active
CUST00457,7,2025-06-01,Churned
CUST00458,9,2025-12-09,Active
CUST00459,3,2025-12-15,Active
CUST00460,4,2025-04-18,Churned
CUST00461,2,2025-03-10,Churned
CUST00462,6,2025-03-04,Churned
CUST00463,2,2025-01-29,Churned
CUST00464,5,2025-07-20,Churned
CUST00465,8,2025-12-24,Active
CUST00466,3,2025-12-27,Active
CUST00467,4,2025-10-14,Active
CUST00468,4,2025-08-15,Churned
CUST00469,5,2025-05-28,Churned
CUST00470,6,2025-02-11,Churned
CUST00471,6,2025-11-03,Active
CUST00472,5,2025-05-30,Churned
CUST00473,4,2025-12-01,Active
CUST00474,3,2025-06-10,Churned
CUST00475,5,2025-11-24,Active
CUST00476,7,2025-11-25,Active
CUST00477,4,2025-02-06,Churned
CUST00478,4,2025-10-04,Active
CUST00479,7,2025-09-12,Churned
CUST00480,7,2025-03-31,Churned
CUST00481,1,2024-07-02,Churned
CUST00482,1,2025-11-29,Active
CUST00483,6,2025-11-10,Active
CUST00484,3,2025-11-30,Active
CUST00485,1,2025-06-23,Churned
CUST00486,9,2025-08-31,Churned
CUST00487,6,2025-05-30,Churned
CUST00488,9,2025-10-14,Active
CUST00489,7,2025-10-22,Active
CUST00490,4,2024-12-20,Churned
CUST00491,9,2025-12-08,Active
CUST00492,1,2024-03-14,Churned
CUST00493,3,2025-10-20,Active
CUST00494,8,2025-12-26,Active
CUST00495,4,2025-06-18,Churned
CUST00496,6,2025-05-07,Churned
CUST00497,4,2025-08-27,Churned
CUST00498,2,2025-05-15,Churned
CUST00499,5,2025-11-09,Active
CUST00500,6,2025-12-11,Active
CUST00501,5,2025-12-30,Active
CUST00502,8,2025-09-26,Churned
CUST00503,6,2025-10-21,Active
CUST00504,3,2025-08-26,Churned
CUST00505,5,2025-11-29,Active
CUST00506,6,2025-11-07,Active
CUST00507,3,2024-12-16,Churned
CUST00508,11,2025-08-28,Churned
CUST00509,4,2025-10-22,Active
CUST00510,10,2025-12-19,Active
CUST00511,8,2025-08-02,Churned
CUST00512,4,2025-04-19,Churned
CUST00513,2,2024-07-29,Churned
CUST00514,1,2024-04-21,Churned
CUST00515,7,2025-08-19,Churned
CUST00516,9,2025-12-29,Active
CUST00517,5,2025-11-04,Active
CUST00518,5,2025-12-23,Active
CUST00519,8,2025-07-06,Churned
CUST00520,2,2025-08-09,Churned
CUST00521,6,2025-12-28,Active
CUST00522,3,2025-09-21,Churned
CUST00523,7,2025-04-15,Churned
CUST00524,6,2025-12-16,Active
CUST00525,3,2025-10-27,Active
CUST00526,2,2025-12-25,Active
CUST00527,4,2025-11-09,Active
CUST00528,6,2025-11-07,Active
CUST00529,6,2025-08-25,Churned
CUST00530,8,2025-12-12,Active
CUST00531,5,2025-12-15,Active
CUST00532,5,2025-03-28,Churned
CUST00533,3,2025-01-14,Churned
CUST00534,4,2025-11-04,Active
CUST00535,4,2025-02-24,Churned
CUST00536,6,2025-12-08,Active
CUST00537,6,2025-12-08,Active
CUST00538,7,2025-07-18,Churned
CUST00539,5,2025-09-16,Churned
CUST00540,9,2025-10-29,Active
CUST00541,6,2025-09-23,Churned
CUST00542,4,2025-12-18,Active
CUST00543,5,2025-07-11,Churned
CUST00544,6,2025-05-25,Churned
CUST00545,5,2025-10-23,Active
CUST00546,10,2025-12-06,Active
CUST00547,7,2025-12-31,Active
CUST00548,2,2025-05-24,Churned
CUST00549,1,2024-09-04,Churned
CUST00550,5,2025-09-22,Churned
CUST00551,11,2025-08-04,Churned
CUST00552,5,2025-08-13,Churned
CUST00553,2,2024-06-27,Churned
CUST00554,1,2025-03-23,Churned
CUST00555,8,2025-10-30,Active
CUST00556,5,2025-12-27,Active
CUST00557,3,2025-03-13,Churned
CUST00558,4,2025-04-12,Churned
CUST00559,6,2025-12-14,Active
CUST00560,10,2025-01-28,Churned
CUST00561,5,2025-07-01,Churned
CUST00562,3,2025-11-06,Active
CUST00563,4,2025-07-12,Churned
CUST00564,8,2025-12-22,Active
CUST00565,3,2025-08-01,Churned
CUST00566,5,2025-10-28,Active
CUST00567,2,2025-12-01,Active
CUST00568,5,2025-12-04,Active
CUST00569,0,,Active
CUST00570,5,2025-08-22,Churned
CUST00571,7,2025-11-30,Active
CUST00572,6,2025-02-19,Churned
CUST00573,5,2024-11-06,Churned
CUST00574,6,2025-10-17,Active
CUST00575,8,2025-12-16,Active
CUST00576,6,2025-03-06,Churned
CUST00577,2,2025-08-27,Churned
CUST00578,7,2025-12-23,Active
CUST00579,5,2025-12-23,Active
CUST00580,2,2024-10-31,Churned
CUST00581,9,2025-12-01,Active
CUST00582,10,2025-08-23,Churned
CUST00583,3,2024-11-18,Churned
CUST00584,3,2025-12-16,Active
CUST00585,6,2025-12-16,Active
CUST00586,7,2025-11-15,Active
CUST00587,6,2025-10-30,Active
CUST00588,8,2025-11-22,Active
CUST00589,5,2025-05-30,Churned
CUST00590,4,2025-11-29,Active
CUST00591,2,2025-04-24,Churned
CUST00592,7,2025-10-15,Active
CUST00593,4,2025-01-19,Churned
CUST00594,5,2025-07-27,Churned
CUST00595,3,2025-05-19,Churned
CUST00596,5,2025-12-31,Active
CUST00597,6,2025-10-22,Active
CUST00598,5,2025-12-10,Active
CUST00599,5,2025-11-24,Active
CUST00600,5,2025-06-25,Churned
CUST00601,6,2025-04-20,Churned
CUST00602,8,2025-12-01,Active
CUST00603,2,2024-11-13,Churned
CUST00604,4,2025-02-13,Churned
CUST00605,3,2025-12-12,Active
CUST00606,4,2024-12-27,Churned
CUST00607,4,2025-07-14,Churned
CUST00608,4,2025-09-20,Churned
CUST00609,4,2025-07-14,Churned
CUST00610,2,2025-07-18,Churned
CUST00611,11,2025-10-22,Active
CUST00612,4,2025-03-02,Churned
CUST00613,5,2025-06-13,Churned
CUST00614,3,2025-11-20,Active
CUST00615,3,2025-05-18,Churned
CUST00616,6,2025-08-07,Churned
CUST00617,2,2024-07-27,Churned
CUST00618,6,2025-11-02,Active
CUST00619,10,2025-11-02,Active
CUST00620,2,2025-05-10,Churned
CUST00621,3,2025-12-30,Active
CUST00622,4,2025-05-31,Churned
CUST00623,1,2024-03-22,Churned
CUST00624,6,2025-09-15,Churned
CUST00625,4,2024-12-22,Churned
CUST00626,4,2025-06-27,Churned
CUST00627,5,2025-12-18,Active
CUST00628,9,2025-10-11,Active
CUST00629,5,2025-12-15,Active
CUST00630,8,2025-08-17,Churned
CUST00631,6,2025-10-26,Active
CUST00632,6,2024-12-12,Churned
CUST00633,7,2025-10-10,Active
CUST00634,4,2025-03-22,Churned
CUST00635,1,2025-11-28,Active
CUST00636,3,2025-10-17,Active
CUST00637,5,2025-04-28,Churned
CUST00638,7,2025-12-19,Active
CUST00639,4,2025-11-21,Active
CUST00640,6,2025-12-30,Active
CUST00641,4,2025-06-27,Churned
CUST00642,5,2025-09-05,Churned
CUST00643,5,2025-02-04,Churned
CUST00644,5,2025-09-11,Churned
CUST00645,4,2025-12-11,Active
CUST00646,8,2025-07-10,Churned
CUST00647,2,2024-12-09,Churned
CUST00648,3,2025-08-16,Churned
CUST00649,2,2024-05-17,Churned
CUST00650,7,2025-11-04,Active
CUST00651,4,2025-07-15,Churned
CUST00652,2,2025-04-06,Churned
CUST00653,5,2025-08-26,Churned
CUST00654,6,2025-12-06,Active
CUST00655,4,2025-05-12,Churned
CUST00656,7,2025-10-08,Active
CUST00657,6,2025-10-23,Active
CUST00658,2,2025-11-03,Active
CUST00659,3,2024-08-06,Churned
CUST00660,3,2025-12-06,Active
CUST00661,7,2025-08-28,Churned
CUST00662,6,2025-12-14,Active
CUST00663,4,2025-08-22,Churned
CUST00664,5,2025-06-07,Churned
CUST00665,5,2025-12-23,Active
CUST00666,0,,Active
CUST00667,6,2025-10-30,Active
CUST00668,4,2025-08-08,Churned
CUST00669,9,2025-08-12,Churned
CUST00670,3,2025-06-22,Churned
CUST00671,7,2025-10-09,Active
CUST00672,3,2025-01-24,Churned
CUST00673,6,2025-11-23,Active
CUST00674,7,2025-07-30,Churned
CUST00675,2,2025-09-14,Churned
CUST00676,3,2025-07-02,Churned
CUST00677,8,2025-09-30,Churned
CUST00678,4,2025-11-13,Active
CUST00679,5,2025-07-18,Churned
CUST00680,7,2025-03-17,Churned
CUST00681,6,2025-04-06,Churned
CUST00682,4,2025-10-12,Active
CUST00683,8,2025-11-11,Active
CUST00684,2,2025-11-10,Active
CUST00685,4,2025-08-18,Churned
CUST00686,9,2025-12-04,Active
CUST00687,3,2025-10-30,Active
CUST00688,4,2025-08-28,Churned
CUST00689,5,2025-12-13,Active
CUST00690,7,2025-12-20,Active
CUST00691,7,2025-11-08,Active
CUST00692,6,2025-06-28,Churned
CUST00693,6,2025-09-07,Churned
CUST00694,4,2025-12-01,Active
CUST00695,6,2025-07-18,Churned
CUST00696,3,2025-11-28,Active
CUST00697,4,2025-10-01,Churned
CUST00698,6,2025-07-27,Churned
CUST00699,6,2025-11-23,Active
CUST00700,1,2024-10-16,Churned
CUST00701,3,2025-05-17,Churned
CUST00702,4,2025-06-18,Churned
CUST00703,7,2025-06-13,Churned
CUST00704,4,2025-05-06,Churned
CUST00705,5,2025-11-07,Active
CUST00706,6,2025-12-26,Active
CUST00707,4,2025-05-27,Churned
CUST00708,4,2025-10-05,Active
CUST00709,3,2025-10-22,Active
CUST00710,6,2025-11-11,Active
CUST00711,7,2025-10-24,Active
CUST00712,7,2025-12-11,Active
CUST00713,5,2025-05-19,Churned
CUST00714,7,2025-11-26,Active
CUST00715,6,2025-09-27,Churned
CUST00716,1,2024-09-03,Churned
CUST00717,6,2025-10-13,Active
CUST00718,6,2025-11-19,Active
CUST00719,2,2025-08-27,Churned
CUST00720,5,2025-07-06,Churned
CUST00721,5,2025-12-12,Active
CUST00722,4,2025-06-16,Churned
CUST00723,4,2025-12-22,Active
CUST00724,4,2025-07-18,Churned
CUST00725,7,2025-11-14,Active
CUST00726,8,2025-12-23,Active
CUST00727,7,2025-04-10,Churned
CUST00728,4,2024-12-18,Churned
CUST00729,7,2025-12-18,Active
CUST00730,1,2025-08-13,Churned
CUST00731,6,2025-03-27,Churned
CUST00732,6,2025-12-03,Active
CUST00733,3,2025-11-17,Active
CUST00734,8,2025-11-02,Active
CUST00735,6,2025-10-15,Active
CUST00736,4,2025-08-22,Churned
CUST00737,2,2024-04-21,Churned
CUST00738,3,2025-08-09,Churned
CUST00739,3,2025-04-10,Churned
CUST00740,5,2025-11-16,Active
CUST00741,2,2025-11-21,Active
CUST00742,7,2025-10-11,Active
CUST00743,5,2025-05-11,Churned
CUST00744,7,2025-11-06,Active
CUST00745,6,2025-11-05,Active
CUST00746,2,2025-01-05,Churned
CUST00747,6,2025-08-04,Churned
CUST00748,5,2025-05-31,Churned
CUST00749,7,2025-10-02,Churned
CUST00750,4,2025-12-28,Active
CUST00751,6,2025-11-11,Active
CUST00752,6,2025-07-22,Churned
CUST00753,5,2025-06-17,Churned
CUST00754,4,2025-07-11,Churned
CUST00755,6,2025-11-28,Active
CUST00756,6,2025-12-25,Active
CUST00757,3,2025-12-01,Active
CUST00758,6,2025-10-02,Churned
CUST00759,3,2025-03-30,Churned
CUST00760,3,2024-08-12,Churned
CUST00761,5,2025-10-03,Active
CUST00762,6,2025-09-28,Churned
CUST00763,6,2025-10-03,Active
CUST00764,5,2025-12-13,Active
CUST00765,7,2025-09-29,Churned
CUST00766,4,2025-10-14,Active
CUST00767,3,2025-10-25,Active
CUST00768,7,2025-10-14,Active
CUST00769,3,2025-07-16,Churned
CUST00770,7,2025-07-24,Churned
CUST00771,7,2025-12-26,Active
CUST00772,7,2025-10-03,Active
CUST00773,4,2025-08-18,Churned
CUST00774,6,2025-12-19,Active
CUST00775,5,2025-12-16,Active
CUST00776,6,2025-12-14,Active
CUST00777,7,2025-12-25,Active
CUST00778,7,2025-11-24,Active
CUST00779,1,2024-05-06,Churned
CUST00780,5,2025-12-09,Active
CUST00781,6,2025-08-09,Churned
CUST00782,3,2025-03-21,Churned
CUST00783,8,2025-07-25,Churned
CUST00784,8,2025-12-27,Active
CUST00785,6,2025-06-11,Churned
CUST00786,5,2025-07-01,Churned
CUST00787,6,2025-06-27,Churned
CUST00788,6,2025-12-08,Active
CUST00789,5,2025-08-30,Churned
CUST00790,2,2025-02-06,Churned
CUST00791,5,2025-12-17,Active
CUST00792,4,2025-11-16,Active
CUST00793,9,2025-08-28,Churned
CUST00794,5,2024-12-26,Churned
CUST00795,5,2025-07-05,Churned
CUST00796,11,2025-10-29,Active
CUST00797,7,2025-10-19,Active
CUST00798,3,2024-11-26,Churned
CUST00799,3,2025-07-31,Churned
CUST00800,3,2025-11-12,Active
CUST00801,2,2025-09-25,Churned
CUST00802,4,2025-08-16,Churned
CUST00803,8,2025-09-13,Churned
CUST00804,8,2025-12-13,Active
CUST00805,8,2025-05-15,Churned
CUST00806,7,2025-07-09,Churned
CUST00807,2,2025-05-26,Churned
CUST00808,5,2025-09-06,Churned
CUST00809,5,2025-12-30,Active
CUST00810,3,2025-10-25,Active
CUST00811,3,2025-12-29,Active
CUST00812,8,2025-12-11,Active
CUST00813,4,2025-07-25,Churned
CUST00814,4,2025-11-26,Active
CUST00815,5,2025-09-18,Churned
CUST00816,4,2025-07-02,Churned
CUST00817,1,2024-12-25,Churned
CUST00818,5,2025-11-25,Active
CUST00819,4,2025-09-25,Churned
CUST00820,2,2025-04-02,Churned
CUST00821,8,2025-11-11,Active
CUST00822,4,2025-08-14,Churned
CUST00823,5,2025-09-30,Churned
CUST00824,6,2025-04-20,Churned
CUST00825,5,2025-12-08,Active
CUST00826,4,2025-01-09,Churned
CUST00827,10,2025-11-03,Active
CUST00828,2,2024-12-08,Churned
CUST00829,4,2025-12-20,Active
CUST00830,7,2025-12-03,Active
CUST00831,2,2025-04-23,Churned
CUST00832,7,2025-05-11,Churned
CUST00833,2,2025-09-24,Churned
CUST00834,4,2025-07-31,Churned
CUST00835,3,2025-09-20,Churned
CUST00836,7,2025-12-07,Active
CUST00837,6,2025-11-21,Active
CUST00838,6,2025-09-16,Churned
CUST00839,4,2025-08-25,Churned
CUST00840,4,2025-12-17,Active
CUST00841,4,2025-10-26,Active
CUST00842,3,2025-09-23,Churned
CUST00843,5,2024-11-25,Churned
CUST00844,4,2025-09-16,Churned
CUST00845,1,2025-07-26,Churned
CUST00846,7,2025-11-14,Active
CUST00847,3,2025-05-11,Churned
CUST00848,4,2025-08-17,Churned
CUST00849,4,2025-10-06,Active
CUST00850,4,2025-09-27,Churned
CUST00851,3,2025-12-17,Active
CUST00852,8,2025-10-21,Active
CUST00853,3,2025-07-13,Churned
CUST00854,3,2025-11-14,Active
CUST00855,4,2025-10-13,Active
CUST00856,3,2025-11-03,Active
CUST00857,2,2024-08-14,Churned
CUST00858,6,2025-12-30,Active
CUST00859,1,2024-06-01,Churned
CUST00860,8,2025-09-20,Churned
CUST00861,5,2025-10-27,Active
CUST00862,6,2025-12-30,Active
CUST00863,4,2025-12-15,Active
CUST00864,6,2025-06-08,Churned
CUST00865,3,2025-07-12,Churned
CUST00866,8,2025-11-29,Active
CUST00867,6,2025-12-27,Active
CUST00868,6,2025-08-23,Churned
CUST00869,6,2025-01-15,Churned
CUST00870,3,2025-11-16,Active
CUST00871,4,2025-11-04,Active
CUST00872,6,2025-12-14,Active
CUST00873,5,2025-05-04,Churned
CUST00874,9,2025-11-16,Active
CUST00875,5,2025-11-10,Active
CUST00876,11,2025-11-12,Active
CUST00877,4,2025-12-09,Active
CUST00878,5,2025-12-29,Active
CUST00879,8,2025-06-29,Churned
CUST00880,6,2025-12-11,Active
CUST00881,7,2025-12-22,Active
CUST00882,7,2025-10-07,Active
CUST00883,5,2025-09-09,Churned
CUST00884,3,2025-08-05,Churned
CUST00885,8,2025-04-14,Churned
CUST00886,7,2025-12-04,Active
CUST00887,8,2025-11-18,Active
CUST00888,2,2024-12-19,Churned
CUST00889,8,2025-11-12,Active
CUST00890,7,2025-09-14,Churned
CUST00891,6,2025-10-09,Active
CUST00892,3,2025-12-21,Active
CUST00893,4,2025-10-26,Active
CUST00894,6,2025-10-23,Active
CUST00895,2,2025-09-01,Churned
CUST00896,8,2025-12-10,Active
CUST00897,10,2025-11-30,Active
CUST00898,3,2025-09-07,Churned
CUST00899,5,2025-12-11,Active
CUST00900,5,2025-12-20,Active
CUST00901,4,2025-09-07,Churned
CUST00902,6,2025-09-15,Churned
CUST00903,2,2025-03-29,Churned
CUST00904,4,2025-12-20,Active
CUST00905,11,2025-10-09,Active
CUST00906,5,2025-09-13,Churned
CUST00907,6,2025-04-26,Churned
CUST00908,11,2025-11-24,Active
CUST00909,1,2024-11-17,Churned
CUST00910,1,2024-06-01,Churned
CUST00911,8,2025-09-25,Churned
CUST00912,1,2024-10-26,Churned
CUST00913,4,2025-07-23,Churned
CUST00914,4,2025-09-06,Churned
CUST00915,5,2025-09-08,Churned
CUST00916,10,2025-08-31,Churned
CUST00917,3,2025-05-25,Churned
CUST00918,4,2025-08-01,Churned
CUST00919,8,2025-10-17,Active
CUST00920,2,2025-07-18,Churned
CUST00921,2,2025-06-14,Churned
CUST00922,4,2025-10-02,Churned
CUST00923,4,2025-12-22,Active
CUST00924,2,2025-07-23,Churned
CUST00925,9,2025-10-25,Active
CUST00926,3,2025-08-10,Churned
CUST00927,7,2025-03-11,Churned
CUST00928,8,2025-09-09,Churned
CUST00929,7,2025-06-23,Churned
CUST00930,4,2025-04-23,Churned
CUST00931,3,2025-11-08,Active
CUST00932,8,2025-12-10,Active
CUST00933,6,2025-11-24,Active
CUST00934,8,2025-10-31,Active
CUST00935,2,2025-09-16,Churned
CUST00936,5,2025-03-14,Churned
CUST00937,7,2025-11-13,Active
CUST00938,3,2025-10-26,Active
CUST00939,2,2025-05-21,Churned
CUST00940,10,2025-11-08,Active
CUST00941,3,2025-01-21,Churned
CUST00942,6,2025-10-14,Active
CUST00943,4,2025-11-15,Active
CUST00944,8,2025-11-03,Active
CUST00945,4,2025-04-24,Churned
CUST00946,2,2024-08-14,Churned
CUST00947,6,2025-12-04,Active
CUST00948,0,,Active
CUST00949,3,2024-09-13,Churned
CUST00950,4,2025-03-02,Churned
CUST00951,2,2025-07-20,Churned
CUST00952,4,2024-11-02,Churned
CUST00953,5,2025-09-07,Churned
CUST00954,5,2025-02-25,Churned
CUST00955,2,2024-06-27,Churned
CUST00956,3,2025-07-07,Churned
CUST00957,9,2025-11-16,Active
CUST00958,6,2025-11-10,Active
CUST00959,9,2025-08-24,Churned
CUST00960,2,2025-11-14,Active
CUST00961,4,2025-10-22,Active
CUST00962,4,2025-04-05,Churned
CUST00963,3,2025-06-14,Churned
CUST00964,7,2025-12-04,Active
CUST00965,2,2025-08-23,Churned
CUST00966,2,2024-10-26,Churned
CUST00967,8,2025-11-25,Active
CUST00968,2,2024-06-04,Churned
CUST00969,4,2025-11-08,Active
CUST00970,2,2024-09-15,Churned
CUST00971,5,2025-09-06,Churned
CUST00972,4,2025-08-21,Churned
CUST00973,6,2025-11-04,Active
CUST00974,6,2025-04-20,Churned
CUST00975,6,2025-09-23,Churned
CUST00976,3,2025-04-08,Churned
CUST00977,6,2025-11-02,Active
CUST00978,6,2025-12-27,Active
CUST00979,1,2025-02-17,Churned
CUST00980,8,2025-09-20,Churned
CUST00981,6,2025-12-21,Active
CUST00982,8,2025-09-04,Churned
CUST00983,5,2025-11-01,Active
CUST00984,5,2025-11-02,Active
CUST00985,3,2025-07-16,Churned
CUST00986,8,2025-11-26,Active
CUST00987,4,2025-11-30,Active
CUST00988,8,2025-11-06,Active
CUST00989,8,2025-12-25,Active
CUST00990,6,2025-10-28,Active
CUST00991,2,2025-01-24,Churned
CUST00992,4,2025-05-26,Churned
CUST00993,6,2025-10-31,Active
CUST00994,4,2025-12-11,Active
CUST00995,9,2025-12-22,Active
CUST00996,3,2025-12-19,Active
CUST00997,1,2024-06-25,Churned
CUST00998,7,2025-11-18,Active
CUST00999,4,2024-09-12,Churned
CUST01000,4,2025-10-21,Active
CUST01001,10,2025-12-13,Active
CUST01002,1,2025-09-18,Churned
CUST01003,8,2025-10-12,Active
CUST01004,5,2025-10-16,Active
CUST01005,6,2025-11-10,Active
CUST01006,4,2025-11-14,Active
CUST01007,6,2025-10-10,Active
CUST01008,4,2025-11-14,Active
CUST01009,6,2025-11-29,Active
CUST01010,9,2025-12-11,Active
CUST01011,3,2025-05-29,Churned
CUST01012,6,2025-10-05,Active
CUST01013,5,2025-07-12,Churned
CUST01014,6,2025-10-17,Active
CUST01015,2,2024-09-16,Churned
CUST01016,7,2025-11-02,Active
CUST01017,8,2025-10-08,Active
CUST01018,5,2025-08-11,Churned
CUST01019,10,2025-12-19,Active
CUST01020,3,2025-12-29,Active
CUST01021,3,2025-12-22,Active
CUST01022,2,2024-10-30,Churned
CUST01023,9,2025-12-31,Active
CUST01024,5,2024-12-19,Churned
CUST01025,6,2025-12-22,Active
CUST01026,4,2025-12-11,Active
CUST01027,9,2025-08-03,Churned
CUST01028,5,2025-05-11,Churned
CUST01029,6,2025-10-04,Active
CUST01030,11,2025-12-21,Active
CUST01031,10,2025-11-22,Active
CUST01032,5,2025-01-30,Churned
CUST01033,0,,Active
CUST01034,9,2025-12-30,Active
CUST01035,7,2025-12-25,Active
CUST01036,6,2025-10-06,Active
CUST01037,4,2025-03-13,Churned
CUST01038,5,2025-12-05,Active
CUST01039,2,2024-05-28,Churned
CUST01040,6,2025-12-27,Active
CUST01041,4,2025-10-08,Active
CUST01042,5,2025-06-15,Churned
CUST01043,4,2025-05-15,Churned
CUST01044,1,2024-03-04,Churned
CUST01045,7,2025-08-12,Churned
CUST01046,3,2025-11-04,Active
CUST01047,4,2025-07-25,Churned
CUST01048,3,2025-11-30,Active
CUST01049,4,2025-10-19,Active
CUST01050,5,2025-09-30,Churned
CUST01051,5,2025-09-09,Churned
CUST01052,3,2025-11-14,Active
CUST01053,5,2025-09-20,Churned
CUST01054,1,2024-05-19,Churned
CUST01055,6,2025-11-03,Active
CUST01056,7,2025-12-16,Active
CUST01057,6,2025-11-07,Active
CUST01058,4,2025-10-28,Active
CUST01059,4,2024-11-22,Churned
CUST01060,5,2025-12-29,Active
CUST01061,5,2025-12-06,Active
CUST01062,2,2025-11-12,Active
CUST01063,4,2025-08-07,Churned
CUST01064,8,2025-08-28,Churned
CUST01065,2,2025-10-06,Active
CUST01066,2,2025-12-31,Active
CUST01067,6,2025-01-15,Churned
CUST01068,5,2025-06-14,Churned
CUST01069,5,2025-02-25,Churned
CUST01070,5,2025-12-19,Active
CUST01071,7,2025-07-21,Churned
CUST01072,5,2025-12-22,Active
CUST01073,11,2025-12-19,Active
CUST01074,6,2025-12-25,Active
CUST01075,4,2025-11-18,Active
CUST01076,5,2025-08-23,Churned
CUST01077,8,2025-10-09,Active
CUST01078,1,2024-07-25,Churned
CUST01079,7,2025-11-15,Active
CUST01080,9,2025-12-25,Active
CUST01081,7,2025-07-05,Churned
CUST01082,11,2025-10-20,Active
CUST01083,8,2025-10-03,Active
CUST01084,7,2025-12-09,Active
CUST01085,3,2024-09-09,Churned
CUST01086,5,2025-08-24,Churned
CUST01087,4,2025-10-17,Active
CUST01088,8,2025-08-04,Churned
CUST01089,2,2025-07-08,Churned
CUST01090,3,2025-08-09,Churned
CUST01091,4,2025-11-09,Active
CUST01092,6,2025-09-28,Churned
CUST01093,4,2025-12-21,Active
CUST01094,4,2025-01-12,Churned
CUST01095,7,2025-09-21,Churned
CUST01096,5,2025-11-02,Active
CUST01097,6,2025-07-30,Churned
CUST01098,6,2025-06-12,Churned
CUST01099,3,2025-06-04,Churned
CUST01100,3,2024-06-28,Churned
CUST01101,7,2025-12-04,Active
CUST01102,2,2024-08-21,Churned
CUST01103,6,2025-08-12,Churned
CUST01104,2,2024-09-20,Churned
CUST01105,4,2025-08-15,Churned
CUST01106,4,2025-10-11,Active
CUST01107,9,2025-12-28,Active
CUST01108,5,2025-01-03,Churned
CUST01109,5,2025-03-19,Churned
CUST01110,8,2025-02-26,Churned
CUST01111,5,2025-07-28,Churned
CUST01112,2,2025-04-22,Churned
CUST01113,5,2025-08-27,Churned
CUST01114,3,2025-09-05,Churned
CUST01115,6,2025-08-27,Churned
CUST01116,7,2025-09-16,Churned
CUST01117,4,2025-06-15,Churned
CUST01118,3,2025-11-10,Active
CUST01119,10,2025-07-16,Churned
CUST01120,6,2025-12-05,Active
CUST01121,5,2025-09-11,Churned
CUST01122,5,2025-01-24,Churned
CUST01123,5,2025-09-30,Churned
CUST01124,3,2025-02-14,Churned
CUST01125,8,2025-09-10,Churned
CUST01126,11,2025-12-07,Active
CUST01127,3,2025-03-25,Churned
CUST01128,3,2024-09-10,Churned
CUST01129,4,2025-03-06,Churned
CUST01130,8,2025-10-23,Active
CUST01131,8,2025-09-05,Churned
CUST01132,9,2025-12-03,Active
CUST01133,6,2025-08-13,Churned
CUST01134,5,2025-08-19,Churned
CUST01135,3,2024-05-16,Churned
CUST01136,3,2025-11-06,Active
CUST01137,6,2025-11-15,Active
CUST01138,5,2025-12-16,Active
CUST01139,4,2025-09-30,Churned
CUST01140,2,2025-08-21,Churned
CUST01141,4,2025-04-30,Churned
CUST01142,6,2025-10-26,Active
CUST01143,4,2025-07-16,Churned
CUST01144,2,2025-10-04,Active
CUST01145,5,2025-12-02,Active
CUST01146,8,2025-11-09,Active
CUST01147,6,2025-12-28,Active
CUST01148,7,2025-12-17,Active
CUST01149,5,2025-08-25,Churned
CUST01150,7,2025-10-22,Active
CUST01151,7,2025-10-12,Active
CUST01152,4,2025-10-01,Churned
CUST01153,4,2025-05-12,Churned
CUST01154,2,2025-11-10,Active
CUST01155,6,2025-11-24,Active
CUST01156,5,2025-07-11,Churned
CUST01157,5,2025-05-09,Churned
CUST01158,7,2025-12-25,Active
CUST01159,4,2025-07-29,Churned
CUST01160,5,2025-09-25,Churned
CUST01161,3,2025-10-22,Active
CUST01162,9,2025-12-01,Active
CUST01163,4,2025-09-08,Churned
CUST01164,8,2025-09-03,Churned
CUST01165,2,2024-07-06,Churned
CUST01166,4,2025-07-26,Churned
CUST01167,4,2025-08-16,Churned
CUST01168,5,2025-12-10,Active
CUST01169,6,2025-07-20,Churned
CUST01170,5,2025-10-10,Active
CUST01171,6,2025-08-06,Churned
CUST01172,2,2025-09-15,Churned
CUST01173,3,2024-06-18,Churned
CUST01174,5,2025-12-24,Active
CUST01175,5,2025-11-11,Active
CUST01176,4,2025-01-17,Churned
CUST01177,5,2025-07-25,Churned
CUST01178,1,2024-02-18,Churned
CUST01179,5,2025-12-12,Active
CUST01180,3,2025-05-30,Churned
CUST01181,5,2025-11-19,Active
CUST01182,3,2025-12-17,Active
CUST01183,4,2025-12-23,Active
CUST01184,6,2025-12-29,Active
CUST01185,6,2025-08-25,Churned
CUST01186,8,2025-08-14,Churned
CUST01187,7,2025-09-28,Churned
CUST01188,5,2025-08-17,Churned
CUST01189,7,2025-11-08,Active
CUST01190,2,2025-03-23,Churned
CUST01191,3,2025-10-22,Active
CUST01192,4,2025-12-22,Active
CUST01193,3,2025-09-07,Churned
CUST01194,3,2024-12-02,Churned
CUST01195,5,2025-08-11,Churned
CUST01196,5,2025-07-27,Churned
CUST01197,5,2025-10-09,Active
CUST01198,7,2025-09-06,Churned
CUST01199,3,2024-07-06,Churned
CUST01200,9,2025-11-12,Active
CUST01201,5,2025-12-25,Active
CUST01202,5,2025-12-21,Active
CUST01203,4,2025-11-16,Active
CUST01204,4,2025-05-16,Churned
CUST01205,8,2025-10-29,Active
CUST01206,4,2025-10-08,Active
CUST01207,2,2024-11-12,Churned
CUST01208,5,2025-05-19,Churned
CUST01209,2,2025-03-19,Churned
CUST01210,3,2025-10-20,Active
CUST01211,7,2025-10-23,Active
CUST01212,5,2025-11-26,Active
CUST01213,7,2025-12-04,Active
CUST01214,4,2025-11-30,Active
CUST01215,7,2025-12-17,Active
CUST01216,10,2025-12-21,Active
CUST01217,2,2025-09-02,Churned
CUST01218,5,2024-10-05,Churned
CUST01219,8,2025-10-30,Active
CUST01220,8,2025-11-28,Active
CUST01221,5,2025-07-31,Churned
CUST01222,4,2025-11-10,Active
CUST01223,2,2025-05-05,Churned
CUST01224,5,2025-11-02,Active
CUST01225,5,2025-05-17,Churned
CUST01226,6,2025-10-16,Active
CUST01227,5,2025-08-09,Churned
CUST01228,6,2025-10-03,Active
CUST01229,6,2025-11-28,Active
CUST01230,0,,Active
CUST01231,1,2025-06-07,Churned
CUST01232,3,2025-01-08,Churned
CUST01233,6,2025-02-24,Churned
CUST01234,7,2025-05-12,Churned
CUST01235,1,2024-09-20,Churned
CUST01236,5,2025-12-14,Active
CUST01237,9,2025-11-11,Active
CUST01238,4,2025-08-03,Churned
CUST01239,8,2025-12-28,Active
CUST01240,3,2025-02-07,Churned
CUST01241,6,2025-11-23,Active
CUST01242,4,2025-02-13,Churned
CUST01243,7,2025-12-12,Active
CUST01244,7,2025-11-10,Active
CUST01245,1,2025-02-24,Churned
CUST01246,9,2025-09-21,Churned
CUST01247,3,2025-11-04,Active
CUST01248,5,2025-04-22,Churned
CUST01249,5,2025-12-02,Active
CUST01250,4,2025-10-07,Active
CUST01251,4,2025-07-14,Churned
CUST01252,4,2025-10-24,Active
CUST01253,2,2025-07-17,Churned
CUST01254,5,2025-11-02,Active
CUST01255,8,2025-11-08,Active
CUST01256,3,2025-11-16,Active
CUST01257,4,2025-11-11,Active
CUST01258,5,2025-08-05,Churned
CUST01259,6,2025-11-20,Active
CUST01260,4,2025-09-14,Churned
CUST01261,3,2025-06-10,Churned
CUST01262,3,2025-01-12,Churned
CUST01263,4,2025-11-13,Active
CUST01264,5,2025-12-06,Active
CUST01265,5,2025-06-25,Churned
CUST01266,7,2025-06-16,Churned
CUST01267,6,2025-12-05,Active
CUST01268,2,2024-12-23,Churned
CUST01269,4,2025-10-15,Active
CUST01270,5,2025-06-13,Churned
CUST01271,3,2025-08-30,Churned
CUST01272,3,2025-12-15,Active
CUST01273,3,2025-04-13,Churned
CUST01274,1,2024-07-05,Churned
CUST01275,4,2025-12-20,Active
CUST01276,2,2025-10-18,Active
CUST01277,6,2025-04-05,Churned
CUST01278,2,2024-11-26,Churned
CUST01279,4,2025-08-03,Churned
CUST01280,5,2025-09-12,Churned
CUST01281,3,2025-08-29,Churned
CUST01282,6,2025-08-20,Churned
CUST01283,4,2025-11-20,Active
CUST01284,4,2025-07-01,Churned
CUST01285,5,2025-10-01,Churned
CUST01286,11,2025-12-27,Active
CUST01287,8,2025-11-15,Active
CUST01288,9,2025-11-20,Active
CUST01289,2,2025-07-11,Churned
CUST01290,6,2025-06-05,Churned
CUST01291,4,2025-09-28,Churned
CUST01292,6,2025-10-02,Churned
CUST01293,6,2025-09-04,Churned
CUST01294,5,2025-07-10,Churned
CUST01295,9,2025-11-28,Active
CUST01296,4,2025-12-20,Active
CUST01297,8,2025-12-04,Active
CUST01298,4,2025-10-14,Active
CUST01299,6,2025-08-14,Churned
CUST01300,8,2025-11-09,Active
CUST01301,1,2025-03-24,Churned
CUST01302,11,2025-11-25,Active
CUST01303,4,2025-11-08,Active
CUST01304,6,2025-12-20,Active
CUST01305,5,2025-06-11,Churned
CUST01306,2,2024-07-12,Churned
CUST01307,6,2025-12-19,Active
CUST01308,1,2025-05-06,Churned
CUST01309,3,2024-05-29,Churned
CUST01310,7,2025-10-05,Active
CUST01311,2,2025-07-25,Churned
CUST01312,8,2025-12-02,Active
CUST01313,7,2025-12-13,Active
CUST01314,2,2025-08-29,Churned
CUST01315,11,2025-10-16,Active
CUST01316,4,2025-12-11,Active
CUST01317,3,2025-11-08,Active
CUST01318,1,2024-07-21,Churned
CUST01319,2,2025-01-19,Churned
CUST01320,4,2025-10-29,Active
CUST01321,1,2025-11-10,Active
CUST01322,2,2025-08-03,Churned
CUST01323,4,2025-04-29,Churned
CUST01324,7,2025-08-25,Churned
CUST01325,4,2025-01-26,Churned
CUST01326,4,2025-10-06,Active
CUST01327,8,2025-10-02,Churned
CUST01328,6,2025-11-22,Active
CUST01329,8,2025-11-04,Active
CUST01330,5,2025-12-26,Active
CUST01331,7,2025-12-10,Active
CUST01332,4,2025-06-05,Churned
CUST01333,7,2025-11-28,Active
CUST01334,5,2024-11-30,Churned
CUST01335,4,2025-05-02,Churned
CUST01336,5,2025-07-15,Churned
CUST01337,6,2025-12-23,Active
CUST01338,4,2025-11-05,Active
CUST01339,9,2025-09-23,Churned
CUST01340,7,2025-12-16,Active
CUST01341,10,2025-12-14,Active
CUST01342,9,2025-11-22,Active
CUST01343,3,2025-06-13,Churned
CUST01344,2,2025-01-11,Churned
CUST01345,5,2025-07-05,Churned
CUST01346,4,2025-12-10,Active
CUST01347,6,2025-01-30,Churned
CUST01348,3,2025-06-27,Churned
CUST01349,5,2025-12-02,Active
CUST01350,6,2025-04-18,Churned
CUST01351,7,2025-07-09,Churned
CUST01352,5,2025-11-13,Active
CUST01353,6,2025-07-30,Churned
CUST01354,3,2025-04-15,Churned
CUST01355,5,2025-08-21,Churned
CUST01356,7,2025-12-12,Active
CUST01357,10,2025-10-29,Active
CUST01358,4,2025-12-11,Active
CUST01359,5,2025-08-17,Churned
CUST01360,6,2025-11-30,Active
CUST01361,8,2025-09-06,Churned
CUST01362,8,2025-12-06,Active
CUST01363,3,2025-12-30,Active
CUST01364,5,2025-08-03,Churned
CUST01365,4,2025-07-19,Churned
CUST01366,4,2025-09-25,Churned
CUST01367,6,2025-11-06,Active
CUST01368,4,2025-05-27,Churned
CUST01369,4,2025-12-07,Active
CUST01370,8,2025-11-08,Active
CUST01371,5,2025-12-20,Active
CUST01372,2,2025-12-09,Active
CUST01373,5,2025-02-04,Churned
CUST01374,3,2025-11-03,Active
CUST01375,2,2025-04-20,Churned
CUST01376,4,2025-05-29,Churned
CUST01377,5,2025-08-15,Churned
CUST01378,2,2025-11-23,Active
CUST01379,6,2025-04-09,Churned
CUST01380,5,2025-10-07,Active
CUST01381,3,2025-04-15,Churned
CUST01382,4,2025-11-02,Active
CUST01383,5,2025-05-22,Churned
CUST01384,3,2025-12-30,Active
CUST01385,8,2025-10-22,Active
CUST01386,2,2024-07-09,Churned
CUST01387,5,2025-06-20,Churned
CUST01388,4,2025-08-27,Churned
CUST01389,2,2025-09-13,Churned
CUST01390,6,2025-12-10,Active
CUST01391,7,2025-12-19,Active
CUST01392,7,2025-04-16,Churned
CUST01393,4,2025-10-17,Active
CUST01394,2,2025-08-05,Churned
CUST01395,5,2024-12-16,Churned
CUST01396,7,2025-12-05,Active
CUST01397,5,2025-09-28,Churned
CUST01398,7,2025-10-16,Active
CUST01399,5,2025-12-01,Active
CUST01400,10,2025-08-17,Churned
CUST01401,5,2025-08-29,Churned
CUST01402,1,2024-07-17,Churned
CUST01403,1,2024-08-11,Churned
CUST01404,6,2025-01-02,Churned
CUST01405,4,2025-03-14,Churned
CUST01406,3,2025-12-08,Active
CUST01407,5,2025-08-30,Churned
CUST01408,6,2025-07-19,Churned
CUST01409,3,2025-02-19,Churned
CUST01410,3,2025-04-03,Churned
CUST01411,7,2025-07-04,Churned
CUST01412,3,2024-07-18,Churned
CUST01413,2,2025-09-27,Churned
CUST01414,2,2024-12-11,Churned
CUST01415,1,2025-02-19,Churned
CUST01416,5,2025-02-10,Churned
CUST01417,3,2025-05-31,Churned
CUST01418,6,2025-12-12,Active
CUST01419,4,2025-12-11,Active
CUST01420,4,2025-12-24,Active
CUST01421,10,2025-09-19,Churned
CUST01422,7,2025-12-29,Active
CUST01423,0,,Active
CUST01424,5,2025-10-28,Active
CUST01425,8,2025-06-06,Churned
CUST01426,6,2025-08-19,Churned
CUST01427,8,2025-10-15,Active
CUST01428,4,2025-12-13,Active
CUST01429,6,2025-08-10,Churned
CUST01430,9,2025-09-03,Churned
CUST01431,2,2025-12-01,Active
CUST01432,3,2025-08-07,Churned
CUST01433,4,2025-11-09,Active
CUST01434,2,2024-11-06,Churned
CUST01435,3,2025-11-16,Active
CUST01436,2,2024-11-29,Churned
CUST01437,3,2025-01-17,Churned
CUST01438,8,2025-12-26,Active
CUST01439,3,2025-05-29,Churned
CUST01440,4,2024-11-12,Churned
CUST01441,2,2024-11-30,Churned
CUST01442,4,2025-04-09,Churned
CUST01443,4,2025-09-02,Churned
CUST01444,3,2025-06-25,Churned
CUST01445,6,2025-07-26,Churned
CUST01446,4,2025-06-14,Churned
CUST01447,5,2025-02-28,Churned
CUST01448,3,2025-12-03,Active
CUST01449,5,2025-02-23,Churned
CUST01450,7,2025-09-01,Churned
CUST01451,13,2025-08-18,Churned
CUST01452,6,2025-04-20,Churned
CUST01453,5,2025-07-14,Churned
CUST01454,7,2025-12-11,Active
CUST01455,6,2025-11-08,Active
CUST01456,6,2025-10-16,Active
CUST01457,5,2025-09-16,Churned
CUST01458,5,2025-06-10,Churned
CUST01459,5,2025-10-09,Active
CUST01460,5,2025-10-06,Active
CUST01461,4,2025-06-22,Churned
CUST01462,4,2025-05-30,Churned
CUST01463,3,2025-04-04,Churned
CUST01464,5,2025-11-23,Active
CUST01465,6,2025-11-05,Active
CUST01466,7,2025-11-23,Active
CUST01467,3,2025-10-03,Active
CUST01468,5,2025-04-10,Churned
CUST01469,5,2025-06-17,Churned
CUST01470,4,2025-04-07,Churned
CUST01471,3,2025-08-24,Churned
CUST01472,7,2025-11-07,Active
CUST01473,2,2025-07-08,Churned
CUST01474,2,2025-02-27,Churned
CUST01475,5,2025-11-26,Active
CUST01476,6,2025-11-14,Active
CUST01477,3,2025-09-19,Churned
CUST01478,5,2024-12-13,Churned
CUST01479,3,2025-11-13,Active
CUST01480,4,2025-09-16,Churned
CUST01481,6,2025-10-12,Active
CUST01482,3,2025-10-05,Active
CUST01483,6,2025-12-16,Active
CUST01484,1,2025-09-23,Churned
CUST01485,2,2025-04-23,Churned
CUST01486,11,2025-08-29,Churned
CUST01487,2,2025-11-02,Active
CUST01488,6,2025-10-09,Active
CUST01489,4,2025-04-14,Churned
CUST01490,4,2025-11-13,Active
CUST01491,11,2025-12-01,Active
CUST01492,4,2025-09-09,Churned
CUST01493,1,2024-04-22,Churned
CUST01494,5,2025-12-22,Active
CUST01495,6,2025-06-01,Churned
CUST01496,5,2025-09-28,Churned
CUST01497,7,2025-07-26,Churned
CUST01498,4,2025-05-03,Churned
CUST01499,5,2025-06-01,Churned
CUST01500,7,2025-06-04,Churned
CUST01501,6,2025-09-01,Churned
CUST01502,5,2025-12-27,Active
CUST01503,5,2025-06-14,Churned
CUST01504,4,2025-04-01,Churned
CUST01505,2,2025-03-19,Churned
CUST01506,6,2025-07-21,Churned
CUST01507,3,2025-12-03,Active
CUST01508,6,2025-09-17,Churned
CUST01509,2,2025-11-18,Active
CUST01510,6,2025-10-13,Active
CUST01511,4,2024-10-20,Churned
CUST01512,4,2025-06-03,Churned
CUST01513,7,2025-10-18,Active
CUST01514,3,2025-07-10,Churned
CUST01515,4,2025-06-23,Churned
CUST01516,1,2024-08-03,Churned
CUST01517,7,2025-10-17,Active
CUST01518,7,2025-11-17,Active
CUST01519,9,2025-10-19,Active
CUST01520,3,2025-05-07,Churned
CUST01521,6,2025-04-04,Churned
CUST01522,3,2025-10-27,Active
CUST01523,1,2025-03-31,Churned
CUST01524,6,2025-09-02,Churned
CUST01525,3,2025-02-04,Churned
CUST01526,3,2025-11-25,Active
CUST01527,3,2025-06-20,Churned
CUST01528,7,2025-12-16,Active
CUST01529,4,2025-10-16,Active
CUST01530,7,2025-11-03,Active
CUST01531,7,2025-06-29,Churned
CUST01532,7,2025-06-30,Churned
CUST01533,7,2025-10-05,Active
CUST01534,1,2024-12-30,Churned
CUST01535,8,2025-08-22,Churned
CUST01536,8,2025-08-13,Churned
CUST01537,6,2025-11-15,Active
CUST01538,8,2025-11-30,Active
CUST01539,6,2025-08-16,Churned
CUST01540,11,2025-10-21,Active
CUST01541,6,2025-10-09,Active
CUST01542,2,2024-02-28,Churned
CUST01543,4,2025-12-19,Active
CUST01544,10,2025-10-20,Active
CUST01545,7,2025-12-23,Active
CUST01546,5,2025-06-16,Churned
CUST01547,8,2025-10-19,Active
CUST01548,6,2025-11-29,Active
CUST01549,4,2025-11-18,Active
CUST01550,8,2025-08-28,Churned
CUST01551,11,2025-10-23,Active
CUST01552,5,2025-09-14,Churned
CUST01553,6,2025-09-13,Churned
CUST01554,4,2025-02-24,Churned
CUST01555,3,2024-11-27,Churned
CUST01556,4,2025-12-13,Active
CUST01557,7,2025-10-14,Active
CUST01558,2,2025-10-08,Active
CUST01559,5,2025-08-06,Churned
CUST01560,7,2025-11-27,Active
CUST01561,3,2025-11-01,Active
CUST01562,7,2025-07-09,Churned
CUST01563,3,2025-09-17,Churned
CUST01564,4,2025-10-08,Active
CUST01565,5,2025-08-09,Churned
CUST01566,2,2025-06-03,Churned
CUST01567,3,2025-08-01,Churned
CUST01568,2,2025-08-09,Churned
CUST01569,5,2025-07-31,Churned
CUST01570,4,2025-10-15,Active
CUST01571,8,2025-09-22,Churned
CUST01572,5,2025-09-01,Churned
CUST01573,4,2024-10-11,Churned
CUST01574,0,,Active
CUST01575,4,2025-12-15,Active
CUST01576,5,2025-10-24,Active
CUST01577,2,2024-10-11,Churned
CUST01578,9,2025-12-13,Active
CUST01579,5,2025-11-10,Active
CUST01580,0,,Active
CUST01581,3,2025-11-13,Active
CUST01582,10,2025-02-20,Churned
CUST01583,1,2025-09-11,Churned
CUST01584,7,2025-12-06,Active
CUST01585,2,2025-07-08,Churned
CUST01586,5,2025-10-03,Active
CUST01587,4,2025-12-05,Active
CUST01588,6,2025-10-26,Active
CUST01589,4,2025-09-13,Churned
CUST01590,3,2025-12-02,Active
CUST01591,5,2025-10-28,Active
CUST01592,9,2025-10-06,Active
CUST01593,2,2025-08-04,Churned
CUST01594,8,2025-12-20,Active
CUST01595,3,2025-06-03,Churned
CUST01596,2,2025-12-10,Active
CUST01597,2,2025-06-19,Churned
CUST01598,3,2025-10-12,Active
CUST01599,2,2024-09-08,Churned
CUST01600,10,2025-12-16,Active
CUST01601,0,,Active
CUST01602,6,2025-07-06,Churned
CUST01603,6,2025-11-10,Active
CUST01604,4,2025-12-24,Active
CUST01605,3,2025-01-07,Churned
CUST01606,12,2025-11-04,Active
CUST01607,6,2025-12-19,Active
CUST01608,6,2025-11-14,Active
CUST01609,3,2025-12-22,Active
CUST01610,6,2025-06-04,Churned
CUST01611,3,2025-08-07,Churned
CUST01612,6,2025-12-08,Active
CUST01613,5,2025-12-11,Active
CUST01614,5,2024-12-23,Churned
CUST01615,4,2025-09-11,Churned
CUST01616,4,2025-06-23,Churned
CUST01617,2,2025-08-24,Churned
CUST01618,3,2025-04-29,Churned
CUST01619,7,2025-11-13,Active
CUST01620,7,2025-10-15,Active
CUST01621,6,2025-11-21,Active
CUST01622,3,2025-08-26,Churned
CUST01623,3,2024-07-30,Churned
CUST01624,1,2024-05-08,Churned
CUST01625,5,2025-07-29,Churned
CUST01626,9,2025-12-12,Active
CUST01627,4,2025-06-24,Churned
CUST01628,6,2025-11-21,Active
CUST01629,5,2025-07-12,Churned
CUST01630,6,2025-10-13,Active
CUST01631,3,2025-08-21,Churned
CUST01632,4,2024-12-26,Churned
CUST01633,4,2025-11-11,Active
CUST01634,4,2025-04-26,Churned
CUST01635,2,2025-05-02,Churned
CUST01636,7,2025-10-05,Active
CUST01637,7,2025-08-22,Churned
CUST01638,4,2025-04-08,Churned
CUST01639,8,2025-08-30,Churned
CUST01640,3,2025-11-30,Active
CUST01641,5,2025-12-11,Active
CUST01642,0,,Active
CUST01643,2,2024-09-20,Churned
CUST01644,5,2025-12-27,Active
CUST01645,3,2025-08-04,Churned
CUST01646,6,2025-06-07,Churned
CUST01647,4,2025-06-18,Churned
CUST01648,5,2025-10-10,Active
CUST01649,6,2025-12-25,Active
CUST01650,3,2025-03-29,Churned
CUST01651,5,2025-11-11,Active
CUST01652,4,2025-11-29,Active
CUST01653,10,2025-12-14,Active
CUST01654,4,2025-12-31,Active
CUST01655,5,2025-12-23,Active
CUST01656,11,2025-12-25,Active
CUST01657,3,2025-11-07,Active
CUST01658,6,2025-08-27,Churned
CUST01659,4,2025-10-22,Active
CUST01660,5,2025-10-30,Active
CUST01661,1,2025-06-25,Churned
CUST01662,5,2025-11-14,Active
CUST01663,5,2025-03-13,Churned
CUST01664,2,2025-10-11,Active
CUST01665,4,2025-02-28,Churned
CUST01666,6,2025-11-22,Active
CUST01667,1,2024-02-07,Churned
CUST01668,2,2025-03-22,Churned
CUST01669,8,2025-07-19,Churned
CUST01670,6,2025-12-20,Active
CUST01671,3,2025-12-09,Active
CUST01672,6,2025-09-10,Churned
CUST01673,6,2025-12-09,Active
CUST01674,9,2025-11-22,Active
CUST01675,1,2024-08-25,Churned
CUST01676,1,2025-11-25,Active
CUST01677,4,2025-07-16,Churned
CUST01678,6,2025-11-05,Active
CUST01679,5,2025-10-02,Churned
CUST01680,7,2025-01-07,Churned
CUST01681,6,2025-08-24,Churned
CUST01682,6,2025-07-31,Churned
CUST01683,10,2025-10-21,Active
CUST01684,7,2025-12-12,Active
CUST01685,3,2025-06-22,Churned
CUST01686,3,2025-12-31,Active
CUST01687,4,2025-04-11,Churned
CUST01688,3,2025-06-02,Churned
CUST01689,6,2025-12-27,Active
CUST01690,5,2025-01-13,Churned
CUST01691,5,2025-12-17,Active
CUST01692,4,2025-03-18,Churned
CUST01693,3,2025-08-05,Churned
CUST01694,13,2025-10-31,Active
CUST01695,12,2025-03-13,Churned
CUST01696,4,2025-11-19,Active
CUST01697,7,2025-10-17,Active
CUST01698,4,2024-11-26,Churned
CUST01699,3,2025-09-16,Churned
CUST01700,5,2025-12-17,Active
CUST01701,5,2025-12-08,Active
CUST01702,7,2025-11-30,Active
CUST01703,6,2025-12-22,Active
CUST01704,6,2025-12-30,Active
CUST01705,8,2025-10-21,Active
CUST01706,6,2025-06-06,Churned
CUST01707,3,2025-11-25,Active
CUST01708,6,2025-10-03,Active
CUST01709,8,2025-09-17,Churned
CUST01710,3,2025-11-26,Active
CUST01711,4,2025-10-13,Active
CUST01712,7,2025-09-13,Churned
CUST01713,8,2025-06-07,Churned
CUST01714,8,2025-11-24,Active
CUST01715,3,2025-10-16,Active
CUST01716,1,2024-05-13,Churned
CUST01717,4,2025-03-28,Churned
CUST01718,4,2025-05-07,Churned
CUST01719,5,2025-09-07,Churned
CUST01720,4,2025-08-19,Churned
CUST01721,3,2025-12-27,Active
CUST01722,8,2025-09-25,Churned
CUST01723,3,2025-11-13,Active
CUST01724,7,2025-10-23,Active
CUST01725,6,2025-12-30,Active
CUST01726,4,2024-08-18,Churned
CUST01727,5,2025-12-29,Active
CUST01728,6,2025-10-29,Active
CUST01729,5,2025-06-04,Churned
CUST01730,4,2025-11-30,Active
CUST01731,5,2025-07-11,Churned
CUST01732,1,2024-05-09,Churned
CUST01733,7,2025-11-29,Active
CUST01734,3,2025-05-27,Churned
CUST01735,8,2025-10-11,Active
CUST01736,7,2025-06-01,Churned
CUST01737,4,2025-09-04,Churned
CUST01738,4,2025-08-01,Churned
CUST01739,1,2024-02-19,Churned
CUST01740,5,2025-12-30,Active
CUST01741,0,,Active
CUST01742,6,2025-09-17,Churned
CUST01743,3,2025-06-03,Churned
CUST01744,6,2025-12-12,Active
CUST01745,3,2025-08-26,Churned
CUST01746,1,2025-12-17,Active
CUST01747,6,2025-09-14,Churned
CUST01748,1,2024-05-23,Churned
CUST01749,8,2025-06-29,Churned
CUST01750,1,2025-11-22,Active
CUST01751,7,2025-10-27,Active
CUST01752,4,2025-07-06,Churned
CUST01753,4,2025-12-18,Active
CUST01754,6,2025-12-25,Active
CUST01755,9,2025-10-29,Active
CUST01756,7,2025-10-03,Active
CUST01757,5,2025-10-23,Active
CUST01758,6,2025-07-18,Churned
CUST01759,3,2024-12-09,Churned
CUST01760,5,2025-11-12,Active
CUST01761,7,2025-05-17,Churned
CUST01762,7,2025-11-20,Active
CUST01763,3,2024-08-05,Churned
CUST01764,2,2025-09-27,Churned
CUST01765,6,2025-07-29,Churned
CUST01766,8,2025-12-25,Active
CUST01767,5,2025-12-22,Active
CUST01768,4,2025-09-30,Churned
CUST01769,2,2024-07-13,Churned
CUST01770,2,2024-02-27,Churned
CUST01771,6,2025-12-13,Active
CUST01772,3,2025-10-20,Active
CUST01773,2,2025-12-11,Active
CUST01774,2,2025-08-11,Churned
CUST01775,3,2025-09-21,Churned
CUST01776,3,2024-11-12,Churned
CUST01777,4,2025-12-30,Active
CUST01778,4,2025-04-10,Churned
CUST01779,6,2025-05-26,Churned
CUST01780,6,2025-10-11,Active
CUST01781,9,2025-09-20,Churned
CUST01782,8,2025-12-27,Active
CUST01783,1,2024-02-29,Churned
CUST01784,9,2025-12-02,Active
CUST01785,5,2025-02-14,Churned
CUST01786,1,2025-06-14,Churned
CUST01787,4,2025-07-17,Churned
CUST01788,8,2025-12-25,Active
CUST01789,6,2025-03-30,Churned
CUST01790,5,2025-10-29,Active
CUST01791,3,2025-12-29,Active
CUST01792,2,2024-11-20,Churned
CUST01793,3,2025-07-14,Churned
CUST01794,2,2025-03-03,Churned
CUST01795,3,2025-06-28,Churned
CUST01796,5,2025-06-13,Churned
CUST01797,2,2025-08-31,Churned
CUST01798,5,2025-08-14,Churned
CUST01799,6,2025-11-22,Active
CUST01800,5,2025-07-08,Churned
CUST01801,3,2025-12-04,Active
CUST01802,5,2025-05-27,Churned
CUST01803,4,2025-12-15,Active
CUST01804,8,2025-11-07,Active
CUST01805,5,2025-04-03,Churned
CUST01806,6,2025-12-02,Active
CUST01807,5,2025-08-17,Churned
CUST01808,8,2025-07-17,Churned
CUST01809,5,2025-10-23,Active
CUST01810,1,2024-01-08,Churned
CUST01811,5,2025-10-01,Churned
CUST01812,3,2025-12-16,Active
CUST01813,4,2025-02-17,Churned
CUST01814,3,2025-11-17,Active
CUST01815,3,2025-12-27,Active
CUST01816,9,2025-12-30,Active
CUST01817,9,2025-04-21,Churned
CUST01818,10,2025-09-06,Churned
CUST01819,6,2025-10-15,Active
CUST01820,8,2025-10-02,Churned
CUST01821,3,2025-04-08,Churned
CUST01822,8,2025-12-21,Active
CUST01823,3,2025-07-03,Churned
CUST01824,6,2025-12-07,Active
CUST01825,3,2024-07-31,Churned
CUST01826,6,2025-12-24,Active
CUST01827,5,2025-11-07,Active
CUST01828,5,2025-10-20,Active
CUST01829,1,2025-08-03,Churned
CUST01830,10,2025-09-24,Churned
CUST01831,5,2025-12-28,Active
CUST01832,1,2025-12-25,Active
CUST01833,4,2025-09-12,Churned
CUST01834,5,2025-06-21,Churned
CUST01835,3,2025-07-07,Churned
CUST01836,5,2025-06-25,Churned
CUST01837,3,2024-09-17,Churned
CUST01838,3,2025-11-30,Active
CUST01839,8,2025-12-30,Active
CUST01840,6,2025-12-01,Active
CUST01841,5,2025-09-17,Churned
CUST01842,8,2025-10-22,Active
CUST01843,4,2025-08-05,Churned
CUST01844,8,2025-11-14,Active
CUST01845,5,2025-08-06,Churned
CUST01846,4,2025-11-20,Active
CUST01847,1,2024-05-08,Churned
CUST01848,3,2025-10-16,Active
CUST01849,7,2025-10-27,Active
CUST01850,6,2025-10-06,Active
CUST01851,1,2025-08-24,Churned
CUST01852,4,2025-12-21,Active
CUST01853,4,2025-12-21,Active
CUST01854,3,2025-12-26,Active
CUST01855,7,2025-07-10,Churned
CUST01856,4,2025-11-05,Active
CUST01857,2,2025-01-21,Churned
CUST01858,5,2025-11-13,Active
CUST01859,6,2025-11-15,Active
CUST01860,2,2025-08-03,Churned
CUST01861,4,2025-10-16,Active
CUST01862,8,2025-10-03,Active
CUST01863,4,2025-04-25,Churned
CUST01864,1,2024-02-07,Churned
CUST01865,4,2025-10-16,Active
CUST01866,4,2025-10-28,Active
CUST01867,8,2025-10-05,Active
CUST01868,8,2025-09-16,Churned
CUST01869,2,2024-12-06,Churned
CUST01870,10,2025-08-01,Churned
CUST01871,7,2025-12-01,Active
CUST01872,6,2025-12-17,Active
CUST01873,1,2024-09-10,Churned
CUST01874,7,2025-12-02,Active
CUST01875,2,2025-08-18,Churned
CUST01876,9,2025-10-18,Active
CUST01877,8,2025-11-05,Active
CUST01878,4,2025-12-12,Active
CUST01879,7,2025-10-11,Active
CUST01880,9,2025-10-19,Active
CUST01881,1,2025-11-27,Active
CUST01882,3,2025-11-14,Active
CUST01883,7,2025-11-19,Active
CUST01884,2,2024-08-14,Churned
CUST01885,5,2025-07-06,Churned
CUST01886,7,2025-12-09,Active
CUST01887,2,2025-09-06,Churned
CUST01888,1,2025-11-18,Active
CUST01889,7,2025-09-09,Churned
CUST01890,6,2025-09-22,Churned
CUST01891,6,2025-10-26,Active
CUST01892,4,2024-04-16,Churned
CUST01893,5,2025-01-23,Churned
CUST01894,5,2025-12-29,Active
CUST01895,8,2025-10-18,Active
CUST01896,7,2025-11-06,Active
CUST01897,4,2025-07-01,Churned
CUST01898,2,2025-02-10,Churned
CUST01899,4,2025-09-05,Churned
CUST01900,2,2024-09-02,Churned
CUST01901,10,2025-08-02,Churned
CUST01902,10,2025-12-10,Active
CUST01903,6,2025-03-12,Churned
CUST01904,3,2025-01-21,Churned
CUST01905,5,2025-06-09,Churned
CUST01906,6,2025-12-07,Active
CUST01907,0,,Active
CUST01908,2,2025-06-17,Churned
CUST01909,9,2025-11-18,Active
CUST01910,11,2025-11-16,Active
CUST01911,2,2025-07-20,Churned
CUST01912,5,2025-09-05,Churned
CUST01913,7,2025-06-25,Churned
CUST01914,8,2025-07-27,Churned
CUST01915,4,2025-07-19,Churned
CUST01916,3,2025-09-21,Churned
CUST01917,4,2025-11-21,Active
CUST01918,4,2025-11-02,Active
CUST01919,5,2025-12-06,Active
CUST01920,5,2025-12-26,Active
CUST01921,4,2025-08-18,Churned
CUST01922,3,2025-12-31,Active
CUST01923,4,2025-11-02,Active
CUST01924,5,2025-12-31,Active
CUST01925,11,2025-12-11,Active
CUST01926,4,2025-09-24,Churned
CUST01927,4,2025-06-25,Churned
CUST01928,6,2025-12-08,Active
CUST01929,1,2025-02-20,Churned
CUST01930,5,2025-11-06,Active
CUST01931,8,2025-05-01,Churned
CUST01932,3,2024-05-28,Churned
CUST01933,6,2025-11-21,Active
CUST01934,4,2025-08-31,Churned
CUST01935,7,2025-11-08,Active
CUST01936,7,2025-09-06,Churned
CUST01937,1,2024-02-03,Churned
CUST01938,3,2024-08-29,Churned
CUST01939,3,2025-12-26,Active
CUST01940,4,2025-11-30,Active
CUST01941,3,2025-05-25,Churned
CUST01942,6,2025-11-18,Active
CUST01943,7,2025-12-04,Active
CUST01944,5,2025-11-20,Active
CUST01945,4,2025-07-25,Churned
CUST01946,4,2025-12-10,Active
CUST01947,4,2025-12-25,Active
CUST01948,4,2025-10-03,Active
CUST01949,3,2025-09-10,Churned
CUST01950,6,2025-08-09,Churned
CUST01951,5,2025-05-20,Churned
CUST01952,4,2025-09-12,Churned
CUST01953,4,2025-09-27,Churned
CUST01954,17,2025-10-11,Active
CUST01955,2,2025-04-04,Churned
CUST01956,3,2025-04-03,Churned
CUST01957,4,2025-03-02,Churned
CUST01958,6,2024-12-06,Churned
CUST01959,3,2025-12-11,Active
CUST01960,7,2025-12-14,Active
CUST01961,7,2025-12-27,Active
CUST01962,12,2025-12-28,Active
CUST01963,1,2024-06-05,Churned
CUST01964,9,2025-11-18,Active
CUST01965,6,2025-11-24,Active
CUST01966,7,2025-11-06,Active
CUST01967,2,2025-07-02,Churned
CUST01968,8,2025-07-26,Churned
CUST01969,5,2025-12-29,Active
CUST01970,5,2025-12-10,Active
CUST01971,9,2025-12-28,Active
CUST01972,3,2024-08-05,Churned
CUST01973,3,2025-12-23,Active
CUST01974,9,2025-11-11,Active
CUST01975,4,2025-07-29,Churned
CUST01976,5,2025-07-16,Churned
CUST01977,4,2025-07-13,Churned
CUST01978,7,2025-09-08,Churned
CUST01979,7,2025-12-20,Active
CUST01980,3,2025-08-02,Churned
CUST01981,4,2025-10-22,Active
CUST01982,1,2025-08-17,Churned
CUST01983,7,2025-09-23,Churned
CUST01984,8,2025-12-23,Active
CUST01985,2,2024-11-09,Churned
CUST01986,8,2025-10-10,Active
CUST01987,5,2025-08-11,Churned
CUST01988,8,2025-08-15,Churned
CUST01989,4,2025-05-24,Churned
CUST01990,7,2025-08-11,Churned
CUST01991,11,2025-10-08,Active
CUST01992,7,2025-10-28,Active
CUST01993,9,2025-01-22,Churned
CUST01994,5,2025-11-14,Active
CUST01995,4,2025-02-19,Churned
CUST01996,6,2025-09-25,Churned
CUST01997,7,2025-09-18,Churned
CUST01998,9,2025-08-09,Churned
CUST01999,6,2025-09-19,Churned
CUST02000,1,2025-08-20,Churned
CUST02001,4,2025-10-31,Active
CUST02002,6,2025-08-09,Churned
CUST02003,7,2025-11-20,Active
CUST02004,6,2025-10-02,Churned
CUST02005,5,2025-03-27,Churned
CUST02006,4,2024-11-02,Churned
CUST02007,3,2025-12-06,Active
CUST02008,2,2025-06-11,Churned
CUST02009,3,2025-12-16,Active
CUST02010,2,2024-02-22,Churned
CUST02011,3,2025-04-13,Churned
CUST02012,5,2025-11-25,Active
CUST02013,3,2025-09-27,Churned
CUST02014,2,2024-03-29,Churned
CUST02015,3,2025-11-14,Active
CUST02016,5,2025-07-29,Churned
CUST02017,10,2025-12-18,Active
CUST02018,5,2025-12-26,Active
CUST02019,4,2025-09-12,Churned
CUST02020,5,2025-12-30,Active
CUST02021,2,2025-08-07,Churned
CUST02022,7,2025-10-05,Active
CUST02023,5,2025-11-05,Active
CUST02024,10,2025-11-01,Active
CUST02025,3,2025-12-13,Active
CUST02026,4,2025-09-20,Churned
CUST02027,4,2025-08-09,Churned
CUST02028,5,2025-07-17,Churned
CUST02029,8,2025-10-24,Active
CUST02030,2,2025-12-29,Active
CUST02031,8,2025-12-06,Active
CUST02032,5,2025-08-23,Churned
CUST02033,5,2025-02-06,Churned
CUST02034,5,2024-12-20,Churned
CUST02035,8,2025-12-30,Active
CUST02036,3,2025-03-24,Churned
CUST02037,3,2025-12-08,Active
CUST02038,8,2025-12-04,Active
CUST02039,5,2025-07-14,Churned
CUST02040,9,2025-03-26,Churned
CUST02041,5,2025-05-05,Churned
CUST02042,1,2024-02-05,Churned
CUST02043,6,2025-08-12,Churned
CUST02044,5,2025-11-09,Active
CUST02045,5,2025-12-01,Active
CUST02046,7,2024-11-24,Churned
CUST02047,4,2025-10-30,Active
CUST02048,4,2025-03-17,Churned
CUST02049,3,2025-02-02,Churned
CUST02050,3,2025-01-25,Churned
CUST02051,5,2025-11-25,Active
CUST02052,3,2025-08-09,Churned
CUST02053,5,2025-12-18,Active
CUST02054,8,2025-08-13,Churned
CUST02055,8,2025-09-24,Churned
CUST02056,7,2025-12-21,Active
CUST02057,2,2025-10-07,Active
CUST02058,6,2025-11-05,Active
CUST02059,4,2025-09-13,Churned
CUST02060,7,2025-12-09,Active
CUST02061,5,2024-12-02,Churned
CUST02062,7,2025-11-12,Active
CUST02063,5,2025-09-16,Churned
CUST02064,6,2025-09-12,Churned
CUST02065,7,2025-11-16,Active
CUST02066,6,2025-11-13,Active
CUST02067,5,2025-06-10,Churned
CUST02068,5,2025-09-27,Churned
CUST02069,5,2025-12-06,Active
CUST02070,4,2025-12-10,Active
CUST02071,4,2025-10-19,Active
CUST02072,1,2024-02-17,Churned
CUST02073,6,2025-10-13,Active
CUST02074,5,2025-10-08,Active
CUST02075,9,2025-10-22,Active
CUST02076,9,2025-11-20,Active
CUST02077,5,2025-04-29,Churned
CUST02078,3,2025-02-12,Churned
CUST02079,4,2025-11-17,Active
CUST02080,6,2025-11-20,Active
CUST02081,3,2025-12-09,Active
CUST02082,2,2024-11-12,Churned
CUST02083,5,2025-10-28,Active
CUST02084,3,2025-06-14,Churned
CUST02085,7,2025-11-12,Active
CUST02086,2,2025-09-04,Churned
CUST02087,5,2025-10-15,Active
CUST02088,6,2025-11-26,Active
CUST02089,6,2025-12-07,Active
CUST02090,7,2025-10-23,Active
CUST02091,1,2025-02-15,Churned
CUST02092,4,2025-09-20,Churned
CUST02093,6,2025-11-18,Active
CUST02094,4,2025-08-17,Churned
CUST02095,4,2025-09-17,Churned
CUST02096,6,2025-11-25,Active
CUST02097,3,2024-12-17,Churned
CUST02098,4,2025-11-20,Active
CUST02099,4,2025-10-21,Active
CUST02100,13,2025-12-23,Active
CUST02101,6,2025-05-12,Churned
CUST02102,8,2025-12-30,Active
CUST02103,9,2025-08-30,Churned
CUST02104,2,2025-06-26,Churned
CUST02105,4,2025-08-30,Churned
CUST02106,3,2025-10-06,Active
CUST02107,5,2025-10-15,Active
CUST02108,2,2025-03-12,Churned
CUST02109,8,2025-08-03,Churned
CUST02110,5,2025-11-29,Active
CUST02111,6,2025-01-01,Churned
CUST02112,5,2025-07-12,Churned
CUST02113,8,2025-12-04,Active
CUST02114,4,2025-07-02,Churned
CUST02115,6,2025-11-11,Active
CUST02116,3,2025-03-19,Churned
CUST02117,2,2025-10-22,Active
CUST02118,6,2025-06-05,Churned
CUST02119,3,2025-10-20,Active
CUST02120,4,2025-07-13,Churned
CUST02121,6,2025-08-08,Churned
CUST02122,8,2025-12-25,Active
CUST02123,10,2025-06-06,Churned
CUST02124,1,2024-07-25,Churned
CUST02125,4,2025-07-25,Churned
CUST02126,1,2025-11-07,Active
CUST02127,10,2025-11-26,Active
CUST02128,6,2025-03-31,Churned
CUST02129,5,2025-11-23,Active
CUST02130,4,2025-11-06,Active
CUST02131,3,2025-07-10,Churned
CUST02132,10,2025-12-03,Active
CUST02133,7,2025-09-10,Churned
CUST02134,5,2025-11-13,Active
CUST02135,4,2025-06-21,Churned
CUST02136,4,2025-12-07,Active
CUST02137,4,2025-09-11,Churned
CUST02138,8,2025-12-23,Active
CUST02139,4,2025-10-28,Active
CUST02140,5,2025-11-29,Active
CUST02141,7,2025-10-05,Active
CUST02142,7,2025-12-12,Active
CUST02143,6,2025-04-23,Churned
CUST02144,5,2025-12-12,Active
CUST02145,7,2025-07-04,Churned
CUST02146,3,2025-12-08,Active
CUST02147,10,2025-08-08,Churned
CUST02148,5,2025-11-04,Active
CUST02149,5,2025-12-21,Active
CUST02150,6,2025-10-29,Active
CUST02151,1,2025-05-11,Churned
CUST02152,5,2025-11-20,Active
CUST02153,5,2025-03-28,Churned
CUST02154,6,2025-12-03,Active
CUST02155,3,2025-01-13,Churned
CUST02156,6,2025-10-14,Active
CUST02157,7,2025-08-12,Churned
CUST02158,7,2025-11-01,Active
CUST02159,3,2025-08-26,Churned
CUST02160,0,,Active
CUST02161,4,2025-10-18,Active
CUST02162,3,2025-07-31,Churned
CUST02163,3,2025-06-13,Churned
CUST02164,6,2025-11-29,Active
CUST02165,4,2025-09-24,Churned
CUST02166,4,2025-10-18,Active
CUST02167,1,2025-06-22,Churned
CUST02168,6,2025-12-09,Active
CUST02169,5,2025-07-09,Churned
CUST02170,3,2025-01-31,Churned
CUST02171,7,2025-05-30,Churned
CUST02172,11,2025-11-02,Active
CUST02173,4,2025-11-16,Active
CUST02174,5,2025-07-07,Churned
CUST02175,3,2025-06-03,Churned
CUST02176,6,2025-10-19,Active
CUST02177,6,2025-08-25,Churned
CUST02178,4,2025-06-03,Churned
CUST02179,8,2025-12-06,Active
CUST02180,5,2025-09-07,Churned
CUST02181,9,2025-12-11,Active
CUST02182,3,2025-03-24,Churned
CUST02183,6,2025-09-24,Churned
CUST02184,3,2025-02-16,Churned
CUST02185,6,2025-11-30,Active
CUST02186,3,2025-02-21,Churned
CUST02187,7,2025-12-19,Active
CUST02188,7,2025-10-20,Active
CUST02189,6,2025-09-07,Churned
CUST02190,3,2025-07-28,Churned
CUST02191,4,2025-03-26,Churned
CUST02192,5,2025-10-21,Active
CUST02193,5,2025-06-04,Churned
CUST02194,4,2025-05-31,Churned
CUST02195,3,2024-11-25,Churned
CUST02196,1,2024-09-13,Churned
CUST02197,4,2024-12-15,Churned
CUST02198,3,2024-07-07,Churned
CUST02199,7,2025-10-25,Active
CUST02200,1,2025-10-27,Active
CUST02201,8,2025-10-07,Active
CUST02202,8,2025-12-23,Active
CUST02203,6,2025-06-16,Churned
CUST02204,5,2025-06-27,Churned
CUST02205,5,2025-01-10,Churned
CUST02206,4,2025-01-07,Churned
CUST02207,5,2025-10-21,Active
CUST02208,8,2025-11-15,Active
CUST02209,8,2025-11-22,Active
CUST02210,3,2025-07-16,Churned
CUST02211,6,2025-05-24,Churned
CUST02212,6,2025-12-22,Active
CUST02213,6,2024-12-29,Churned
CUST02214,3,2025-12-05,Active
CUST02215,4,2025-12-30,Active
CUST02216,6,2025-10-27,Active
CUST02217,5,2025-10-06,Active
CUST02218,7,2025-09-15,Churned
CUST02219,1,2025-04-23,Churned
CUST02220,6,2025-12-29,Active
CUST02221,11,2025-12-08,Active
CUST02222,9,2025-09-06,Churned
CUST02223,6,2025-12-13,Active
CUST02224,11,2025-10-09,Active
CUST02225,5,2025-08-13,Churned
CUST02226,6,2025-11-11,Active
CUST02227,4,2025-12-18,Active
CUST02228,4,2025-09-14,Churned
CUST02229,4,2025-01-12,Churned
CUST02230,5,2025-12-24,Active
CUST02231,5,2025-09-21,Churned
CUST02232,6,2025-12-14,Active
CUST02233,8,2025-12-23,Active
CUST02234,4,2025-04-25,Churned
CUST02235,9,2025-12-29,Active
CUST02236,8,2025-08-03,Churned
CUST02237,3,2025-04-22,Churned
CUST02238,4,2025-10-14,Active
CUST02239,2,2025-10-14,Active
CUST02240,2,2025-12-16,Active
CUST02241,2,2025-10-06,Active
CUST02242,7,2025-01-23,Churned
CUST02243,6,2025-08-01,Churned
CUST02244,6,2025-11-21,Active
CUST02245,6,2025-12-02,Active
CUST02246,6,2025-09-28,Churned
CUST02247,4,2025-09-25,Churned
CUST02248,2,2024-05-14,Churned
CUST02249,4,2025-12-08,Active
CUST02250,7,2025-12-03,Active
CUST02251,3,2025-12-01,Active
CUST02252,5,2025-06-30,Churned
CUST02253,8,2025-12-02,Active
CUST02254,6,2025-03-30,Churned
CUST02255,10,2025-12-24,Active
CUST02256,6,2025-09-20,Churned
CUST02257,4,2025-04-21,Churned
CUST02258,3,2024-09-13,Churned
CUST02259,5,2025-10-27,Active
CUST02260,7,2025-11-21,Active
CUST02261,4,2025-03-02,Churned
CUST02262,0,,Active
CUST02263,6,2025-08-31,Churned
CUST02264,6,2025-11-09,Active
CUST02265,2,2025-08-21,Churned
CUST02266,4,2025-12-19,Active
CUST02267,2,2024-06-25,Churned
CUST02268,6,2025-06-02,Churned
CUST02269,8,2025-08-16,Churned
CUST02270,6,2025-08-31,Churned
CUST02271,8,2025-11-24,Active
CUST02272,7,2025-08-26,Churned
CUST02273,5,2025-03-28,Churned
CUST02274,5,2025-12-24,Active
CUST02275,7,2025-12-03,Active
CUST02276,7,2025-08-08,Churned
CUST02277,8,2025-09-15,Churned
CUST02278,1,2024-10-04,Churned
CUST02279,3,2025-12-11,Active
CUST02280,3,2025-05-28,Churned
CUST02281,7,2025-12-21,Active
CUST02282,4,2025-05-19,Churned
CUST02283,5,2025-12-29,Active
CUST02284,6,2025-12-29,Active
CUST02285,6,2025-09-30,Churned
CUST02286,1,2025-10-17,Active
CUST02287,4,2025-12-28,Active
CUST02288,1,2024-10-31,Churned
CUST02289,7,2025-09-19,Churned
CUST02290,3,2025-03-20,Churned
CUST02291,7,2025-12-25,Active
CUST02292,3,2025-12-02,Active
CUST02293,6,2025-07-06,Churned
CUST02294,7,2025-06-02,Churned
CUST02295,4,2025-05-16,Churned
CUST02296,5,2025-09-08,Churned
CUST02297,4,2025-07-30,Churned
CUST02298,4,2025-07-29,Churned
CUST02299,6,2025-08-10,Churned
CUST02300,5,2025-09-03,Churned
CUST02301,8,2025-08-27,Churned
CUST02302,7,2025-09-07,Churned
CUST02303,9,2025-11-08,Active
CUST02304,10,2025-12-15,Active
CUST02305,6,2025-11-08,Active
CUST02306,6,2025-12-13,Active
CUST02307,5,2025-09-21,Churned
CUST02308,4,2025-09-14,Churned
CUST02309,3,2025-01-18,Churned
CUST02310,3,2025-12-23,Active
CUST02311,2,2025-01-01,Churned
CUST02312,4,2025-12-21,Active
CUST02313,2,2024-10-03,Churned
CUST02314,8,2025-10-31,Active
CUST02315,4,2025-06-20,Churned
CUST02316,8,2025-08-03,Churned
CUST02317,5,2025-12-01,Active
CUST02318,3,2024-08-24,Churned
CUST02319,3,2025-03-02,Churned
CUST02320,8,2025-12-26,Active
CUST02321,3,2025-07-16,Churned
CUST02322,6,2025-10-02,Churned
CUST02323,9,2025-10-24,Active
CUST02324,4,2025-06-21,Churned
CUST02325,4,2025-05-03,Churned
CUST02326,2,2025-09-01,Churned
CUST02327,5,2025-09-01,Churned
CUST02328,4,2025-10-18,Active
CUST02329,6,2025-10-08,Active
CUST02330,4,2025-11-15,Active
CUST02331,8,2025-10-23,Active
CUST02332,6,2025-12-06,Active
CUST02333,8,2025-06-15,Churned
CUST02334,4,2025-09-29,Churned
CUST02335,3,2025-07-05,Churned
CUST02336,5,2025-09-30,Churned
CUST02337,5,2025-05-13,Churned
CUST02338,2,2025-08-26,Churned
CUST02339,4,2025-10-29,Active
CUST02340,6,2025-11-22,Active
CUST02341,5,2025-10-13,Active
CUST02342,4,2025-03-09,Churned
CUST02343,7,2025-08-07,Churned
CUST02344,4,2025-11-29,Active
CUST02345,9,2025-10-31,Active
CUST02346,2,2025-11-19,Active
CUST02347,5,2025-10-13,Active
CUST02348,4,2025-12-02,Active
CUST02349,3,2025-11-07,Active
CUST02350,9,2025-10-08,Active
CUST02351,3,2025-06-28,Churned
CUST02352,6,2025-12-10,Active
CUST02353,2,2024-04-27,Churned
CUST02354,4,2025-08-01,Churned
CUST02355,4,2025-01-21,Churned
CUST02356,3,2025-11-19,Active
CUST02357,7,2025-12-05,Active
CUST02358,5,2025-02-18,Churned
CUST02359,2,2025-05-31,Churned
CUST02360,2,2024-08-20,Churned
CUST02361,10,2025-10-20,Active
CUST02362,2,2025-05-28,Churned
CUST02363,4,2025-07-27,Churned
CUST02364,4,2025-10-19,Active
CUST02365,9,2025-10-03,Active
CUST02366,8,2025-12-22,Active
CUST02367,4,2025-07-07,Churned
CUST02368,6,2025-09-18,Churned
CUST02369,11,2025-09-02,Churned
CUST02370,3,2025-11-12,Active
CUST02371,2,2025-05-13,Churned
CUST02372,6,2025-11-09,Active
CUST02373,3,2025-02-08,Churned
CUST02374,6,2025-11-03,Active
CUST02375,8,2025-11-16,Active
CUST02376,2,2025-11-09,Active
CUST02377,4,2025-01-29,Churned
CUST02378,5,2025-10-08,Active
CUST02379,3,2025-09-20,Churned
CUST02380,7,2025-10-09,Active
CUST02381,4,2025-09-19,Churned
CUST02382,3,2024-10-02,Churned
CUST02383,3,2025-05-31,Churned
CUST02384,5,2025-10-28,Active
CUST02385,2,2025-12-02,Active
CUST02386,3,2024-09-02,Churned
CUST02387,2,2025-01-01,Churned
CUST02388,6,2025-10-16,Active
CUST02389,6,2025-08-14,Churned
CUST02390,2,2025-05-26,Churned
CUST02391,6,2025-10-17,Active
CUST02392,8,2025-11-08,Active
CUST02393,4,2025-05-23,Churned
CUST02394,3,2025-03-30,Churned
CUST02395,3,2025-12-16,Active
CUST02396,5,2025-06-13,Churned
CUST02397,8,2024-12-13,Churned
CUST02398,6,2025-11-04,Active
CUST02399,5,2025-05-23,Churned
CUST02400,5,2025-07-18,Churned
CUST02401,5,2025-09-19,Churned
CUST02402,4,2025-06-08,Churned
CUST02403,3,2025-04-29,Churned
CUST02404,8,2025-10-19,Active
CUST02405,5,2025-10-02,Churned
CUST02406,4,2025-11-07,Active
CUST02407,1,2024-10-16,Churned
CUST02408,4,2025-11-30,Active
CUST02409,5,2025-11-15,Active
CUST02410,7,2025-11-22,Active
CUST02411,5,2024-12-18,Churned
CUST02412,6,2025-12-31,Active
CUST02413,4,2025-11-04,Active
CUST02414,6,2025-08-24,Churned
CUST02415,4,2025-11-23,Active
CUST02416,4,2025-06-08,Churned
CUST02417,5,2025-05-10,Churned
CUST02418,9,2025-12-28,Active
CUST02419,3,2025-09-10,Churned
CUST02420,4,2025-07-13,Churned
CUST02421,6,2025-09-06,Churned
CUST02422,6,2025-04-16,Churned
CUST02423,10,2025-08-14,Churned
CUST02424,4,2025-08-13,Churned
CUST02425,6,2025-11-07,Active
CUST02426,6,2025-08-27,Churned
CUST02427,9,2025-10-31,Active
CUST02428,5,2025-12-09,Active
CUST02429,7,2025-07-04,Churned
CUST02430,4,2025-10-23,Active
CUST02431,4,2025-08-31,Churned
CUST02432,8,2025-10-12,Active
CUST02433,4,2025-08-18,Churned
CUST02434,5,2025-08-06,Churned
CUST02435,7,2025-09-25,Churned
CUST02436,7,2025-12-14,Active
CUST02437,5,2025-11-05,Active
CUST02438,9,2025-05-03,Churned
CUST02439,2,2025-04-28,Churned
CUST02440,6,2025-04-30,Churned
CUST02441,3,2025-07-22,Churned
CUST02442,5,2025-12-18,Active
CUST02443,9,2025-12-19,Active
CUST02444,5,2025-06-18,Churned
CUST02445,10,2025-08-09,Churned
CUST02446,5,2025-09-29,Churned
CUST02447,6,2025-12-20,Active
CUST02448,5,2025-07-26,Churned
CUST02449,1,2024-04-28,Churned
CUST02450,4,2025-05-01,Churned
CUST02451,9,2025-12-12,Active
CUST02452,2,2025-12-31,Active
CUST02453,5,2025-12-08,Active
CUST02454,3,2025-12-17,Active
CUST02455,5,2025-08-01,Churned
CUST02456,3,2025-10-29,Active
CUST02457,7,2025-10-09,Active
CUST02458,5,2025-06-05,Churned
CUST02459,7,2025-10-18,Active
CUST02460,5,2025-12-29,Active
CUST02461,3,2025-03-15,Churned
CUST02462,4,2025-12-20,Active
CUST02463,5,2024-12-13,Churned
CUST02464,5,2025-11-07,Active
CUST02465,2,2024-06-21,Churned
CUST02466,6,2025-10-29,Active
CUST02467,8,2025-10-16,Active
CUST02468,3,2025-02-13,Churned
CUST02469,6,2025-02-13,Churned
CUST02470,5,2025-07-14,Churned
CUST02471,2,2024-06-01,Churned
CUST02472,2,2024-09-14,Churned
CUST02473,4,2025-07-12,Churned
CUST02474,2,2025-12-13,Active
CUST02475,7,2025-08-26,Churned
CUST02476,6,2025-09-02,Churned
CUST02477,8,2025-12-25,Active
CUST02478,2,2024-11-27,Churned
CUST02479,4,2025-11-11,Active
CUST02480,3,2024-10-11,Churned
CUST02481,7,2025-12-04,Active
CUST02482,2,2025-06-21,Churned
CUST02483,7,2025-12-12,Active
CUST02484,5,2024-12-04,Churned
CUST02485,4,2025-08-09,Churned
CUST02486,2,2025-03-13,Churned
CUST02487,4,2025-08-30,Churned
CUST02488,4,2025-04-16,Churned
CUST02489,10,2025-12-14,Active
CUST02490,6,2025-07-13,Churned
CUST02491,2,2025-08-19,Churned
CUST02492,3,2025-08-11,Churned
CUST02493,6,2025-06-07,Churned
CUST02494,11,2025-10-30,Active
CUST02495,5,2025-12-11,Active
CUST02496,3,2025-08-16,Churned
CUST02497,4,2024-12-21,Churned
CUST02498,2,2025-09-22,Churned
CUST02499,8,2025-10-18,Active
CUST02500,6,2025-08-01,Churned
CUST02501,8,2025-12-26,Active
CUST02502,4,2025-05-03,Churned
CUST02503,3,2025-09-04,Churned
CUST02504,5,2025-08-24,Churned
CUST02505,4,2025-08-23,Churned
CUST02506,9,2025-11-18,Active
CUST02507,8,2025-10-25,Active
CUST02508,6,2025-12-16,Active
CUST02509,4,2025-11-08,Active
CUST02510,7,2025-12-19,Active
CUST02511,8,2025-07-17,Churned
CUST02512,7,2025-10-14,Active
CUST02513,8,2025-11-09,Active
CUST02514,3,2024-11-05,Churned
CUST02515,7,2025-10-13,Active
CUST02516,8,2025-12-18,Active
CUST02517,4,2025-06-13,Churned
CUST02518,5,2024-09-23,Churned
CUST02519,6,2025-07-26,Churned
CUST02520,7,2025-12-02,Active
CUST02521,1,2024-10-04,Churned
CUST02522,7,2025-12-21,Active
CUST02523,5,2025-06-17,Churned
CUST02524,3,2025-02-12,Churned
CUST02525,7,2025-07-27,Churned
CUST02526,3,2025-01-04,Churned
CUST02527,8,2025-05-25,Churned
CUST02528,5,2025-10-22,Active
CUST02529,4,2025-11-17,Active
CUST02530,4,2025-11-16,Active
CUST02531,8,2025-11-20,Active
CUST02532,8,2025-12-16,Active
CUST02533,7,2025-05-16,Churned
CUST02534,4,2025-11-12,Active
CUST02535,5,2025-12-12,Active
CUST02536,4,2025-05-16,Churned
CUST02537,3,2025-01-12,Churned
CUST02538,5,2025-12-08,Active
CUST02539,7,2025-09-17,Churned
CUST02540,5,2025-07-15,Churned
CUST02541,3,2025-10-29,Active
CUST02542,3,2025-10-19,Active
CUST02543,8,2025-11-22,Active
CUST02544,8,2025-12-11,Active
CUST02545,7,2025-11-29,Active
CUST02546,4,2024-11-22,Churned
CUST02547,4,2025-11-10,Active
CUST02548,5,2025-11-25,Active
CUST02549,4,2025-03-20,Churned
CUST02550,4,2025-08-08,Churned
CUST02551,5,2025-08-26,Churned
CUST02552,5,2025-04-03,Churned
CUST02553,8,2025-12-23,Active
CUST02554,7,2025-10-09,Active
CUST02555,8,2025-09-13,Churned
CUST02556,7,2025-11-27,Active
CUST02557,7,2025-12-07,Active
CUST02558,9,2025-07-23,Churned
CUST02559,4,2025-08-19,Churned
CUST02560,2,2025-10-05,Active
CUST02561,4,2025-12-21,Active
CUST02562,7,2025-10-28,Active
CUST02563,7,2025-10-11,Active
CUST02564,2,2024-09-21,Churned
CUST02565,1,2024-08-08,Churned
CUST02566,8,2025-11-13,Active
CUST02567,6,2025-10-17,Active
CUST02568,7,2025-12-04,Active
CUST02569,1,2025-07-26,Churned
CUST02570,4,2025-10-12,Active
CUST02571,4,2025-10-09,Active
CUST02572,6,2025-12-22,Active
CUST02573,6,2025-10-15,Active
CUST02574,5,2025-06-29,Churned
CUST02575,4,2025-06-21,Churned
CUST02576,6,2025-08-21,Churned
CUST02577,3,2025-01-09,Churned
CUST02578,7,2025-10-05,Active
CUST02579,2,2025-05-08,Churned
CUST02580,2,2024-11-28,Churned
CUST02581,2,2025-09-14,Churned
CUST02582,4,2025-03-25,Churned
CUST02583,4,2025-09-21,Churned
CUST02584,9,2025-07-11,Churned
CUST02585,7,2025-09-26,Churned
CUST02586,9,2025-12-18,Active
CUST02587,11,2025-11-25,Active
CUST02588,2,2025-09-20,Churned
CUST02589,2,2025-05-20,Churned
CUST02590,2,2025-06-29,Churned
CUST02591,5,2025-08-06,Churned
CUST02592,7,2025-12-14,Active
CUST02593,5,2025-08-23,Churned
CUST02594,5,2025-08-05,Churned
CUST02595,6,2025-03-21,Churned
CUST02596,4,2025-08-20,Churned
CUST02597,4,2025-10-30,Active
CUST02598,7,2025-09-05,Churned
CUST02599,6,2025-12-02,Active
CUST02600,4,2025-12-31,Active
CUST02601,5,2025-09-25,Churned
CUST02602,3,2025-11-20,Active
CUST02603,3,2025-02-16,Churned
CUST02604,4,2025-06-17,Churned
CUST02605,4,2025-09-08,Churned
CUST02606,7,2025-09-18,Churned
CUST02607,11,2025-12-23,Active
CUST02608,5,2025-11-06,Active
CUST02609,4,2024-12-22,Churned
CUST02610,8,2025-11-20,Active
CUST02611,9,2025-12-14,Active
CUST02612,8,2025-12-18,Active
CUST02613,7,2025-09-14,Churned
CUST02614,2,2024-09-27,Churned
CUST02615,4,2025-05-08,Churned
CUST02616,4,2025-08-25,Churned
CUST02617,4,2025-05-11,Churned
CUST02618,4,2025-12-18,Active
CUST02619,4,2025-12-26,Active
CUST02620,5,2025-12-13,Active
CUST02621,3,2025-06-06,Churned
CUST02622,6,2025-12-12,Active
CUST02623,0,,Active
CUST02624,2,2025-08-24,Churned
CUST02625,5,2025-08-31,Churned
CUST02626,6,2024-12-18,Churned
CUST02627,7,2025-12-30,Active
CUST02628,8,2025-06-15,Churned
CUST02629,3,2025-02-07,Churned
CUST02630,4,2025-10-13,Active
CUST02631,5,2025-07-24,Churned
CUST02632,2,2025-12-07,Active
CUST02633,3,2025-10-14,Active
CUST02634,4,2025-12-12,Active
CUST02635,6,2025-09-05,Churned
CUST02636,6,2025-10-13,Active
CUST02637,4,2025-12-22,Active
CUST02638,5,2025-11-17,Active
CUST02639,4,2025-10-26,Active
CUST02640,6,2025-08-22,Churned
CUST02641,2,2024-09-11,Churned
CUST02642,2,2025-09-22,Churned
CUST02643,9,2025-09-23,Churned
CUST02644,7,2025-08-15,Churned
CUST02645,11,2025-12-19,Active
CUST02646,10,2025-12-15,Active
CUST02647,7,2025-05-03,Churned
CUST02648,7,2025-10-08,Active
CUST02649,5,2025-09-20,Churned
CUST02650,3,2025-10-26,Active
CUST02651,6,2025-12-31,Active
CUST02652,6,2025-12-09,Active
CUST02653,9,2025-09-24,Churned
CUST02654,11,2025-12-06,Active
CUST02655,7,2025-12-11,Active
CUST02656,5,2025-11-21,Active
CUST02657,3,2025-07-06,Churned
CUST02658,3,2025-12-07,Active
CUST02659,7,2025-12-22,Active
CUST02660,9,2025-10-02,Churned
CUST02661,5,2025-12-20,Active
CUST02662,5,2025-04-21,Churned
CUST02663,6,2024-12-22,Churned
CUST02664,4,2025-09-19,Churned
CUST02665,4,2025-01-15,Churned
CUST02666,5,2025-11-30,Active
CUST02667,6,2025-09-30,Churned
CUST02668,5,2025-10-02,Churned
CUST02669,3,2025-06-07,Churned
CUST02670,3,2025-05-27,Churned
CUST02671,5,2025-01-11,Churned
CUST02672,8,2025-09-25,Churned
CUST02673,5,2025-07-25,Churned
CUST02674,2,2025-03-24,Churned
CUST02675,5,2025-08-09,Churned
CUST02676,6,2025-11-15,Active
CUST02677,4,2025-09-09,Churned
CUST02678,3,2025-12-20,Active
CUST02679,4,2024-11-23,Churned
CUST02680,5,2025-11-30,Active
CUST02681,3,2025-07-25,Churned
CUST02682,5,2025-09-21,Churned
CUST02683,3,2025-01-08,Churned
CUST02684,3,2025-04-29,Churned
CUST02685,6,2025-09-17,Churned
CUST02686,3,2025-07-24,Churned
CUST02687,7,2025-12-11,Active
CUST02688,4,2025-10-12,Active
CUST02689,7,2025-10-26,Active
CUST02690,3,2025-10-31,Active
CUST02691,2,2025-03-14,Churned
CUST02692,5,2025-07-31,Churned
CUST02693,4,2025-09-04,Churned
CUST02694,5,2025-08-20,Churned
CUST02695,3,2025-04-16,Churned
CUST02696,3,2025-09-19,Churned
CUST02697,3,2025-11-13,Active
CUST02698,2,2025-12-24,Active
CUST02699,6,2025-12-03,Active
CUST02700,9,2025-10-08,Active
CUST02701,6,2025-11-26,Active
CUST02702,0,,Active
CUST02703,11,2025-12-02,Active
CUST02704,4,2025-11-05,Active
CUST02705,5,2025-12-07,Active
CUST02706,2,2024-10-08,Churned
CUST02707,4,2025-10-27,Active
CUST02708,4,2024-11-22,Churned
CUST02709,5,2025-11-22,Active
CUST02710,11,2025-12-21,Active
CUST02711,4,2025-12-24,Active
CUST02712,5,2025-03-19,Churned
CUST02713,5,2025-04-05,Churned
CUST02714,8,2025-09-28,Churned
CUST02715,4,2025-11-26,Active
CUST02716,9,2025-03-12,Churned
CUST02717,7,2025-08-17,Churned
CUST02718,5,2025-10-20,Active
CUST02719,7,2025-12-07,Active
CUST02720,7,2025-08-03,Churned
CUST02721,8,2025-11-30,Active
CUST02722,6,2025-07-31,Churned
CUST02723,6,2025-12-11,Active
CUST02724,6,2025-11-01,Active
CUST02725,4,2025-07-10,Churned
CUST02726,4,2025-05-26,Churned
CUST02727,9,2025-11-19,Active
CUST02728,3,2025-08-30,Churned
CUST02729,6,2025-09-23,Churned
CUST02730,5,2025-10-14,Active
CUST02731,6,2025-09-16,Churned
CUST02732,8,2025-12-20,Active
CUST02733,2,2025-11-14,Active
CUST02734,3,2025-04-23,Churned
CUST02735,8,2025-12-13,Active
CUST02736,1,2025-03-22,Churned
CUST02737,1,2025-08-30,Churned
CUST02738,6,2025-09-05,Churned
CUST02739,4,2025-10-04,Active
CUST02740,4,2025-09-11,Churned
CUST02741,6,2025-12-29,Active
CUST02742,5,2025-10-27,Active
CUST02743,5,2025-10-23,Active
CUST02744,2,2025-11-06,Active
CUST02745,9,2025-12-04,Active
CUST02746,6,2025-12-19,Active
CUST02747,4,2025-09-08,Churned
CUST02748,3,2025-05-08,Churned
CUST02749,3,2025-11-11,Active
CUST02750,5,2025-01-04,Churned
CUST02751,7,2025-08-17,Churned
CUST02752,4,2025-12-10,Active
CUST02753,7,2025-09-08,Churned
CUST02754,7,2025-11-12,Active
CUST02755,5,2025-08-19,Churned
CUST02756,6,2025-09-21,Churned
CUST02757,3,2025-03-24,Churned
CUST02758,8,2025-09-30,Churned
CUST02759,7,2025-07-06,Churned
CUST02760,5,2025-09-13,Churned
CUST02761,10,2025-11-07,Active
CUST02762,6,2025-11-28,Active
CUST02763,7,2025-10-27,Active
CUST02764,4,2025-10-23,Active
CUST02765,1,2025-09-20,Churned
CUST02766,4,2025-04-21,Churned
CUST02767,8,2025-07-27,Churned
CUST02768,4,2025-07-18,Churned
CUST02769,6,2025-03-16,Churned
CUST02770,5,2025-09-11,Churned
CUST02771,8,2025-12-05,Active
CUST02772,6,2025-06-20,Churned
CUST02773,6,2025-09-09,Churned
CUST02774,3,2025-11-06,Active
CUST02775,4,2025-11-08,Active
CUST02776,8,2025-12-26,Active
CUST02777,3,2025-05-04,Churned
CUST02778,6,2025-12-12,Active
CUST02779,3,2025-03-25,Churned
CUST02780,6,2025-12-02,Active
CUST02781,5,2025-11-11,Active
CUST02782,9,2025-07-15,Churned
CUST02783,4,2025-04-24,Churned
CUST02784,2,2025-05-16,Churned
CUST02785,4,2025-12-06,Active
CUST02786,7,2025-12-12,Active
CUST02787,5,2025-11-21,Active
CUST02788,4,2025-09-26,Churned
CUST02789,5,2025-11-15,Active
CUST02790,6,2025-12-05,Active
CUST02791,5,2025-09-09,Churned
CUST02792,8,2025-11-17,Active
CUST02793,4,2025-07-27,Churned
CUST02794,4,2025-12-10,Active
CUST02795,5,2025-03-19,Churned
CUST02796,10,2025-12-01,Active
CUST02797,6,2025-08-07,Churned
CUST02798,5,2025-09-27,Churned
CUST02799,8,2025-10-24,Active
CUST02800,2,2025-03-24,Churned
CUST02801,8,2025-06-29,Churned
CUST02802,5,2025-11-24,Active
CUST02803,7,2025-10-12,Active
CUST02804,4,2025-12-21,Active
CUST02805,4,2025-04-20,Churned
CUST02806,3,2025-11-03,Active
CUST02807,3,2025-07-14,Churned
CUST02808,2,2025-11-13,Active
CUST02809,6,2025-11-26,Active
CUST02810,5,2025-12-04,Active
CUST02811,5,2025-12-19,Active
CUST02812,3,2025-10-03,Active
CUST02813,6,2025-12-04,Active
CUST02814,6,2025-11-09,Active
CUST02815,2,2025-12-28,Active
CUST02816,4,2025-10-28,Active
CUST02817,8,2025-12-19,Active
CUST02818,3,2025-10-26,Active
CUST02819,2,2025-10-17,Active
CUST02820,3,2025-09-19,Churned
CUST02821,7,2025-10-11,Active
CUST02822,6,2025-08-26,Churned
CUST02823,2,2025-11-02,Active
CUST02824,5,2025-07-13,Churned
CUST02825,2,2025-05-16,Churned
CUST02826,5,2025-11-25,Active
CUST02827,9,2025-04-12,Churned
CUST02828,6,2025-11-13,Active
CUST02829,3,2025-01-16,Churned
CUST02830,3,2025-06-11,Churned
CUST02831,3,2025-08-25,Churned
CUST02832,8,2025-06-13,Churned
CUST02833,7,2025-11-25,Active
CUST02834,6,2025-12-15,Active
CUST02835,1,2024-01-31,Churned
CUST02836,4,2025-11-30,Active
CUST02837,3,2025-05-15,Churned
CUST02838,5,2025-12-01,Active
CUST02839,7,2025-09-23,Churned
CUST02840,6,2025-11-18,Active
CUST02841,2,2025-01-03,Churned
CUST02842,3,2025-12-01,Active
CUST02843,1,2024-12-12,Churned
CUST02844,9,2025-08-25,Churned
CUST02845,7,2025-11-12,Active
CUST02846,8,2025-10-05,Active
CUST02847,5,2025-10-16,Active
CUST02848,7,2025-10-25,Active
CUST02849,7,2025-12-04,Active
CUST02850,1,2024-04-18,Churned
CUST02851,6,2025-10-07,Active
CUST02852,6,2025-12-22,Active
CUST02853,6,2025-10-14,Active
CUST02854,1,2024-07-25,Churned
CUST02855,3,2025-07-01,Churned
CUST02856,8,2025-10-22,Active
CUST02857,8,2025-12-16,Active
CUST02858,5,2025-09-26,Churned
CUST02859,3,2025-12-19,Active
CUST02860,9,2025-10-29,Active
CUST02861,3,2025-11-27,Active
CUST02862,2,2025-10-25,Active
CUST02863,3,2025-09-25,Churned
CUST02864,4,2025-08-10,Churned
CUST02865,9,2025-05-09,Churned
CUST02866,5,2025-04-20,Churned
CUST02867,5,2025-10-06,Active
CUST02868,2,2025-03-24,Churned
CUST02869,7,2025-12-14,Active
CUST02870,4,2025-03-03,Churned
CUST02871,1,2025-12-02,Active
CUST02872,7,2025-09-14,Churned
CUST02873,4,2025-04-18,Churned
CUST02874,4,2025-12-18,Active
CUST02875,7,2025-12-22,Active
CUST02876,5,2025-10-19,Active
CUST02877,5,2025-07-23,Churned
CUST02878,5,2025-09-19,Churned
CUST02879,2,2025-03-31,Churned
CUST02880,5,2025-11-11,Active
CUST02881,6,2025-09-22,Churned
CUST02882,5,2025-12-13,Active
CUST02883,4,2025-12-04,Active
CUST02884,5,2025-12-29,Active
CUST02885,5,2025-12-23,Active
CUST02886,8,2025-12-14,Active
CUST02887,8,2025-12-30,Active
CUST02888,6,2025-02-07,Churned
CUST02889,2,2025-05-19,Churned
CUST02890,5,2025-08-12,Churned
CUST02891,4,2025-06-30,Churned
CUST02892,9,2025-12-20,Active
CUST02893,10,2025-12-07,Active
CUST02894,3,2025-05-24,Churned
CUST02895,6,2025-09-30,Churned
CUST02896,3,2024-10-06,Churned
CUST02897,6,2024-10-20,Churned
CUST02898,4,2025-08-18,Churned
CUST02899,6,2025-07-28,Churned
CUST02900,5,2025-08-14,Churned
CUST02901,6,2025-09-02,Churned
CUST02902,4,2025-10-14,Active
CUST02903,7,2025-12-21,Active
CUST02904,2,2024-12-03,Churned
CUST02905,3,2025-09-15,Churned
CUST02906,6,2025-07-19,Churned
CUST02907,6,2025-11-09,Active
CUST02908,5,2025-09-15,Churned
CUST02909,4,2025-07-07,Churned
CUST02910,3,2025-06-22,Churned
CUST02911,6,2025-11-02,Active
CUST02912,4,2025-02-25,Churned
CUST02913,4,2025-12-24,Active
CUST02914,5,2025-11-30,Active
CUST02915,6,2025-12-31,Active
CUST02916,1,2025-11-03,Active
CUST02917,5,2025-06-26,Churned
CUST02918,3,2025-09-03,Churned
CUST02919,7,2025-11-08,Active
CUST02920,10,2025-12-18,Active
CUST02921,7,2025-11-02,Active
CUST02922,4,2025-08-01,Churned
CUST02923,3,2025-08-06,Churned
CUST02924,3,2025-08-20,Churned
CUST02925,5,2025-04-07,Churned
CUST02926,8,2025-10-07,Active
CUST02927,6,2025-09-27,Churned
CUST02928,5,2025-08-08,Churned
CUST02929,7,2025-11-28,Active
CUST02930,5,2025-05-10,Churned
CUST02931,4,2025-11-21,Active
CUST02932,4,2025-08-03,Churned
CUST02933,8,2025-08-27,Churned
CUST02934,3,2025-06-14,Churned
CUST02935,6,2025-12-20,Active
CUST02936,7,2025-06-25,Churned
CUST02937,5,2025-01-25,Churned
CUST02938,7,2025-12-23,Active
CUST02939,5,2025-09-19,Churned
CUST02940,4,2025-09-07,Churned
CUST02941,5,2025-04-08,Churned
CUST02942,2,2025-06-16,Churned
CUST02943,3,2025-03-25,Churned
CUST02944,3,2025-12-18,Active
CUST02945,7,2025-10-03,Active
CUST02946,4,2025-09-18,Churned
CUST02947,9,2025-11-23,Active
CUST02948,7,2025-10-18,Active
CUST02949,1,2025-11-20,Active
CUST02950,6,2025-09-30,Churned
CUST02951,5,2025-10-23,Active
CUST02952,4,2025-08-28,Churned
CUST02953,2,2024-06-21,Churned
CUST02954,3,2025-08-19,Churned
CUST02955,6,2025-05-09,Churned
CUST02956,3,2025-12-24,Active
CUST02957,3,2025-09-23,Churned
CUST02958,1,2025-02-18,Churned
CUST02959,6,2025-12-29,Active
CUST02960,8,2025-12-09,Active
CUST02961,4,2025-11-20,Active
CUST02962,2,2025-07-15,Churned
CUST02963,6,2025-12-18,Active
CUST02964,8,2025-06-07,Churned
CUST02965,4,2025-05-13,Churned
CUST02966,2,2024-08-12,Churned
CUST02967,3,2025-06-21,Churned
CUST02968,7,2025-10-10,Active
CUST02969,3,2025-11-12,Active
CUST02970,4,2025-05-05,Churned
CUST02971,4,2025-11-18,Active
CUST02972,5,2025-08-23,Churned
CUST02973,4,2025-10-01,Churned
CUST02974,5,2025-09-14,Churned
CUST02975,3,2025-09-22,Churned
CUST02976,3,2024-09-29,Churned
CUST02977,6,2025-12-08,Active
CUST02978,9,2025-10-10,Active
CUST02979,5,2025-06-22,Churned
CUST02980,6,2025-06-08,Churned
CUST02981,8,2025-12-29,Active
CUST02982,8,2025-12-17,Active
CUST02983,3,2025-11-24,Active
CUST02984,6,2025-12-07,Active
CUST02985,10,2025-12-06,Active
CUST02986,8,2025-12-27,Active
CUST02987,3,2025-08-14,Churned
CUST02988,12,2025-11-20,Active
CUST02989,7,2025-08-18,Churned
CUST02990,2,2025-01-21,Churned
CUST02991,8,2025-07-29,Churned
CUST02992,5,2025-08-24,Churned
CUST02993,3,2025-03-21,Churned
CUST02994,3,2025-11-02,Active
CUST02995,3,2025-11-05,Active
CUST02996,9,2025-10-09,Active
CUST02997,7,2025-12-28,Active
CUST02998,3,2025-10-04,Active
CUST02999,5,2025-11-06,Active
CUST03000,7,2025-11-22,Active
CUST03001,4,2025-12-22,Active
CUST03002,6,2025-08-08,Churned
CUST03003,5,2025-08-08,Churned
CUST03004,8,2025-11-21,Active
CUST03005,4,2025-11-28,Active
CUST03006,4,2025-10-26,Active
CUST03007,7,2025-12-26,Active
CUST03008,1,2024-11-04,Churned
CUST03009,7,2025-10-21,Active
CUST03010,5,2025-06-02,Churned
CUST03011,3,2024-12-24,Churned
CUST03012,8,2025-10-22,Active
CUST03013,3,2025-04-30,Churned
CUST03014,7,2025-10-19,Active
CUST03015,1,2025-09-06,Churned
CUST03016,5,2025-10-18,Active
CUST03017,4,2025-04-29,Churned
CUST03018,5,2025-06-02,Churned
CUST03019,10,2025-11-14,Active
CUST03020,4,2025-06-17,Churned
CUST03021,2,2024-07-17,Churned
CUST03022,4,2025-09-30,Churned
CUST03023,8,2025-10-15,Active
CUST03024,1,2024-12-25,Churned
CUST03025,7,2025-12-05,Active
CUST03026,1,2024-02-29,Churned
CUST03027,5,2025-08-26,Churned
CUST03028,4,2025-06-09,Churned
CUST03029,4,2025-05-15,Churned
CUST03030,4,2025-08-08,Churned
CUST03031,6,2025-03-05,Churned
CUST03032,5,2025-09-16,Churned
CUST03033,8,2025-11-21,Active
CUST03034,5,2025-08-24,Churned
CUST03035,5,2025-08-19,Churned
CUST03036,8,2025-10-30,Active
CUST03037,3,2025-04-27,Churned
CUST03038,5,2025-10-02,Churned
CUST03039,8,2025-09-13,Churned
CUST03040,1,2025-03-05,Churned
CUST03041,6,2025-11-26,Active
CUST03042,5,2025-12-13,Active
CUST03043,6,2025-12-11,Active
CUST03044,5,2025-06-01,Churned
CUST03045,3,2025-06-18,Churned
CUST03046,1,2025-05-13,Churned
CUST03047,9,2025-07-12,Churned
CUST03048,1,2024-01-25,Churned
CUST03049,4,2025-02-10,Churned
CUST03050,6,2025-10-17,Active
CUST03051,6,2025-11-27,Active
CUST03052,7,2025-09-10,Churned
CUST03053,7,2025-12-30,Active
CUST03054,7,2025-07-31,Churned
CUST03055,7,2025-12-13,Active
CUST03056,4,2025-10-02,Churned
CUST03057,5,2025-11-10,Active
CUST03058,7,2025-03-24,Churned
CUST03059,5,2025-11-22,Active
CUST03060,1,2024-06-18,Churned
CUST03061,4,2025-03-04,Churned
CUST03062,5,2025-09-03,Churned
CUST03063,4,2025-12-26,Active
CUST03064,6,2025-12-25,Active
CUST03065,2,2025-04-17,Churned
CUST03066,6,2025-04-03,Churned
CUST03067,4,2025-12-30,Active
CUST03068,8,2025-07-13,Churned
CUST03069,4,2025-07-31,Churned
CUST03070,7,2025-11-16,Active
CUST03071,3,2025-08-12,Churned
CUST03072,4,2025-09-07,Churned
CUST03073,7,2025-10-07,Active
CUST03074,4,2025-08-04,Churned
CUST03075,4,2025-08-19,Churned
CUST03076,5,2025-08-30,Churned
CUST03077,7,2025-12-21,Active
CUST03078,4,2025-05-22,Churned
CUST03079,5,2025-09-26,Churned
CUST03080,9,2025-08-28,Churned
CUST03081,5,2025-12-22,Active
CUST03082,4,2025-11-03,Active
CUST03083,7,2025-09-20,Churned
CUST03084,9,2025-12-23,Active
CUST03085,2,2025-12-04,Active
CUST03086,5,2024-06-11,Churned
CUST03087,4,2025-11-18,Active
CUST03088,1,2025-12-16,Active
CUST03089,8,2025-11-20,Active
CUST03090,9,2025-12-10,Active
CUST03091,4,2025-09-29,Churned
CUST03092,3,2025-05-31,Churned
CUST03093,5,2025-09-20,Churned
CUST03094,4,2025-11-12,Active
CUST03095,6,2025-11-07,Active
CUST03096,9,2025-11-14,Active
CUST03097,6,2025-09-17,Churned
CUST03098,5,2025-12-12,Active
CUST03099,3,2025-12-05,Active
CUST03100,1,2024-10-17,Churned
CUST03101,11,2025-12-13,Active
CUST03102,4,2025-11-11,Active
CUST03103,2,2025-10-01,Churned
CUST03104,4,2025-07-14,Churned
CUST03105,3,2025-03-15,Churned
CUST03106,6,2025-12-28,Active
CUST03107,7,2025-03-03,Churned
CUST03108,5,2025-11-30,Active
CUST03109,5,2025-08-28,Churned
CUST03110,6,2025-09-08,Churned
CUST03111,4,2024-08-03,Churned
CUST03112,2,2025-08-24,Churned
CUST03113,3,2024-05-27,Churned
CUST03114,6,2025-11-16,Active
CUST03115,6,2025-06-07,Churned
CUST03116,3,2025-09-07,Churned
CUST03117,3,2025-11-07,Active
CUST03118,6,2025-08-08,Churned
CUST03119,3,2025-12-28,Active
CUST03120,3,2025-11-11,Active
CUST03121,6,2025-09-21,Churned
CUST03122,3,2025-08-31,Churned
CUST03123,7,2025-09-13,Churned
CUST03124,9,2025-12-06,Active
CUST03125,6,2025-12-08,Active
CUST03126,4,2025-08-08,Churned
CUST03127,4,2025-08-04,Churned
CUST03128,3,2025-05-18,Churned
CUST03129,6,2025-10-25,Active
CUST03130,8,2025-09-07,Churned
CUST03131,3,2025-08-25,Churned
CUST03132,7,2025-12-06,Active
CUST03133,3,2025-11-06,Active
CUST03134,2,2025-07-25,Churned
CUST03135,3,2025-07-25,Churned
CUST03136,5,2025-07-22,Churned
CUST03137,6,2025-12-12,Active
CUST03138,6,2025-11-03,Active
CUST03139,6,2025-09-21,Churned
CUST03140,5,2025-08-20,Churned
CUST03141,7,2025-12-31,Active
CUST03142,8,2025-07-23,Churned
CUST03143,4,2025-10-25,Active
CUST03144,3,2025-05-04,Churned
CUST03145,4,2025-09-15,Churned
CUST03146,9,2025-12-13,Active
CUST03147,7,2025-09-30,Churned
CUST03148,4,2025-12-13,Active
CUST03149,4,2025-01-28,Churned
CUST03150,3,2025-09-05,Churned
CUST03151,5,2025-09-14,Churned
CUST03152,5,2025-11-20,Active
CUST03153,8,2025-11-08,Active
CUST03154,4,2025-09-20,Churned
CUST03155,5,2025-09-15,Churned
CUST03156,6,2025-06-05,Churned
CUST03157,3,2024-11-12,Churned
CUST03158,6,2025-10-30,Active
CUST03159,5,2025-08-29,Churned
CUST03160,5,2025-12-04,Active
CUST03161,6,2025-02-17,Churned
CUST03162,2,2025-07-31,Churned
CUST03163,6,2025-11-25,Active
CUST03164,3,2025-06-23,Churned
CUST03165,4,2025-10-03,Active
CUST03166,5,2025-05-27,Churned
CUST03167,4,2025-09-07,Churned
CUST03168,4,2025-09-09,Churned
CUST03169,5,2025-07-25,Churned
CUST03170,7,2025-07-03,Churned
CUST03171,4,2025-10-29,Active
CUST03172,4,2025-11-29,Active
CUST03173,3,2025-07-02,Churned
CUST03174,6,2025-08-13,Churned
CUST03175,8,2025-08-22,Churned
CUST03176,8,2025-12-25,Active
CUST03177,4,2025-12-12,Active
CUST03178,5,2025-12-28,Active
CUST03179,9,2025-12-16,Active
CUST03180,5,2025-06-18,Churned
CUST03181,6,2025-04-20,Churned
CUST03182,7,2025-10-07,Active
CUST03183,4,2025-12-02,Active
CUST03184,4,2025-07-12,Churned
CUST03185,3,2025-07-28,Churned
CUST03186,2,2025-05-03,Churned
CUST03187,10,2025-08-10,Churned
CUST03188,7,2025-11-23,Active
CUST03189,7,2025-11-21,Active
CUST03190,11,2025-12-14,Active
CUST03191,8,2025-09-08,Churned
CUST03192,7,2025-12-20,Active
CUST03193,7,2025-11-02,Active
CUST03194,2,2025-03-29,Churned
CUST03195,9,2025-08-02,Churned
CUST03196,5,2025-12-21,Active
CUST03197,3,2025-10-13,Active
CUST03198,5,2025-08-19,Churned
CUST03199,2,2025-11-22,Active
CUST03200,6,2025-11-20,Active
CUST03201,4,2025-07-04,Churned
CUST03202,8,2025-08-19,Churned
CUST03203,4,2025-10-30,Active
CUST03204,4,2025-09-22,Churned
CUST03205,8,2025-11-09,Active
CUST03206,5,2025-01-06,Churned
CUST03207,8,2025-07-03,Churned
CUST03208,4,2025-06-07,Churned
CUST03209,3,2025-06-07,Churned
CUST03210,3,2025-08-05,Churned
CUST03211,4,2024-09-20,Churned
CUST03212,5,2025-12-16,Active
CUST03213,6,2025-06-30,Churned
CUST03214,4,2025-12-04,Active
CUST03215,4,2025-12-20,Active
CUST03216,3,2025-07-23,Churned
CUST03217,1,2024-11-15,Churned
CUST03218,4,2024-12-18,Churned
CUST03219,6,2025-10-02,Churned
CUST03220,3,2025-08-09,Churned
CUST03221,5,2025-08-31,Churned
CUST03222,4,2025-12-24,Active
CUST03223,4,2025-02-27,Churned
CUST03224,5,2025-02-12,Churned
CUST03225,4,2025-02-28,Churned
CUST03226,4,2025-02-28,Churned
CUST03227,2,2024-09-09,Churned
CUST03228,6,2025-11-02,Active
CUST03229,5,2025-03-20,Churned
CUST03230,6,2025-12-30,Active
CUST03231,4,2025-10-18,Active
CUST03232,5,2025-08-03,Churned
CUST03233,5,2025-06-01,Churned
CUST03234,6,2025-12-23,Active
CUST03235,5,2025-07-16,Churned
CUST03236,3,2025-07-19,Churned
CUST03237,4,2025-12-22,Active
CUST03238,4,2025-07-21,Churned
CUST03239,4,2025-08-26,Churned
CUST03240,4,2025-06-30,Churned
CUST03241,7,2025-08-16,Churned
CUST03242,5,2025-09-04,Churned
CUST03243,4,2025-09-09,Churned
CUST03244,3,2025-08-23,Churned
CUST03245,3,2025-05-30,Churned
CUST03246,6,2025-04-14,Churned
CUST03247,4,2025-04-25,Churned
CUST03248,5,2025-12-12,Active
CUST03249,2,2025-06-23,Churned
CUST03250,7,2025-11-24,Active
CUST03251,10,2025-08-27,Churned
CUST03252,4,2025-06-23,Churned
CUST03253,3,2025-01-13,Churned
CUST03254,9,2025-12-23,Active
CUST03255,6,2025-12-18,Active
CUST03256,5,2025-06-07,Churned
CUST03257,5,2025-12-04,Active
CUST03258,5,2025-08-11,Churned
CUST03259,4,2025-03-03,Churned
CUST03260,4,2025-08-01,Churned
CUST03261,6,2025-09-14,Churned
CUST03262,5,2025-11-09,Active
CUST03263,7,2025-12-26,Active
CUST03264,7,2025-12-16,Active
CUST03265,4,2025-01-10,Churned
CUST03266,7,2025-09-03,Churned
CUST03267,2,2025-12-28,Active
CUST03268,5,2025-11-15,Active
CUST03269,6,2025-06-11,Churned
CUST03270,5,2025-12-11,Active
CUST03271,6,2025-09-11,Churned
CUST03272,3,2025-06-26,Churned
CUST03273,4,2025-12-11,Active
CUST03274,6,2025-07-05,Churned
CUST03275,1,2024-08-27,Churned
CUST03276,0,,Active
CUST03277,7,2025-10-17,Active
CUST03278,10,2025-12-15,Active
CUST03279,8,2025-12-18,Active
CUST03280,3,2025-07-02,Churned
CUST03281,4,2025-09-04,Churned
CUST03282,3,2025-07-12,Churned
CUST03283,6,2025-12-21,Active
CUST03284,7,2025-12-10,Active
CUST03285,7,2025-12-22,Active
CUST03286,0,,Active
CUST03287,6,2025-10-06,Active
CUST03288,5,2025-11-15,Active
CUST03289,8,2025-12-10,Active
CUST03290,7,2025-09-28,Churned
CUST03291,3,2025-10-27,Active
CUST03292,5,2025-12-10,Active
CUST03293,5,2025-11-24,Active
CUST03294,4,2025-04-26,Churned
CUST03295,5,2025-11-26,Active
CUST03296,6,2025-08-08,Churned
CUST03297,8,2025-10-11,Active
CUST03298,7,2025-11-18,Active
CUST03299,6,2025-07-25,Churned
CUST03300,5,2025-10-27,Active
CUST03301,4,2025-11-10,Active
CUST03302,10,2025-04-27,Churned
CUST03303,3,2025-08-11,Churned
CUST03304,8,2025-10-17,Active
CUST03305,10,2025-12-26,Active
CUST03306,4,2025-08-19,Churned
CUST03307,3,2025-09-15,Churned
CUST03308,6,2025-10-09,Active
CUST03309,4,2025-11-12,Active
CUST03310,10,2025-12-24,Active
CUST03311,3,2025-11-19,Active
CUST03312,5,2025-11-29,Active
CUST03313,6,2025-12-17,Active
CUST03314,2,2025-11-11,Active
CUST03315,5,2025-04-14,Churned
CUST03316,1,2025-01-26,Churned
CUST03317,4,2025-07-10,Churned
CUST03318,7,2025-07-18,Churned
CUST03319,4,2025-11-06,Active
CUST03320,5,2025-08-04,Churned
CUST03321,6,2025-03-09,Churned
CUST03322,4,2025-05-29,Churned
CUST03323,2,2025-03-14,Churned
CUST03324,5,2025-12-20,Active
CUST03325,8,2025-05-24,Churned
CUST03326,4,2025-08-21,Churned
CUST03327,5,2025-08-12,Churned
CUST03328,9,2025-12-26,Active
CUST03329,6,2024-12-29,Churned
CUST03330,4,2025-08-12,Churned
CUST03331,5,2025-08-24,Churned
CUST03332,5,2025-01-31,Churned
CUST03333,4,2024-12-23,Churned
CUST03334,2,2024-05-29,Churned
CUST03335,4,2025-02-05,Churned
CUST03336,6,2025-08-25,Churned
CUST03337,5,2025-10-09,Active
CUST03338,7,2025-08-13,Churned
CUST03339,3,2025-02-27,Churned
CUST03340,3,2025-10-12,Active
CUST03341,5,2025-11-29,Active
CUST03342,3,2025-11-20,Active
CUST03343,2,2025-11-13,Active
CUST03344,5,2025-06-21,Churned
CUST03345,2,2025-03-23,Churned
CUST03346,11,2025-11-26,Active
CUST03347,4,2025-12-25,Active
CUST03348,4,2024-10-09,Churned
CUST03349,3,2025-09-27,Churned
CUST03350,3,2025-09-29,Churned
CUST03351,4,2025-07-11,Churned
CUST03352,4,2025-09-24,Churned
CUST03353,4,2025-10-15,Active
CUST03354,2,2025-10-01,Churned
CUST03355,4,2025-06-19,Churned
CUST03356,5,2025-08-21,Churned
CUST03357,8,2025-10-03,Active
CUST03358,5,2025-08-27,Churned
CUST03359,5,2025-09-08,Churned
CUST03360,9,2025-12-30,Active
CUST03361,4,2025-11-26,Active
CUST03362,5,2025-09-23,Churned
CUST03363,5,2025-10-04,Active
CUST03364,7,2025-11-19,Active
CUST03365,4,2025-06-25,Churned
CUST03366,6,2025-10-15,Active
CUST03367,6,2025-11-23,Active
CUST03368,3,2025-06-25,Churned
CUST03369,6,2025-06-07,Churned
CUST03370,7,2025-11-01,Active
CUST03371,5,2025-09-23,Churned
CUST03372,2,2025-03-21,Churned
CUST03373,5,2024-12-04,Churned
CUST03374,6,2025-04-02,Churned
CUST03375,10,2025-11-29,Active
CUST03376,5,2024-11-07,Churned
CUST03377,5,2025-12-05,Active
CUST03378,9,2025-12-20,Active
CUST03379,5,2025-12-09,Active
CUST03380,5,2025-06-12,Churned
CUST03381,4,2025-05-14,Churned
CUST03382,7,2025-04-12,Churned
CUST03383,5,2025-12-27,Active
CUST03384,6,2025-11-25,Active
CUST03385,4,2025-08-08,Churned
CUST03386,6,2025-02-08,Churned
CUST03387,3,2025-12-21,Active
CUST03388,3,2025-08-04,Churned
CUST03389,7,2025-11-27,Active
CUST03390,4,2025-12-12,Active
CUST03391,5,2025-11-25,Active
CUST03392,8,2025-08-09,Churned
CUST03393,8,2025-11-14,Active
CUST03394,8,2025-12-25,Active
CUST03395,4,2025-07-19,Churned
CUST03396,3,2024-12-09,Churned
CUST03397,5,2025-10-15,Active
CUST03398,5,2025-11-02,Active
CUST03399,4,2025-12-28,Active
CUST03400,4,2025-07-19,Churned
CUST03401,2,2025-10-05,Active
CUST03402,3,2025-10-05,Active
CUST03403,3,2025-07-16,Churned
CUST03404,8,2025-05-13,Churned
CUST03405,4,2025-09-23,Churned
CUST03406,2,2025-09-04,Churned
CUST03407,5,2025-11-16,Active
CUST03408,8,2025-08-24,Churned
CUST03409,4,2025-04-19,Churned
CUST03410,2,2025-08-16,Churned
CUST03411,5,2025-10-16,Active
CUST03412,7,2025-10-20,Active
CUST03413,3,2025-07-25,Churned
CUST03414,6,2025-04-16,Churned
CUST03415,5,2025-02-10,Churned
CUST03416,7,2025-12-31,Active
CUST03417,8,2025-12-26,Active
CUST03418,3,2025-05-18,Churned
CUST03419,2,2024-07-07,Churned
CUST03420,5,2025-12-18,Active
CUST03421,6,2025-10-27,Active
CUST03422,7,2025-12-25,Active
CUST03423,8,2025-11-26,Active
CUST03424,5,2025-12-07,Active
CUST03425,6,2025-11-20,Active
CUST03426,2,2025-04-27,Churned
CUST03427,4,2025-10-07,Active
CUST03428,6,2025-10-24,Active
CUST03429,6,2025-09-07,Churned
CUST03430,4,2025-09-20,Churned
CUST03431,3,2025-02-02,Churned
CUST03432,4,2025-08-27,Churned
CUST03433,4,2025-12-17,Active
CUST03434,5,2025-07-28,Churned
CUST03435,3,2025-12-02,Active
CUST03436,6,2025-11-08,Active
CUST03437,8,2025-10-13,Active
CUST03438,3,2025-02-18,Churned
CUST03439,7,2025-11-20,Active
CUST03440,4,2025-06-02,Churned
CUST03441,6,2025-12-24,Active
CUST03442,4,2025-10-07,Active
CUST03443,5,2025-08-20,Churned
CUST03444,2,2025-10-28,Active
CUST03445,4,2025-10-15,Active
CUST03446,3,2025-09-20,Churned
CUST03447,4,2025-12-12,Active
CUST03448,5,2025-07-23,Churned
CUST03449,3,2025-04-04,Churned
CUST03450,1,2025-05-19,Churned
CUST03451,1,2025-03-02,Churned
CUST03452,1,2024-02-06,Churned
CUST03453,9,2025-07-03,Churned
CUST03454,9,2024-11-17,Churned
CUST03455,3,2025-10-05,Active
CUST03456,2,2025-10-10,Active
CUST03457,3,2025-05-08,Churned
CUST03458,7,2025-12-25,Active
CUST03459,4,2025-10-14,Active
CUST03460,6,2025-07-12,Churned
CUST03461,9,2025-11-26,Active
CUST03462,7,2025-09-27,Churned
CUST03463,5,2024-10-05,Churned
CUST03464,4,2025-07-29,Churned
CUST03465,3,2025-10-21,Active
CUST03466,4,2025-11-28,Active
CUST03467,4,2024-08-03,Churned
CUST03468,2,2025-09-19,Churned
CUST03469,3,2024-08-17,Churned
CUST03470,2,2025-04-19,Churned
CUST03471,5,2025-09-12,Churned
CUST03472,7,2025-11-07,Active
CUST03473,5,2025-10-13,Active
CUST03474,5,2025-04-10,Churned
CUST03475,6,2025-10-17,Active
CUST03476,4,2025-12-25,Active
CUST03477,3,2025-12-03,Active
CUST03478,2,2025-09-01,Churned
CUST03479,5,2025-09-19,Churned
CUST03480,7,2025-10-23,Active
CUST03481,6,2025-12-11,Active
CUST03482,3,2025-09-18,Churned
CUST03483,6,2025-08-31,Churned
CUST03484,6,2025-10-20,Active
CUST03485,5,2025-05-13,Churned
CUST03486,6,2025-10-17,Active
CUST03487,5,2025-07-22,Churned
CUST03488,6,2025-02-06,Churned
CUST03489,4,2025-10-23,Active
CUST03490,5,2025-10-09,Active
CUST03491,4,2025-09-23,Churned
CUST03492,7,2025-09-27,Churned
CUST03493,6,2025-11-28,Active
CUST03494,4,2025-02-28,Churned
CUST03495,3,2024-11-08,Churned
CUST03496,4,2025-08-03,Churned
CUST03497,6,2025-12-18,Active
CUST03498,2,2025-08-30,Churned
CUST03499,8,2025-12-27,Active
CUST03500,2,2025-04-15,Churned
CUST03501,3,2025-04-29,Churned
CUST03502,2,2024-12-14,Churned
CUST03503,7,2025-07-11,Churned
CUST03504,5,2025-09-25,Churned
CUST03505,6,2025-09-25,Churned
CUST03506,7,2025-11-02,Active
CUST03507,5,2025-11-08,Active
CUST03508,2,2025-06-14,Churned
CUST03509,1,2024-01-18,Churned
CUST03510,7,2025-11-08,Active
CUST03511,7,2025-10-24,Active
CUST03512,4,2025-04-13,Churned
CUST03513,2,2025-07-02,Churned
CUST03514,5,2025-10-05,Active
CUST03515,1,2025-03-19,Churned
CUST03516,5,2025-01-31,Churned
CUST03517,6,2025-12-10,Active
CUST03518,6,2025-08-03,Churned
CUST03519,3,2025-03-05,Churned
CUST03520,6,2025-11-28,Active
CUST03521,1,2024-07-08,Churned
CUST03522,4,2025-10-16,Active
CUST03523,5,2025-12-20,Active
CUST03524,2,2024-09-02,Churned
CUST03525,6,2025-07-23,Churned
CUST03526,4,2025-04-06,Churned
CUST03527,2,2025-08-14,Churned
CUST03528,11,2025-10-15,Active
CUST03529,8,2025-11-10,Active
CUST03530,6,2025-10-24,Active
CUST03531,4,2025-05-27,Churned
CUST03532,9,2025-11-28,Active
CUST03533,4,2025-07-30,Churned
CUST03534,1,2024-05-03,Churned
CUST03535,6,2025-08-06,Churned
CUST03536,3,2025-06-20,Churned
CUST03537,4,2025-09-30,Churned
CUST03538,6,2025-11-03,Active
CUST03539,3,2025-05-08,Churned
CUST03540,6,2025-09-22,Churned
CUST03541,6,2025-11-03,Active
CUST03542,5,2025-08-14,Churned
CUST03543,5,2025-08-30,Churned
CUST03544,6,2025-10-14,Active
CUST03545,2,2025-12-28,Active
CUST03546,5,2025-07-19,Churned
CUST03547,6,2025-07-14,Churned
CUST03548,1,2025-03-31,Churned
CUST03549,6,2025-12-05,Active
CUST03550,7,2025-10-22,Active
CUST03551,4,2025-05-02,Churned
CUST03552,7,2025-12-10,Active
CUST03553,6,2025-08-28,Churned
CUST03554,8,2025-11-18,Active
CUST03555,5,2025-05-11,Churned
CUST03556,3,2024-11-30,Churned
CUST03557,4,2025-08-12,Churned
CUST03558,4,2025-10-24,Active
CUST03559,3,2025-01-31,Churned
CUST03560,4,2025-06-17,Churned
CUST03561,5,2025-12-02,Active
CUST03562,4,2025-05-25,Churned
CUST03563,10,2025-09-10,Churned
CUST03564,6,2025-10-15,Active
CUST03565,8,2025-12-23,Active
CUST03566,8,2025-09-01,Churned
CUST03567,4,2025-06-23,Churned
CUST03568,8,2025-07-27,Churned
CUST03569,8,2025-12-19,Active
CUST03570,1,2024-09-04,Churned
CUST03571,4,2025-07-02,Churned
CUST03572,6,2025-09-29,Churned
CUST03573,6,2025-08-19,Churned
CUST03574,6,2025-08-01,Churned
CUST03575,4,2025-11-23,Active
CUST03576,1,2025-12-05,Active
CUST03577,5,2025-09-07,Churned
CUST03578,4,2025-08-17,Churned
CUST03579,6,2025-12-15,Active
CUST03580,4,2025-10-09,Active
CUST03581,5,2025-10-27,Active
CUST03582,2,2024-12-01,Churned
CUST03583,5,2025-10-01,Churned
CUST03584,8,2025-10-18,Active
CUST03585,8,2025-12-08,Active
CUST03586,6,2025-06-01,Churned
CUST03587,4,2025-09-03,Churned
CUST03588,5,2025-10-05,Active
CUST03589,2,2024-03-03,Churned
CUST03590,4,2025-10-31,Active
CUST03591,5,2025-07-17,Churned
CUST03592,11,2025-11-22,Active
CUST03593,5,2025-06-11,Churned
CUST03594,5,2025-09-17,Churned
CUST03595,4,2025-08-30,Churned
CUST03596,1,2024-06-08,Churned
CUST03597,5,2025-07-30,Churned
CUST03598,3,2025-12-29,Active
CUST03599,6,2025-12-31,Active
CUST03600,7,2025-10-20,Active
CUST03601,7,2025-07-26,Churned
CUST03602,1,2024-11-06,Churned
CUST03603,4,2025-02-21,Churned
CUST03604,5,2025-10-31,Active
CUST03605,7,2025-12-07,Active
CUST03606,4,2025-05-31,Churned
CUST03607,7,2025-08-30,Churned
CUST03608,3,2024-08-28,Churned
CUST03609,4,2025-01-10,Churned
CUST03610,10,2025-08-09,Churned
CUST03611,6,2025-11-11,Active
CUST03612,5,2025-09-16,Churned
CUST03613,7,2025-06-19,Churned
CUST03614,4,2025-08-05,Churned
CUST03615,8,2025-12-16,Active
CUST03616,5,2025-12-03,Active
CUST03617,10,2025-12-29,Active
CUST03618,7,2025-07-21,Churned
CUST03619,6,2025-04-27,Churned
CUST03620,6,2025-10-26,Active
CUST03621,8,2025-10-17,Active
CUST03622,5,2025-09-06,Churned
CUST03623,4,2025-03-11,Churned
CUST03624,4,2025-11-08,Active
CUST03625,4,2025-11-02,Active
CUST03626,7,2025-05-08,Churned
CUST03627,5,2025-06-25,Churned
CUST03628,5,2025-09-23,Churned
CUST03629,8,2025-11-21,Active
CUST03630,6,2025-10-01,Churned
CUST03631,3,2025-04-29,Churned
CUST03632,6,2025-12-02,Active
CUST03633,6,2025-11-20,Active
CUST03634,6,2025-10-13,Active
CUST03635,5,2025-02-23,Churned
CUST03636,3,2025-06-01,Churned
CUST03637,4,2024-12-18,Churned
CUST03638,0,,Active
CUST03639,5,2025-09-22,Churned
CUST03640,5,2025-10-18,Active
CUST03641,7,2025-09-12,Churned
CUST03642,4,2025-11-14,Active
CUST03643,4,2025-03-19,Churned
CUST03644,3,2025-09-18,Churned
CUST03645,4,2025-11-21,Active
CUST03646,8,2025-11-10,Active
CUST03647,11,2025-10-03,Active
CUST03648,3,2024-06-25,Churned
CUST03649,1,2025-02-18,Churned
CUST03650,3,2025-06-09,Churned
CUST03651,6,2025-06-01,Churned
CUST03652,7,2025-12-24,Active
CUST03653,8,2025-10-09,Active
CUST03654,2,2025-04-30,Churned
CUST03655,8,2025-11-21,Active
CUST03656,8,2025-07-08,Churned
CUST03657,3,2025-09-01,Churned
CUST03658,8,2025-10-03,Active
CUST03659,3,2025-10-10,Active
CUST03660,4,2025-07-12,Churned
CUST03661,4,2025-10-21,Active
CUST03662,7,2025-12-02,Active
CUST03663,7,2025-11-11,Active
CUST03664,8,2025-12-30,Active
CUST03665,5,2025-12-19,Active
CUST03666,3,2025-12-15,Active
CUST03667,8,2025-11-24,Active
CUST03668,2,2025-12-26,Active
CUST03669,6,2025-11-21,Active
CUST03670,6,2025-07-30,Churned
CUST03671,9,2025-11-17,Active
CUST03672,5,2025-11-04,Active
CUST03673,1,2025-04-15,Churned
CUST03674,3,2025-11-19,Active
CUST03675,5,2025-10-23,Active
CUST03676,2,2025-09-19,Churned
CUST03677,8,2025-12-17,Active
CUST03678,6,2025-11-06,Active
CUST03679,3,2025-04-24,Churned
CUST03680,5,2025-02-15,Churned
CUST03681,1,2024-05-22,Churned
CUST03682,3,2025-03-29,Churned
CUST03683,4,2025-08-29,Churned
CUST03684,5,2025-10-10,Active
CUST03685,4,2025-06-21,Churned
CUST03686,9,2025-12-13,Active
CUST03687,1,2024-07-03,Churned
CUST03688,3,2025-11-24,Active
CUST03689,2,2025-11-12,Active
CUST03690,5,2025-10-16,Active
CUST03691,4,2025-11-07,Active
CUST03692,4,2025-09-06,Churned
CUST03693,7,2025-11-15,Active
CUST03694,6,2025-10-13,Active
CUST03695,7,2025-08-03,Churned
CUST03696,5,2025-12-30,Active
CUST03697,1,2024-01-28,Churned
CUST03698,3,2025-12-25,Active
CUST03699,6,2025-09-13,Churned
CUST03700,6,2025-09-24,Churned
CUST03701,4,2024-12-05,Churned
CUST03702,7,2025-11-15,Active
CUST03703,10,2025-10-09,Active
CUST03704,4,2025-12-16,Active
CUST03705,1,2024-01-02,Churned
CUST03706,6,2025-12-03,Active
CUST03707,2,2025-07-24,Churned
CUST03708,5,2024-10-25,Churned
CUST03709,6,2025-09-16,Churned
CUST03710,4,2025-04-28,Churned
CUST03711,7,2025-10-07,Active
CUST03712,6,2025-12-14,Active
CUST03713,5,2025-08-29,Churned
CUST03714,9,2024-12-03,Churned
CUST03715,5,2025-11-07,Active
CUST03716,6,2025-05-09,Churned
CUST03717,0,,Active
CUST03718,7,2025-12-13,Active
CUST03719,5,2025-06-07,Churned
CUST03720,3,2025-07-29,Churned
CUST03721,0,,Active
CUST03722,8,2025-12-21,Active
CUST03723,5,2025-07-01,Churned
CUST03724,4,2025-05-10,Churned
CUST03725,2,2025-01-31,Churned
CUST03726,4,2025-09-27,Churned
CUST03727,5,2025-12-30,Active
CUST03728,4,2025-12-23,Active
CUST03729,2,2025-12-06,Active
CUST03730,4,2025-10-12,Active
CUST03731,6,2025-09-19,Churned
CUST03732,5,2025-08-22,Churned
CUST03733,4,2025-05-20,Churned
CUST03734,5,2025-10-27,Active
CUST03735,3,2025-02-03,Churned
CUST03736,5,2025-07-23,Churned
CUST03737,3,2025-06-25,Churned
CUST03738,4,2025-05-12,Churned
CUST03739,6,2025-12-05,Active
CUST03740,3,2025-08-28,Churned
CUST03741,0,,Active
CUST03742,6,2025-12-08,Active
CUST03743,7,2025-06-03,Churned
CUST03744,7,2025-06-09,Churned
CUST03745,9,2025-11-21,Active
CUST03746,4,2025-08-15,Churned
CUST03747,3,2025-08-05,Churned
CUST03748,6,2025-10-08,Active
CUST03749,4,2025-05-11,Churned
CUST03750,3,2025-07-19,Churned
CUST03751,2,2024-11-24,Churned
CUST03752,6,2025-11-15,Active
CUST03753,7,2025-08-04,Churned
CUST03754,3,2025-02-08,Churned
CUST03755,3,2025-10-28,Active
CUST03756,7,2025-11-11,Active
CUST03757,5,2025-05-18,Churned
CUST03758,6,2025-12-25,Active
CUST03759,6,2025-09-11,Churned
CUST03760,5,2025-11-12,Active
CUST03761,10,2025-07-30,Churned
CUST03762,4,2025-02-06,Churned
CUST03763,3,2025-12-06,Active
CUST03764,6,2025-09-15,Churned
CUST03765,5,2025-12-02,Active
CUST03766,2,2025-09-16,Churned
CUST03767,7,2025-08-10,Churned
CUST03768,2,2025-06-03,Churned
CUST03769,5,2025-11-06,Active
CUST03770,4,2025-08-11,Churned
CUST03771,4,2025-09-28,Churned
CUST03772,2,2025-02-12,Churned
CUST03773,7,2025-10-09,Active
CUST03774,3,2025-08-17,Churned
CUST03775,5,2025-11-19,Active
CUST03776,1,2025-08-21,Churned
CUST03777,13,2025-12-16,Active
CUST03778,2,2025-11-01,Active
CUST03779,7,2025-05-07,Churned
CUST03780,6,2025-08-28,Churned
CUST03781,2,2025-04-18,Churned
CUST03782,4,2025-11-09,Active
CUST03783,5,2025-12-13,Active
CUST03784,1,2024-11-13,Churned
CUST03785,7,2025-10-01,Churned
CUST03786,5,2025-10-18,Active
CUST03787,2,2025-02-21,Churned
CUST03788,4,2025-11-12,Active
CUST03789,8,2025-08-08,Churned
CUST03790,5,2025-08-04,Churned
CUST03791,9,2025-12-02,Active
CUST03792,11,2025-10-29,Active
CUST03793,8,2025-11-06,Active
CUST03794,2,2025-09-18,Churned
CUST03795,6,2025-10-18,Active
CUST03796,6,2025-10-04,Active
CUST03797,8,2025-12-26,Active
CUST03798,8,2025-11-10,Active
CUST03799,7,2025-12-12,Active
CUST03800,3,2025-07-27,Churned
CUST03801,6,2025-11-08,Active
CUST03802,4,2025-11-26,Active
CUST03803,5,2025-12-20,Active
CUST03804,3,2024-08-10,Churned
CUST03805,7,2025-12-10,Active
CUST03806,4,2025-12-15,Active
CUST03807,8,2025-11-27,Active
CUST03808,4,2024-11-25,Churned
CUST03809,3,2025-10-27,Active
CUST03810,5,2025-11-14,Active
CUST03811,5,2025-08-24,Churned
CUST03812,5,2025-11-07,Active
CUST03813,6,2025-12-11,Active
CUST03814,8,2025-11-04,Active
CUST03815,10,2025-12-25,Active
CUST03816,6,2025-12-31,Active
CUST03817,5,2025-08-02,Churned
CUST03818,5,2025-12-13,Active
CUST03819,10,2025-10-05,Active
CUST03820,2,2025-09-19,Churned
CUST03821,4,2024-11-15,Churned
CUST03822,8,2025-12-24,Active
CUST03823,5,2025-12-16,Active
CUST03824,5,2025-11-28,Active
CUST03825,3,2025-05-16,Churned
CUST03826,4,2025-08-06,Churned
CUST03827,4,2025-05-23,Churned
CUST03828,6,2025-04-10,Churned
CUST03829,2,2025-06-02,Churned
CUST03830,8,2025-09-20,Churned
CUST03831,3,2024-07-07,Churned
CUST03832,4,2025-11-19,Active
CUST03833,3,2025-12-06,Active
CUST03834,5,2025-11-23,Active
CUST03835,6,2025-04-11,Churned
CUST03836,3,2025-11-15,Active
CUST03837,4,2024-08-24,Churned
CUST03838,2,2024-07-17,Churned
CUST03839,2,2025-03-16,Churned
CUST03840,10,2025-08-09,Churned
CUST03841,3,2024-12-26,Churned
CUST03842,3,2025-11-04,Active
CUST03843,4,2025-02-13,Churned
CUST03844,2,2025-12-21,Active
CUST03845,4,2025-12-10,Active
CUST03846,3,2024-11-11,Churned
CUST03847,7,2025-12-30,Active
CUST03848,5,2025-02-14,Churned
CUST03849,3,2025-11-14,Active
CUST03850,5,2025-10-30,Active
CUST03851,5,2025-07-02,Churned
CUST03852,3,2025-03-15,Churned
CUST03853,6,2025-12-01,Active
CUST03854,6,2025-04-19,Churned
CUST03855,6,2025-10-14,Active
CUST03856,3,2025-09-06,Churned
CUST03857,5,2025-12-26,Active
CUST03858,5,2025-02-27,Churned
CUST03859,6,2025-10-15,Active
CUST03860,4,2024-11-25,Churned
CUST03861,4,2025-10-19,Active
CUST03862,6,2025-12-28,Active
CUST03863,3,2025-12-29,Active
CUST03864,4,2025-11-17,Active
CUST03865,6,2025-04-13,Churned
CUST03866,5,2025-05-07,Churned
CUST03867,4,2025-10-31,Active
CUST03868,2,2024-10-09,Churned
CUST03869,4,2024-08-15,Churned
CUST03870,4,2025-08-16,Churned
CUST03871,5,2024-10-02,Churned
CUST03872,7,2025-07-03,Churned
CUST03873,7,2025-08-26,Churned
CUST03874,5,2025-07-06,Churned
CUST03875,4,2025-11-27,Active
CUST03876,4,2025-12-30,Active
CUST03877,6,2025-12-26,Active
CUST03878,4,2024-11-15,Churned
CUST03879,1,2025-08-19,Churned
CUST03880,6,2025-12-23,Active
CUST03881,1,2024-10-02,Churned
CUST03882,4,2025-09-23,Churned
CUST03883,6,2025-06-19,Churned
CUST03884,4,2025-11-26,Active
CUST03885,5,2025-12-09,Active
CUST03886,8,2025-11-22,Active
CUST03887,4,2025-10-26,Active
CUST03888,4,2025-04-22,Churned
CUST03889,5,2025-03-20,Churned
CUST03890,8,2025-12-31,Active
CUST03891,4,2025-04-24,Churned
CUST03892,5,2025-12-16,Active
CUST03893,3,2025-03-06,Churned
CUST03894,8,2025-11-19,Active
CUST03895,4,2025-10-16,Active
CUST03896,4,2025-12-03,Active
CUST03897,6,2025-09-07,Churned
CUST03898,2,2025-11-13,Active
CUST03899,7,2025-11-06,Active
CUST03900,4,2025-08-26,Churned
CUST03901,4,2025-06-17,Churned
CUST03902,4,2025-09-21,Churned
CUST03903,3,2025-03-06,Churned
CUST03904,7,2025-11-04,Active
CUST03905,4,2025-01-26,Churned
CUST03906,3,2025-08-15,Churned
CUST03907,9,2025-09-29,Churned
CUST03908,7,2025-07-21,Churned
CUST03909,3,2025-08-09,Churned
CUST03910,3,2025-10-28,Active
CUST03911,3,2025-11-02,Active
CUST03912,6,2025-12-19,Active
CUST03913,2,2025-08-20,Churned
CUST03914,3,2024-12-22,Churned
CUST03915,8,2025-10-23,Active
CUST03916,4,2025-10-08,Active
CUST03917,5,2025-11-06,Active
CUST03918,3,2025-11-01,Active
CUST03919,8,2025-12-04,Active
CUST03920,6,2025-11-27,Active
CUST03921,3,2025-04-05,Churned
CUST03922,9,2025-11-14,Active
CUST03923,3,2025-11-29,Active
CUST03924,2,2024-12-05,Churned
CUST03925,9,2025-07-15,Churned
CUST03926,8,2025-12-12,Active
CUST03927,0,,Active
CUST03928,3,2025-06-16,Churned
CUST03929,6,2025-11-30,Active
CUST03930,6,2025-12-04,Active
CUST03931,7,2025-09-29,Churned
CUST03932,3,2025-11-24,Active
CUST03933,2,2024-12-29,Churned
CUST03934,3,2025-08-31,Churned
CUST03935,4,2025-12-27,Active
CUST03936,1,2025-02-11,Churned
CUST03937,7,2025-10-11,Active
CUST03938,4,2025-10-30,Active
CUST03939,3,2025-11-06,Active
CUST03940,2,2024-07-13,Churned
CUST03941,6,2025-11-23,Active
CUST03942,8,2025-11-29,Active
CUST03943,5,2025-11-09,Active
CUST03944,5,2025-04-14,Churned
CUST03945,3,2024-12-28,Churned
CUST03946,6,2025-12-21,Active
CUST03947,3,2025-06-15,Churned
CUST03948,6,2025-10-09,Active
CUST03949,4,2024-05-08,Churned
CUST03950,7,2025-06-30,Churned
CUST03951,4,2025-09-20,Churned
CUST03952,4,2025-11-01,Active
CUST03953,11,2025-12-11,Active
CUST03954,4,2025-10-18,Active
CUST03955,2,2024-12-06,Churned
CUST03956,4,2025-08-27,Churned
CUST03957,7,2025-09-27,Churned
CUST03958,5,2025-09-25,Churned
CUST03959,6,2025-09-01,Churned
CUST03960,6,2025-12-26,Active
CUST03961,6,2025-12-25,Active
CUST03962,6,2025-06-06,Churned
CUST03963,6,2025-09-11,Churned
CUST03964,4,2025-11-06,Active
CUST03965,10,2025-09-29,Churned
CUST03966,3,2025-12-30,Active
CUST03967,9,2025-07-15,Churned
CUST03968,4,2025-04-09,Churned
CUST03969,6,2025-11-29,Active
CUST03970,5,2025-12-18,Active
CUST03971,5,2024-10-12,Churned
CUST03972,4,2025-10-07,Active
CUST03973,3,2025-08-03,Churned
CUST03974,10,2025-12-24,Active
CUST03975,7,2025-10-26,Active
CUST03976,4,2025-12-15,Active
CUST03977,7,2025-11-08,Active
CUST03978,4,2025-06-07,Churned
CUST03979,5,2025-09-24,Churned
CUST03980,1,2025-08-31,Churned
CUST03981,2,2024-05-04,Churned
CUST03982,2,2025-10-10,Active
CUST03983,10,2025-12-26,Active
CUST03984,8,2025-08-12,Churned
CUST03985,7,2025-07-14,Churned
CUST03986,2,2025-08-06,Churned
CUST03987,6,2025-09-09,Churned
CUST03988,8,2025-10-29,Active
CUST03989,4,2025-12-13,Active
CUST03990,3,2025-11-21,Active
CUST03991,8,2025-12-10,Active
CUST03992,6,2025-05-01,Churned
CUST03993,4,2025-08-05,Churned
CUST03994,13,2025-11-10,Active
CUST03995,2,2025-11-24,Active
CUST03996,5,2025-11-12,Active
CUST03997,6,2025-12-19,Active
CUST03998,5,2025-09-24,Churned
CUST03999,5,2025-11-13,Active
CUST04000,3,2025-10-19,Active
CUST04001,6,2025-09-04,Churned
CUST04002,7,2025-12-11,Active
CUST04003,5,2025-04-21,Churned
CUST04004,10,2025-08-15,Churned
CUST04005,2,2024-12-15,Churned
CUST04006,3,2025-04-26,Churned
CUST04007,3,2025-07-04,Churned
CUST04008,6,2025-05-14,Churned
CUST04009,3,2025-12-25,Active
CUST04010,6,2025-06-30,Churned
CUST04011,3,2025-12-30,Active
CUST04012,5,2025-11-02,Active
CUST04013,8,2025-08-23,Churned
CUST04014,3,2025-02-07,Churned
CUST04015,5,2025-07-10,Churned
CUST04016,6,2025-09-27,Churned
CUST04017,5,2025-06-10,Churned
CUST04018,5,2025-04-07,Churned
CUST04019,2,2025-06-04,Churned
CUST04020,4,2025-12-08,Active
CUST04021,3,2025-07-15,Churned
CUST04022,7,2025-09-26,Churned
CUST04023,4,2025-12-16,Active
CUST04024,6,2025-03-05,Churned
CUST04025,7,2025-12-12,Active
CUST04026,6,2025-06-01,Churned
CUST04027,0,,Active
CUST04028,4,2025-12-11,Active
CUST04029,3,2024-12-28,Churned
CUST04030,4,2025-06-07,Churned
CUST04031,6,2025-08-19,Churned
CUST04032,9,2025-09-21,Churned
CUST04033,8,2025-09-15,Churned
CUST04034,3,2025-12-01,Active
CUST04035,5,2025-09-11,Churned
CUST04036,6,2025-10-04,Active
CUST04037,3,2025-04-09,Churned
CUST04038,7,2025-07-23,Churned
CUST04039,6,2025-11-06,Active
CUST04040,10,2025-12-29,Active
CUST04041,4,2025-10-07,Active
CUST04042,2,2025-02-23,Churned
CUST04043,4,2025-04-15,Churned
CUST04044,3,2025-08-01,Churned
CUST04045,4,2025-10-25,Active
CUST04046,2,2025-02-16,Churned
CUST04047,6,2025-07-17,Churned
CUST04048,7,2025-09-10,Churned
CUST04049,5,2025-11-19,Active
CUST04050,6,2025-12-24,Active
CUST04051,4,2025-09-23,Churned
CUST04052,2,2024-12-09,Churned
CUST04053,6,2025-09-05,Churned
CUST04054,8,2025-08-15,Churned
CUST04055,7,2025-12-14,Active
CUST04056,7,2025-12-16,Active
CUST04057,6,2025-12-05,Active
CUST04058,7,2025-12-29,Active
CUST04059,8,2025-08-01,Churned
CUST04060,3,2025-01-31,Churned
CUST04061,6,2025-11-26,Active
CUST04062,5,2025-07-09,Churned
CUST04063,2,2024-09-03,Churned
CUST04064,3,2025-05-15,Churned
CUST04065,10,2025-12-14,Active
CUST04066,1,2024-08-04,Churned
CUST04067,4,2024-12-03,Churned
CUST04068,3,2025-12-25,Active
CUST04069,4,2025-06-19,Churned
CUST04070,5,2025-06-08,Churned
CUST04071,4,2025-07-14,Churned
CUST04072,6,2025-07-16,Churned
CUST04073,6,2025-12-28,Active
CUST04074,4,2025-09-22,Churned
CUST04075,5,2025-07-30,Churned
CUST04076,8,2025-10-06,Active
CUST04077,1,2024-09-02,Churned
CUST04078,5,2025-06-24,Churned
CUST04079,3,2025-08-21,Churned
CUST04080,4,2025-08-24,Churned
CUST04081,3,2025-01-07,Churned
CUST04082,7,2025-12-12,Active
CUST04083,2,2025-08-20,Churned
CUST04084,3,2025-11-19,Active
CUST04085,1,2024-08-07,Churned
CUST04086,5,2025-09-28,Churned
CUST04087,5,2025-10-12,Active
CUST04088,5,2025-12-08,Active
CUST04089,6,2025-10-16,Active
CUST04090,7,2025-11-18,Active
CUST04091,5,2025-09-22,Churned
CUST04092,5,2025-12-16,Active
CUST04093,7,2025-05-11,Churned
CUST04094,4,2025-11-27,Active
CUST04095,3,2025-12-19,Active
CUST04096,6,2025-11-29,Active
CUST04097,3,2025-07-19,Churned
CUST04098,6,2025-07-14,Churned
CUST04099,6,2025-06-20,Churned
CUST04100,3,2025-07-24,Churned
CUST04101,6,2025-12-02,Active
CUST04102,5,2025-07-21,Churned
CUST04103,4,2025-03-18,Churned
CUST04104,5,2025-10-08,Active
CUST04105,2,2025-08-21,Churned
CUST04106,8,2025-07-31,Churned
CUST04107,8,2025-12-23,Active
CUST04108,3,2025-02-19,Churned
CUST04109,6,2025-12-20,Active
CUST04110,7,2025-08-31,Churned
CUST04111,5,2025-08-26,Churned
CUST04112,2,2025-01-07,Churned
CUST04113,7,2025-12-25,Active
CUST04114,3,2024-12-24,Churned
CUST04115,3,2025-11-03,Active
CUST04116,5,2025-06-22,Churned
CUST04117,3,2025-09-13,Churned
CUST04118,4,2025-11-16,Active
CUST04119,6,2025-08-19,Churned
CUST04120,3,2024-06-25,Churned
CUST04121,7,2025-11-04,Active
CUST04122,4,2025-08-06,Churned
CUST04123,5,2025-11-19,Active
CUST04124,4,2025-09-27,Churned
CUST04125,6,2025-12-18,Active
CUST04126,6,2025-07-27,Churned
CUST04127,4,2025-06-21,Churned
CUST04128,3,2025-11-18,Active
CUST04129,6,2025-08-03,Churned
CUST04130,5,2024-11-01,Churned
CUST04131,1,2025-01-12,Churned
CUST04132,3,2025-10-19,Active
CUST04133,6,2025-10-20,Active
CUST04134,1,2025-05-07,Churned
CUST04135,9,2025-12-20,Active
CUST04136,5,2025-04-19,Churned
CUST04137,4,2025-10-23,Active
CUST04138,3,2025-08-03,Churned
CUST04139,4,2025-07-11,Churned
CUST04140,6,2025-09-12,Churned
CUST04141,6,2025-08-08,Churned
CUST04142,6,2025-12-13,Active
CUST04143,5,2025-01-25,Churned
CUST04144,3,2025-12-24,Active
CUST04145,7,2025-05-17,Churned
CUST04146,7,2025-07-01,Churned
CUST04147,2,2025-11-14,Active
CUST04148,3,2025-12-20,Active
CUST04149,9,2025-12-27,Active
CUST04150,9,2025-06-04,Churned
CUST04151,1,2024-02-18,Churned
CUST04152,5,2025-11-21,Active
CUST04153,5,2025-10-26,Active
CUST04154,5,2025-06-30,Churned
CUST04155,5,2025-08-21,Churned
CUST04156,2,2025-02-09,Churned
CUST04157,6,2025-12-31,Active
CUST04158,6,2025-10-31,Active
CUST04159,4,2025-08-20,Churned
CUST04160,1,2025-05-28,Churned
CUST04161,7,2025-08-25,Churned
CUST04162,3,2025-06-14,Churned
CUST04163,6,2025-06-12,Churned
CUST04164,6,2025-10-25,Active
CUST04165,8,2025-12-24,Active
CUST04166,5,2025-12-14,Active
CUST04167,6,2025-01-21,Churned
CUST04168,4,2025-06-11,Churned
CUST04169,2,2025-01-10,Churned
CUST04170,3,2025-07-08,Churned
CUST04171,7,2025-11-17,Active
CUST04172,4,2025-12-14,Active
CUST04173,8,2025-11-21,Active
CUST04174,8,2025-10-22,Active
CUST04175,7,2025-10-18,Active
CUST04176,2,2025-03-29,Churned
CUST04177,3,2025-11-07,Active
CUST04178,10,2025-12-08,Active
CUST04179,2,2025-09-22,Churned
CUST04180,4,2025-10-21,Active
CUST04181,6,2025-12-08,Active
CUST04182,4,2025-07-29,Churned
CUST04183,2,2024-08-29,Churned
CUST04184,3,2025-05-30,Churned
CUST04185,7,2025-11-15,Active
CUST04186,6,2025-11-24,Active
CUST04187,7,2025-12-07,Active
CUST04188,1,2025-04-10,Churned
CUST04189,6,2025-07-26,Churned
CUST04190,4,2025-12-22,Active
CUST04191,3,2024-11-06,Churned
CUST04192,5,2025-11-13,Active
CUST04193,2,2025-02-20,Churned
CUST04194,3,2025-10-20,Active
CUST04195,6,2025-10-07,Active
CUST04196,5,2025-11-15,Active
CUST04197,5,2025-06-16,Churned
CUST04198,4,2025-01-09,Churned
CUST04199,7,2025-11-06,Active
CUST04200,8,2025-12-22,Active
CUST04201,2,2025-04-17,Churned
CUST04202,3,2025-12-04,Active
CUST04203,8,2025-11-02,Active
CUST04204,9,2025-12-10,Active
CUST04205,6,2025-10-20,Active
CUST04206,3,2025-04-25,Churned
CUST04207,8,2025-11-04,Active
CUST04208,7,2025-10-05,Active
CUST04209,4,2025-11-02,Active
CUST04210,6,2025-10-20,Active
CUST04211,5,2025-12-24,Active
CUST04212,1,2025-12-06,Active
CUST04213,4,2025-11-07,Active
CUST04214,3,2025-12-22,Active
CUST04215,3,2025-04-25,Churned
CUST04216,2,2025-08-25,Churned
CUST04217,6,2025-12-30,Active
CUST04218,7,2025-12-15,Active
CUST04219,4,2025-11-09,Active
CUST04220,7,2025-10-16,Active
CUST04221,5,2025-09-11,Churned
CUST04222,3,2025-09-20,Churned
CUST04223,3,2025-10-04,Active
CUST04224,6,2025-04-25,Churned
CUST04225,4,2025-10-25,Active
CUST04226,10,2025-12-25,Active
CUST04227,8,2025-12-23,Active
CUST04228,5,2025-06-13,Churned
CUST04229,7,2025-03-12,Churned
CUST04230,5,2025-09-04,Churned
CUST04231,2,2025-04-12,Churned
CUST04232,5,2025-05-08,Churned
CUST04233,4,2025-10-28,Active
CUST04234,4,2025-12-18,Active
CUST04235,9,2025-08-19,Churned
CUST04236,8,2025-12-02,Active
CUST04237,5,2025-05-19,Churned
CUST04238,5,2025-09-18,Churned
CUST04239,5,2025-11-26,Active
CUST04240,3,2025-11-22,Active
CUST04241,5,2025-05-27,Churned
CUST04242,3,2025-09-29,Churned
CUST04243,3,2025-06-26,Churned
CUST04244,8,2025-12-12,Active
CUST04245,12,2025-12-16,Active
CUST04246,4,2024-11-26,Churned
CUST04247,6,2025-10-05,Active
CUST04248,4,2025-09-28,Churned
CUST04249,2,2024-10-03,Churned
CUST04250,2,2025-04-02,Churned
CUST04251,5,2024-10-17,Churned
CUST04252,7,2025-10-18,Active
CUST04253,2,2025-10-27,Active
CUST04254,5,2025-03-28,Churned
CUST04255,8,2025-11-16,Active
CUST04256,3,2025-05-21,Churned
CUST04257,9,2025-10-17,Active
CUST04258,4,2025-10-27,Active
CUST04259,5,2025-09-05,Churned
CUST04260,11,2025-12-02,Active
CUST04261,6,2025-02-04,Churned
CUST04262,6,2025-05-09,Churned
CUST04263,5,2025-12-23,Active
CUST04264,4,2025-08-08,Churned
CUST04265,8,2025-10-27,Active
CUST04266,3,2025-08-09,Churned
CUST04267,4,2025-09-20,Churned
CUST04268,8,2025-10-31,Active
CUST04269,6,2025-11-25,Active
CUST04270,12,2025-12-26,Active
CUST04271,6,2025-08-15,Churned
CUST04272,4,2025-09-17,Churned
CUST04273,8,2025-11-15,Active
CUST04274,3,2025-12-05,Active
CUST04275,2,2024-11-27,Churned
CUST04276,1,2024-11-15,Churned
CUST04277,8,2025-12-20,Active
CUST04278,9,2025-10-07,Active
CUST04279,4,2025-12-24,Active
CUST04280,2,2024-11-19,Churned
CUST04281,5,2025-10-31,Active
CUST04282,3,2024-10-15,Churned
CUST04283,6,2025-09-14,Churned
CUST04284,9,2025-12-08,Active
CUST04285,3,2025-12-15,Active
CUST04286,8,2025-10-16,Active
CUST04287,7,2025-07-18,Churned
CUST04288,6,2025-06-05,Churned
CUST04289,7,2025-11-23,Active
CUST04290,7,2025-10-27,Active
CUST04291,0,,Active
CUST04292,3,2025-04-21,Churned
CUST04293,3,2025-08-24,Churned
CUST04294,4,2025-11-14,Active
CUST04295,4,2025-08-21,Churned
CUST04296,3,2025-08-28,Churned
CUST04297,9,2025-12-11,Active
CUST04298,6,2025-10-03,Active
CUST04299,6,2025-11-22,Active
CUST04300,4,2025-12-26,Active
CUST04301,2,2025-06-19,Churned
CUST04302,5,2025-07-08,Churned
CUST04303,3,2025-08-07,Churned
CUST04304,7,2025-09-02,Churned
CUST04305,7,2025-09-11,Churned
CUST04306,6,2025-09-15,Churned
CUST04307,8,2025-12-08,Active
CUST04308,6,2025-03-13,Churned
CUST04309,4,2025-11-26,Active
CUST04310,7,2025-12-19,Active
CUST04311,9,2025-11-30,Active
CUST04312,4,2025-05-09,Churned
CUST04313,4,2025-11-05,Active
CUST04314,0,,Active
CUST04315,2,2025-01-08,Churned
CUST04316,6,2025-12-05,Active
CUST04317,5,2025-10-17,Active
CUST04318,5,2025-12-06,Active
CUST04319,5,2025-04-22,Churned
CUST04320,7,2025-12-24,Active
CUST04321,4,2025-08-16,Churned
CUST04322,4,2025-10-29,Active
CUST04323,5,2025-12-07,Active
CUST04324,11,2025-11-12,Active
CUST04325,5,2025-08-21,Churned
CUST04326,8,2025-07-18,Churned
CUST04327,6,2025-12-17,Active
CUST04328,5,2025-11-17,Active
CUST04329,7,2025-08-05,Churned
CUST04330,5,2025-04-22,Churned
CUST04331,5,2025-08-26,Churned
CUST04332,7,2025-07-31,Churned
CUST04333,4,2025-07-26,Churned
CUST04334,6,2025-11-04,Active
CUST04335,4,2025-03-23,Churned
CUST04336,2,2024-12-10,Churned
CUST04337,6,2025-02-06,Churned
CUST04338,8,2025-11-12,Active
CUST04339,3,2025-07-14,Churned
CUST04340,5,2025-10-16,Active
CUST04341,3,2025-02-10,Churned
CUST04342,2,2024-10-21,Churned
CUST04343,6,2025-12-01,Active
CUST04344,0,,Active
CUST04345,5,2025-08-17,Churned
CUST04346,9,2025-12-19,Active
CUST04347,2,2025-11-19,Active
CUST04348,6,2025-07-28,Churned
CUST04349,1,2024-03-16,Churned
CUST04350,11,2025-09-30,Churned
CUST04351,2,2025-11-27,Active
CUST04352,2,2024-11-22,Churned
CUST04353,4,2025-07-29,Churned
CUST04354,3,2025-12-20,Active
CUST04355,3,2025-11-18,Active
CUST04356,5,2025-12-11,Active
CUST04357,11,2025-11-21,Active
CUST04358,3,2025-04-01,Churned
CUST04359,4,2025-01-20,Churned
CUST04360,6,2025-12-11,Active
CUST04361,4,2025-10-11,Active
CUST04362,5,2025-08-03,Churned
CUST04363,8,2025-11-27,Active
CUST04364,8,2025-12-26,Active
CUST04365,6,2025-02-21,Churned
CUST04366,3,2025-07-10,Churned
CUST04367,5,2025-12-20,Active
CUST04368,6,2025-12-10,Active
CUST04369,8,2025-10-07,Active
CUST04370,3,2025-12-23,Active
CUST04371,5,2025-09-16,Churned
CUST04372,7,2025-12-21,Active
CUST04373,9,2025-11-15,Active
CUST04374,13,2025-11-22,Active
CUST04375,5,2025-12-20,Active
CUST04376,4,2025-11-17,Active
CUST04377,3,2025-07-24,Churned
CUST04378,6,2025-11-10,Active
CUST04379,8,2025-08-11,Churned
CUST04380,5,2025-12-14,Active
CUST04381,6,2025-12-06,Active
CUST04382,7,2025-08-06,Churned
CUST04383,7,2025-12-31,Active
CUST04384,3,2025-04-29,Churned
CUST04385,2,2025-04-28,Churned
CUST04386,4,2025-09-02,Churned
CUST04387,5,2025-12-01,Active
CUST04388,1,2025-04-07,Churned
CUST04389,6,2025-08-11,Churned
CUST04390,3,2024-07-10,Churned
CUST04391,6,2025-10-28,Active
CUST04392,6,2025-10-09,Active
CUST04393,8,2025-11-26,Active
CUST04394,3,2024-10-26,Churned
CUST04395,3,2025-02-07,Churned
CUST04396,2,2025-12-13,Active
CUST04397,8,2025-08-31,Churned
CUST04398,8,2025-10-29,Active
CUST04399,5,2025-05-22,Churned
CUST04400,5,2025-09-26,Churned
CUST04401,3,2025-10-05,Active
CUST04402,7,2025-08-06,Churned
CUST04403,4,2025-11-11,Active
CUST04404,6,2025-11-05,Active
CUST04405,8,2025-04-09,Churned
CUST04406,3,2024-10-11,Churned
CUST04407,4,2025-01-18,Churned
CUST04408,7,2025-10-17,Active
CUST04409,7,2025-12-25,Active
CUST04410,4,2025-12-16,Active
CUST04411,6,2025-05-12,Churned
CUST04412,5,2025-11-26,Active
CUST04413,7,2024-11-28,Churned
CUST04414,3,2025-01-11,Churned
CUST04415,8,2025-12-29,Active
CUST04416,6,2025-11-18,Active
CUST04417,4,2025-08-19,Churned
CUST04418,7,2025-12-11,Active
CUST04419,5,2025-09-06,Churned
CUST04420,4,2025-10-11,Active
CUST04421,3,2025-07-25,Churned
CUST04422,2,2025-06-23,Churned
CUST04423,2,2025-04-19,Churned
CUST04424,2,2025-11-18,Active
CUST04425,3,2025-12-30,Active
CUST04426,4,2025-04-02,Churned
CUST04427,13,2025-12-23,Active
CUST04428,3,2024-12-15,Churned
CUST04429,4,2025-02-02,Churned
CUST04430,5,2025-04-05,Churned
CUST04431,4,2025-08-19,Churned
CUST04432,5,2025-09-30,Churned
CUST04433,3,2024-05-26,Churned
CUST04434,10,2025-05-28,Churned
CUST04435,4,2025-10-31,Active
CUST04436,5,2025-12-28,Active
CUST04437,9,2025-08-02,Churned
CUST04438,3,2025-08-19,Churned
CUST04439,5,2025-12-02,Active
CUST04440,6,2025-12-26,Active
CUST04441,4,2025-11-08,Active
CUST04442,5,2025-12-31,Active
CUST04443,3,2025-01-26,Churned
CUST04444,4,2025-03-11,Churned
CUST04445,1,2025-09-05,Churned
CUST04446,2,2025-12-06,Active
CUST04447,4,2025-09-27,Churned
CUST04448,2,2024-03-01,Churned
CUST04449,6,2025-12-08,Active
CUST04450,7,2025-10-31,Active
CUST04451,2,2025-01-24,Churned
CUST04452,5,2025-02-20,Churned
CUST04453,8,2025-12-17,Active
CUST04454,3,2025-08-10,Churned
CUST04455,9,2025-12-22,Active
CUST04456,2,2025-02-16,Churned
CUST04457,5,2025-03-01,Churned
CUST04458,4,2025-01-25,Churned
CUST04459,3,2025-12-14,Active
CUST04460,3,2025-05-18,Churned
CUST04461,7,2025-04-06,Churned
CUST04462,2,2025-10-10,Active
CUST04463,2,2025-06-02,Churned
CUST04464,6,2025-10-29,Active
CUST04465,3,2024-09-15,Churned
CUST04466,7,2025-09-01,Churned
CUST04467,6,2025-12-28,Active
CUST04468,6,2025-08-21,Churned
CUST04469,10,2025-11-02,Active
CUST04470,5,2025-11-08,Active
CUST04471,5,2025-10-19,Active
CUST04472,5,2025-05-11,Churned
CUST04473,4,2025-04-17,Churned
CUST04474,2,2024-11-03,Churned
CUST04475,7,2025-12-30,Active
CUST04476,4,2025-01-15,Churned
CUST04477,3,2025-03-05,Churned
CUST04478,1,2025-06-09,Churned
CUST04479,7,2025-11-11,Active
CUST04480,5,2025-10-06,Active
CUST04481,1,2025-12-17,Active
CUST04482,4,2025-11-20,Active
CUST04483,4,2025-08-19,Churned
CUST04484,4,2025-11-02,Active
CUST04485,3,2025-02-09,Churned
CUST04486,4,2024-12-18,Churned
CUST04487,4,2025-10-07,Active
CUST04488,6,2025-12-31,Active
CUST04489,3,2025-12-27,Active
CUST04490,7,2025-12-23,Active
CUST04491,6,2025-11-14,Active
CUST04492,5,2025-09-07,Churned
CUST04493,7,2025-06-13,Churned
CUST04494,3,2025-08-19,Churned
CUST04495,5,2025-12-02,Active
CUST04496,5,2025-10-17,Active
CUST04497,7,2025-11-16,Active
CUST04498,5,2025-10-09,Active
CUST04499,9,2025-10-12,Active
CUST04500,5,2025-08-10,Churned
CUST04501,3,2025-02-08,Churned
CUST04502,2,2024-06-05,Churned
CUST04503,3,2025-11-27,Active
CUST04504,9,2025-08-05,Churned
CUST04505,5,2025-07-21,Churned
CUST04506,9,2025-12-10,Active
CUST04507,2,2025-02-18,Churned
CUST04508,5,2025-12-30,Active
CUST04509,6,2025-12-15,Active
CUST04510,4,2025-12-23,Active
CUST04511,8,2025-08-11,Churned
CUST04512,3,2025-09-13,Churned
CUST04513,6,2025-11-02,Active
CUST04514,3,2025-04-07,Churned
CUST04515,5,2025-09-04,Churned
CUST04516,4,2025-10-29,Active
CUST04517,6,2025-07-27,Churned
CUST04518,6,2025-07-01,Churned
CUST04519,5,2025-11-13,Active
CUST04520,7,2025-12-15,Active
CUST04521,3,2025-12-15,Active
CUST04522,6,2025-10-10,Active
CUST04523,5,2025-07-17,Churned
CUST04524,3,2024-04-15,Churned
CUST04525,6,2025-09-20,Churned
CUST04526,7,2025-12-21,Active
CUST04527,0,,Active
CUST04528,7,2025-04-23,Churned
CUST04529,4,2025-11-03,Active
CUST04530,1,2025-12-09,Active
CUST04531,8,2025-08-21,Churned
CUST04532,3,2024-07-20,Churned
CUST04533,2,2024-12-05,Churned
CUST04534,10,2025-09-18,Churned
CUST04535,8,2025-08-31,Churned
CUST04536,3,2025-11-07,Active
CUST04537,4,2025-09-08,Churned
CUST04538,5,2025-08-27,Churned
CUST04539,1,2025-11-02,Active
CUST04540,10,2025-10-01,Churned
CUST04541,6,2025-07-22,Churned
CUST04542,11,2025-11-20,Active
CUST04543,6,2025-09-15,Churned
CUST04544,8,2025-09-11,Churned
CUST04545,6,2025-07-29,Churned
CUST04546,3,2025-12-10,Active
CUST04547,7,2025-06-08,Churned
CUST04548,8,2025-11-11,Active
CUST04549,7,2025-10-22,Active
CUST04550,7,2025-10-17,Active
CUST04551,5,2025-04-08,Churned
CUST04552,3,2024-12-28,Churned
CUST04553,2,2025-05-18,Churned
CUST04554,4,2025-01-22,Churned
CUST04555,2,2025-11-10,Active
CUST04556,3,2025-09-02,Churned
CUST04557,5,2025-04-25,Churned
CUST04558,4,2025-04-30,Churned
CUST04559,1,2025-07-28,Churned
CUST04560,5,2025-09-08,Churned
CUST04561,7,2025-11-14,Active
CUST04562,6,2025-10-23,Active
CUST04563,5,2025-01-25,Churned
CUST04564,8,2025-07-10,Churned
CUST04565,9,2025-11-26,Active
CUST04566,10,2025-12-11,Active
CUST04567,7,2025-08-21,Churned
CUST04568,6,2025-08-22,Churned
CUST04569,2,2025-08-04,Churned
CUST04570,5,2025-09-23,Churned
CUST04571,8,2025-07-10,Churned
CUST04572,3,2025-09-07,Churned
CUST04573,9,2025-10-29,Active
CUST04574,1,2024-11-13,Churned
CUST04575,5,2025-05-09,Churned
CUST04576,8,2025-11-19,Active
CUST04577,7,2025-12-22,Active
CUST04578,7,2025-10-28,Active
CUST04579,5,2025-12-26,Active
CUST04580,6,2025-12-15,Active
CUST04581,3,2025-10-25,Active
CUST04582,5,2025-08-25,Churned
CUST04583,5,2025-09-21,Churned
CUST04584,6,2025-11-19,Active
CUST04585,2,2024-03-07,Churned
CUST04586,5,2025-03-08,Churned
CUST04587,2,2024-05-22,Churned
CUST04588,5,2025-11-07,Active
CUST04589,10,2025-10-21,Active
CUST04590,4,2025-05-07,Churned
CUST04591,5,2025-11-06,Active
CUST04592,12,2025-12-06,Active
CUST04593,10,2025-09-05,Churned
CUST04594,4,2025-11-13,Active
CUST04595,3,2025-08-16,Churned
CUST04596,6,2025-01-27,Churned
CUST04597,3,2024-07-12,Churned
CUST04598,2,2025-09-28,Churned
CUST04599,6,2025-12-26,Active
CUST04600,6,2025-09-21,Churned
CUST04601,3,2025-07-20,Churned
CUST04602,1,2024-05-27,Churned
CUST04603,2,2024-05-13,Churned
CUST04604,7,2025-10-16,Active
CUST04605,5,2025-05-10,Churned
CUST04606,2,2025-09-13,Churned
CUST04607,4,2025-10-01,Churned
CUST04608,8,2025-12-08,Active
CUST04609,3,2024-12-16,Churned
CUST04610,7,2025-07-26,Churned
CUST04611,1,2024-05-24,Churned
CUST04612,2,2025-02-24,Churned
CUST04613,4,2025-10-28,Active
CUST04614,4,2024-09-21,Churned
CUST04615,6,2025-11-22,Active
CUST04616,4,2025-01-15,Churned
CUST04617,3,2025-11-22,Active
CUST04618,5,2025-05-20,Churned
CUST04619,9,2025-11-07,Active
CUST04620,6,2025-11-14,Active
CUST04621,5,2025-06-23,Churned
CUST04622,4,2025-11-28,Active
CUST04623,2,2025-06-07,Churned
CUST04624,5,2025-12-15,Active
CUST04625,2,2025-07-16,Churned
CUST04626,7,2025-11-16,Active
CUST04627,9,2025-10-29,Active
CUST04628,4,2025-04-12,Churned
CUST04629,9,2025-07-18,Churned
CUST04630,6,2025-10-24,Active
CUST04631,4,2025-11-26,Active
CUST04632,2,2025-11-23,Active
CUST04633,2,2024-05-08,Churned
CUST04634,5,2025-10-05,Active
CUST04635,4,2025-11-11,Active
CUST04636,6,2025-08-31,Churned
CUST04637,0,,Active
CUST04638,3,2025-11-16,Active
CUST04639,3,2025-07-30,Churned
CUST04640,2,2024-09-28,Churned
CUST04641,4,2025-01-07,Churned
CUST04642,8,2025-12-15,Active
CUST04643,2,2025-07-30,Churned
CUST04644,11,2025-09-18,Churned
CUST04645,5,2025-12-01,Active
CUST04646,5,2025-02-20,Churned
CUST04647,3,2025-10-15,Active
CUST04648,8,2025-12-01,Active
CUST04649,4,2024-09-24,Churned
CUST04650,4,2025-12-29,Active
CUST04651,9,2025-12-07,Active
CUST04652,6,2025-09-23,Churned
CUST04653,6,2025-08-19,Churned
CUST04654,9,2025-09-22,Churned
CUST04655,6,2025-10-29,Active
CUST04656,6,2025-11-28,Active
CUST04657,10,2025-09-22,Churned
CUST04658,7,2025-10-18,Active
CUST04659,5,2025-08-03,Churned
CUST04660,6,2025-10-12,Active
CUST04661,3,2025-12-09,Active
CUST04662,4,2025-12-02,Active
CUST04663,5,2025-11-13,Active
CUST04664,8,2025-11-11,Active
CUST04665,9,2025-06-15,Churned
CUST04666,2,2025-06-06,Churned
CUST04667,7,2025-06-26,Churned
CUST04668,4,2025-08-22,Churned
CUST04669,3,2024-10-13,Churned
CUST04670,2,2025-10-08,Active
CUST04671,6,2025-11-19,Active
CUST04672,5,2025-07-03,Churned
CUST04673,3,2025-12-21,Active
CUST04674,10,2025-11-09,Active
CUST04675,4,2025-07-14,Churned
CUST04676,6,2025-07-05,Churned
CUST04677,9,2025-10-24,Active
CUST04678,4,2024-11-18,Churned
CUST04679,6,2025-10-27,Active
CUST04680,3,2025-10-02,Churned
CUST04681,5,2025-07-23,Churned
CUST04682,2,2024-12-03,Churned
CUST04683,6,2025-11-28,Active
CUST04684,6,2025-11-11,Active
CUST04685,6,2025-08-11,Churned
CUST04686,4,2025-12-08,Active
CUST04687,6,2025-11-01,Active
CUST04688,3,2025-02-06,Churned
CUST04689,6,2025-07-15,Churned
CUST04690,9,2025-10-10,Active
CUST04691,9,2025-12-24,Active
CUST04692,4,2025-09-06,Churned
CUST04693,2,2025-05-04,Churned
CUST04694,6,2025-11-19,Active
CUST04695,4,2025-11-24,Active
CUST04696,9,2025-11-16,Active
CUST04697,5,2025-08-01,Churned
CUST04698,3,2024-08-19,Churned
CUST04699,5,2025-04-23,Churned
CUST04700,6,2025-10-09,Active
CUST04701,3,2025-03-11,Churned
CUST04702,8,2025-11-22,Active
CUST04703,3,2025-09-27,Churned
CUST04704,4,2025-11-04,Active
CUST04705,3,2025-04-29,Churned
CUST04706,3,2025-11-17,Active
CUST04707,4,2025-10-18,Active
CUST04708,4,2025-10-16,Active
CUST04709,6,2025-12-14,Active
CUST04710,2,2024-03-19,Churned
CUST04711,6,2025-09-06,Churned
CUST04712,5,2025-03-01,Churned
CUST04713,10,2025-09-29,Churned
CUST04714,3,2025-10-20,Active
CUST04715,11,2025-10-04,Active
CUST04716,3,2025-11-05,Active
CUST04717,5,2025-07-13,Churned
CUST04718,4,2025-09-12,Churned
CUST04719,7,2025-09-23,Churned
CUST04720,6,2025-10-17,Active
CUST04721,6,2025-06-02,Churned
CUST04722,4,2025-12-20,Active
CUST04723,5,2025-12-09,Active
CUST04724,3,2025-10-02,Churned
CUST04725,4,2025-08-13,Churned
CUST04726,6,2025-01-20,Churned
CUST04727,8,2025-10-13,Active
CUST04728,5,2025-06-15,Churned
CUST04729,9,2025-12-16,Active
CUST04730,8,2025-08-17,Churned
CUST04731,7,2025-07-20,Churned
CUST04732,5,2025-10-06,Active
CUST04733,3,2025-12-09,Active
CUST04734,6,2025-10-17,Active
CUST04735,6,2025-09-19,Churned
CUST04736,4,2025-11-02,Active
CUST04737,4,2025-08-27,Churned
CUST04738,2,2025-10-01,Churned
CUST04739,13,2025-12-14,Active
CUST04740,4,2025-02-18,Churned
CUST04741,8,2025-12-23,Active
CUST04742,3,2025-03-26,Churned
CUST04743,8,2025-12-30,Active
CUST04744,8,2025-12-09,Active
CUST04745,5,2024-10-17,Churned
CUST04746,3,2025-12-11,Active
CUST04747,6,2025-09-09,Churned
CUST04748,5,2025-07-11,Churned
CUST04749,6,2025-09-22,Churned
CUST04750,4,2025-07-10,Churned
CUST04751,2,2025-12-10,Active
CUST04752,6,2025-09-01,Churned
CUST04753,4,2025-06-13,Churned
CUST04754,5,2025-09-19,Churned
CUST04755,9,2025-11-25,Active
CUST04756,6,2025-11-03,Active
CUST04757,4,2025-10-10,Active
CUST04758,5,2025-10-08,Active
CUST04759,5,2025-09-20,Churned
CUST04760,7,2025-10-08,Active
CUST04761,5,2025-12-02,Active
CUST04762,3,2024-11-19,Churned
CUST04763,2,2025-10-14,Active
CUST04764,6,2025-07-31,Churned
CUST04765,3,2024-11-17,Churned
CUST04766,5,2025-05-24,Churned
CUST04767,5,2025-09-24,Churned
CUST04768,3,2025-12-04,Active
CUST04769,4,2024-05-09,Churned
CUST04770,3,2025-09-20,Churned
CUST04771,4,2025-12-26,Active
CUST04772,8,2025-11-15,Active
CUST04773,6,2025-12-08,Active
CUST04774,4,2025-10-31,Active
CUST04775,3,2025-12-23,Active
CUST04776,3,2025-06-03,Churned
CUST04777,6,2025-09-07,Churned
CUST04778,8,2025-10-17,Active
CUST04779,3,2025-12-31,Active
CUST04780,6,2025-09-30,Churned
CUST04781,7,2025-11-27,Active
CUST04782,5,2025-11-30,Active
CUST04783,6,2025-03-07,Churned
CUST04784,7,2025-11-05,Active
CUST04785,5,2025-07-03,Churned
CUST04786,2,2025-04-19,Churned
CUST04787,5,2025-11-19,Active
CUST04788,3,2025-06-24,Churned
CUST04789,2,2025-03-21,Churned
CUST04790,6,2025-10-30,Active
CUST04791,4,2025-07-03,Churned
CUST04792,4,2025-10-16,Active
CUST04793,3,2025-08-02,Churned
CUST04794,11,2025-10-12,Active
CUST04795,4,2025-10-21,Active
CUST04796,5,2025-08-10,Churned
CUST04797,6,2025-12-01,Active
CUST04798,3,2025-12-16,Active
CUST04799,9,2025-12-25,Active
CUST04800,5,2025-12-29,Active
CUST04801,5,2025-10-02,Churned
CUST04802,5,2025-12-13,Active
CUST04803,4,2025-05-15,Churned
CUST04804,5,2025-10-19,Active
CUST04805,2,2025-10-10,Active
CUST04806,9,2025-11-12,Active
CUST04807,2,2025-02-15,Churned
CUST04808,6,2025-12-15,Active
CUST04809,8,2025-12-09,Active
CUST04810,3,2025-05-12,Churned
CUST04811,4,2025-11-29,Active
CUST04812,4,2025-01-14,Churned
CUST04813,6,2025-12-25,Active
CUST04814,8,2025-12-16,Active
CUST04815,4,2025-05-25,Churned
CUST04816,8,2025-03-22,Churned
CUST04817,5,2025-10-02,Churned
CUST04818,7,2025-09-18,Churned
CUST04819,5,2025-08-26,Churned
CUST04820,5,2025-12-31,Active
CUST04821,7,2025-12-02,Active
CUST04822,6,2025-11-23,Active
CUST04823,5,2025-10-22,Active
CUST04824,8,2025-08-01,Churned
CUST04825,4,2025-01-02,Churned
CUST04826,4,2025-08-11,Churned
CUST04827,9,2025-12-23,Active
CUST04828,6,2025-10-31,Active
CUST04829,4,2025-12-28,Active
CUST04830,2,2025-05-03,Churned
CUST04831,1,2025-03-02,Churned
CUST04832,11,2025-11-17,Active
CUST04833,4,2025-05-20,Churned
CUST04834,1,2025-08-10,Churned
CUST04835,5,2025-10-13,Active
CUST04836,1,2025-08-02,Churned
CUST04837,4,2025-12-23,Active
CUST04838,2,2025-10-06,Active
CUST04839,2,2025-11-02,Active
CUST04840,5,2025-10-20,Active
CUST04841,3,2025-09-13,Churned
CUST04842,3,2025-03-20,Churned
CUST04843,9,2025-08-24,Churned
CUST04844,4,2025-05-07,Churned
CUST04845,4,2025-11-27,Active
CUST04846,4,2025-10-26,Active
CUST04847,6,2025-12-10,Active
CUST04848,6,2025-11-20,Active
CUST04849,7,2025-03-04,Churned
CUST04850,7,2025-11-30,Active
CUST04851,1,2025-03-12,Churned
CUST04852,3,2025-08-16,Churned
CUST04853,4,2025-03-14,Churned
CUST04854,4,2025-09-08,Churned
CUST04855,3,2024-08-20,Churned
CUST04856,5,2025-05-10,Churned
CUST04857,4,2025-05-08,Churned
CUST04858,6,2025-10-08,Active
CUST04859,5,2025-10-02,Churned
CUST04860,2,2025-07-22,Churned
CUST04861,8,2025-09-21,Churned
CUST04862,8,2025-12-07,Active
CUST04863,7,2025-11-28,Active
CUST04864,2,2025-05-11,Churned
CUST04865,7,2025-12-09,Active
CUST04866,7,2025-11-04,Active
CUST04867,5,2025-09-09,Churned
CUST04868,6,2025-08-18,Churned
CUST04869,6,2025-12-19,Active
CUST04870,7,2025-12-01,Active
CUST04871,4,2024-11-17,Churned
CUST04872,6,2025-09-27,Churned
CUST04873,5,2025-12-09,Active
CUST04874,6,2025-12-03,Active
CUST04875,7,2025-03-16,Churned
CUST04876,6,2025-08-06,Churned
CUST04877,5,2025-12-02,Active
CUST04878,4,2025-10-28,Active
CUST04879,6,2025-04-07,Churned
CUST04880,5,2025-08-18,Churned
CUST04881,7,2025-12-11,Active
CUST04882,7,2025-11-01,Active
CUST04883,6,2025-11-17,Active
CUST04884,8,2025-10-08,Active
CUST04885,7,2025-12-19,Active
CUST04886,6,2025-10-29,Active
CUST04887,4,2025-09-24,Churned
CUST04888,4,2025-06-08,Churned
CUST04889,9,2025-11-23,Active
CUST04890,5,2025-08-31,Churned
CUST04891,7,2025-11-03,Active
CUST04892,7,2025-09-20,Churned
CUST04893,5,2025-10-08,Active
CUST04894,8,2025-09-12,Churned
CUST04895,2,2025-11-18,Active
CUST04896,8,2025-12-14,Active
CUST04897,1,2025-09-04,Churned
CUST04898,5,2025-08-20,Churned
CUST04899,4,2025-06-12,Churned
CUST04900,3,2025-12-22,Active
CUST04901,6,2025-03-27,Churned
CUST04902,6,2025-06-30,Churned
CUST04903,3,2025-08-09,Churned
CUST04904,6,2025-12-24,Active
CUST04905,8,2025-11-16,Active
CUST04906,4,2025-01-11,Churned
CUST04907,3,2025-09-22,Churned
CUST04908,5,2025-11-01,Active
CUST04909,15,2025-11-13,Active
CUST04910,5,2025-08-20,Churned
CUST04911,6,2025-12-06,Active
CUST04912,6,2025-12-12,Active
CUST04913,6,2025-05-07,Churned
CUST04914,4,2025-11-28,Active
CUST04915,5,2025-09-26,Churned
CUST04916,7,2025-11-30,Active
CUST04917,5,2025-12-10,Active
CUST04918,3,2025-11-27,Active
CUST04919,4,2025-09-22,Churned
CUST04920,5,2025-12-08,Active
CUST04921,4,2025-08-27,Churned
CUST04922,4,2025-12-08,Active
CUST04923,7,2025-12-16,Active
CUST04924,7,2025-12-04,Active
CUST04925,6,2025-11-29,Active
CUST04926,6,2024-12-07,Churned
CUST04927,9,2025-09-17,Churned
CUST04928,6,2025-10-11,Active
CUST04929,6,2025-08-02,Churned
CUST04930,7,2025-12-16,Active
CUST04931,6,2025-11-24,Active
CUST04932,4,2025-10-26,Active
CUST04933,8,2025-09-29,Churned
CUST04934,3,2025-12-07,Active
CUST04935,5,2025-06-22,Churned
CUST04936,3,2025-05-10,Churned
CUST04937,4,2025-06-08,Churned
CUST04938,10,2025-11-01,Active
CUST04939,4,2025-08-25,Churned
CUST04940,9,2025-12-25,Active
CUST04941,6,2025-11-10,Active
CUST04942,7,2025-11-04,Active
CUST04943,6,2025-12-19,Active
CUST04944,1,2024-05-14,Churned
CUST04945,2,2025-06-15,Churned
CUST04946,2,2025-12-10,Active
CUST04947,4,2025-08-21,Churned
CUST04948,5,2025-11-23,Active
CUST04949,5,2025-07-02,Churned
CUST04950,3,2025-05-13,Churned
CUST04951,9,2025-12-31,Active
CUST04952,3,2025-05-07,Churned
CUST04953,5,2025-08-20,Churned
CUST04954,7,2025-11-24,Active
CUST04955,8,2025-10-25,Active
CUST04956,1,2025-10-05,Active
CUST04957,3,2025-11-23,Active
CUST04958,4,2025-12-19,Active
CUST04959,5,2025-10-17,Active
CUST04960,5,2025-09-08,Churned
CUST04961,6,2025-08-21,Churned
CUST04962,4,2025-05-23,Churned
CUST04963,5,2025-10-21,Active
CUST04964,7,2025-11-09,Active
CUST04965,3,2025-12-01,Active
CUST04966,6,2025-10-29,Active
CUST04967,5,2025-11-24,Active
CUST04968,6,2025-10-26,Active
CUST04969,7,2025-12-11,Active
CUST04970,5,2025-04-27,Churned
CUST04971,6,2025-05-28,Churned
CUST04972,6,2025-12-23,Active
CUST04973,5,2025-03-27,Churned
CUST04974,7,2025-11-22,Active
CUST04975,5,2025-12-20,Active
CUST04976,5,2024-11-02,Churned
CUST04977,5,2025-12-20,Active
CUST04978,2,2025-03-12,Churned
CUST04979,2,2025-02-23,Churned
CUST04980,3,2025-07-01,Churned
CUST04981,5,2025-12-28,Active
CUST04982,2,2025-10-28,Active
CUST04983,2,2025-06-14,Churned
CUST04984,6,2025-12-09,Active
CUST04985,4,2025-08-05,Churned
CUST04986,5,2025-10-16,Active
CUST04987,4,2025-10-14,Active
CUST04988,6,2025-12-24,Active
CUST04989,9,2025-09-26,Churned
CUST04990,3,2025-08-13,Churned
CUST04991,8,2025-12-21,Active
CUST04992,3,2025-03-12,Churned
CUST04993,5,2025-11-18,Active
CUST04994,7,2025-08-08,Churned
CUST04995,3,2025-07-12,Churned
CUST04996,6,2025-10-26,Active
CUST04997,4,2025-09-08,Churned
CUST04998,5,2025-12-16,Active
CUST04999,5,2025-02-03,Churned
CUST05000,3,2024-11-10,Churned
CUST05001,8,2025-09-22,Churned
CUST05002,5,2025-10-24,Active
CUST05003,5,2025-08-21,Churned
CUST05004,6,2025-06-11,Churned
CUST05005,7,2025-04-19,Churned
CUST05006,6,2025-12-31,Active
CUST05007,5,2025-02-28,Churned
CUST05008,2,2025-12-04,Active
CUST05009,7,2025-10-05,Active
CUST05010,1,2025-01-11,Churned
CUST05011,3,2025-09-11,Churned
CUST05012,9,2025-11-04,Active
CUST05013,4,2025-05-08,Churned
CUST05014,9,2025-07-12,Churned
CUST05015,2,2025-06-28,Churned
CUST05016,7,2025-10-13,Active
CUST05017,5,2025-11-07,Active
CUST05018,9,2025-10-11,Active
CUST05019,7,2025-12-10,Active
CUST05020,3,2025-07-16,Churned
CUST05021,3,2024-11-13,Churned
CUST05022,4,2025-11-03,Active
CUST05023,8,2025-10-21,Active
CUST05024,3,2025-09-12,Churned
CUST05025,10,2025-12-25,Active
CUST05026,5,2025-11-04,Active
CUST05027,5,2025-05-15,Churned
CUST05028,5,2025-09-03,Churned
CUST05029,7,2025-11-02,Active
CUST05030,3,2025-12-22,Active
CUST05031,9,2025-12-25,Active
CUST05032,9,2025-04-11,Churned
CUST05033,6,2025-12-23,Active
CUST05034,5,2025-05-11,Churned
CUST05035,4,2025-11-09,Active
CUST05036,4,2025-10-24,Active
CUST05037,2,2025-12-22,Active
CUST05038,9,2025-12-31,Active
CUST05039,4,2025-08-25,Churned
CUST05040,3,2025-08-12,Churned
CUST05041,8,2025-12-01,Active
CUST05042,9,2025-10-25,Active
CUST05043,9,2025-11-27,Active
CUST05044,5,2025-07-31,Churned
CUST05045,9,2025-09-16,Churned
CUST05046,2,2025-03-31,Churned
CUST05047,6,2025-09-04,Churned
CUST05048,5,2025-11-30,Active
CUST05049,4,2025-08-17,Churned
CUST05050,5,2025-02-20,Churned
CUST05051,3,2025-12-22,Active
CUST05052,5,2025-11-06,Active
CUST05053,5,2025-10-10,Active
CUST05054,3,2024-11-23,Churned
CUST05055,8,2025-10-26,Active
CUST05056,8,2025-08-05,Churned
CUST05057,4,2024-11-11,Churned
CUST05058,4,2025-11-23,Active
CUST05059,7,2025-07-03,Churned
CUST05060,7,2025-09-03,Churned
CUST05061,8,2024-09-11,Churned
CUST05062,10,2025-10-30,Active
CUST05063,5,2025-12-15,Active
CUST05064,4,2025-12-17,Active
CUST05065,5,2025-11-03,Active
CUST05066,4,2025-11-23,Active
CUST05067,5,2025-08-31,Churned
CUST05068,8,2025-11-18,Active
CUST05069,2,2025-09-07,Churned
CUST05070,2,2025-07-15,Churned
CUST05071,3,2025-11-27,Active
CUST05072,6,2025-11-29,Active
CUST05073,5,2025-08-16,Churned
CUST05074,2,2025-05-28,Churned
CUST05075,4,2025-09-11,Churned
CUST05076,4,2025-10-20,Active
CUST05077,6,2025-12-28,Active
CUST05078,7,2025-11-13,Active
CUST05079,4,2025-07-16,Churned
CUST05080,6,2025-10-12,Active
CUST05081,11,2025-12-26,Active
CUST05082,7,2025-11-07,Active
CUST05083,9,2025-10-05,Active
CUST05084,2,2024-10-17,Churned
CUST05085,8,2025-12-29,Active
CUST05086,10,2025-08-02,Churned
CUST05087,8,2025-12-12,Active
CUST05088,1,2025-01-07,Churned
CUST05089,6,2025-05-28,Churned
CUST05090,7,2025-11-20,Active
CUST05091,4,2025-12-30,Active
CUST05092,7,2025-11-05,Active
CUST05093,5,2025-11-08,Active
CUST05094,6,2025-11-07,Active
CUST05095,8,2025-12-13,Active
CUST05096,5,2024-11-04,Churned
CUST05097,5,2025-06-26,Churned
CUST05098,6,2025-10-14,Active
CUST05099,3,2025-11-18,Active
CUST05100,4,2025-06-30,Churned
CUST05101,3,2025-12-22,Active
CUST05102,1,2024-01-24,Churned
CUST05103,2,2024-08-06,Churned
CUST05104,4,2025-12-05,Active
CUST05105,6,2025-12-30,Active
CUST05106,4,2025-06-24,Churned
CUST05107,3,2025-01-05,Churned
CUST05108,5,2025-12-09,Active
CUST05109,6,2025-12-07,Active
CUST05110,5,2024-10-02,Churned
CUST05111,4,2025-10-14,Active
CUST05112,8,2025-10-26,Active
CUST05113,5,2025-11-12,Active
CUST05114,6,2025-12-09,Active
CUST05115,3,2025-08-14,Churned
CUST05116,6,2025-12-28,Active
CUST05117,7,2025-10-23,Active
CUST05118,2,2025-05-28,Churned
CUST05119,4,2025-10-05,Active
CUST05120,3,2025-12-25,Active
CUST05121,2,2025-05-14,Churned
CUST05122,5,2025-06-17,Churned
CUST05123,3,2025-05-05,Churned
CUST05124,2,2025-08-22,Churned
CUST05125,9,2025-08-26,Churned
CUST05126,4,2025-11-04,Active
CUST05127,5,2025-11-13,Active
CUST05128,7,2025-11-14,Active
CUST05129,4,2025-05-22,Churned
CUST05130,4,2025-11-07,Active
CUST05131,5,2025-08-06,Churned
CUST05132,3,2025-05-30,Churned
CUST05133,8,2025-11-30,Active
CUST05134,1,2025-07-10,Churned
CUST05135,9,2025-12-14,Active
CUST05136,4,2025-10-14,Active
CUST05137,2,2025-03-22,Churned
CUST05138,9,2025-12-09,Active
CUST05139,3,2025-09-08,Churned
CUST05140,5,2025-12-24,Active
CUST05141,3,2025-01-02,Churned
CUST05142,4,2025-05-01,Churned
CUST05143,0,,Active
CUST05144,1,2025-05-08,Churned
CUST05145,4,2025-12-30,Active
CUST05146,3,2025-11-19,Active
CUST05147,4,2025-07-08,Churned
CUST05148,6,2025-10-24,Active
CUST05149,3,2025-06-18,Churned
CUST05150,7,2025-12-26,Active
CUST05151,9,2025-11-29,Active
CUST05152,2,2025-06-17,Churned
CUST05153,3,2025-11-20,Active
CUST05154,4,2025-02-10,Churned
CUST05155,4,2025-10-08,Active
CUST05156,6,2025-05-16,Churned
CUST05157,0,,Active
CUST05158,7,2025-12-19,Active
CUST05159,5,2025-08-28,Churned
CUST05160,5,2025-11-15,Active
CUST05161,5,2025-09-26,Churned
CUST05162,12,2025-12-24,Active
CUST05163,3,2025-08-24,Churned
CUST05164,7,2025-12-28,Active
CUST05165,2,2025-02-17,Churned
CUST05166,6,2025-11-23,Active
CUST05167,3,2025-12-19,Active
CUST05168,2,2025-08-23,Churned
CUST05169,3,2025-06-18,Churned
CUST05170,5,2025-11-30,Active
CUST05171,6,2025-05-23,Churned
CUST05172,6,2025-09-15,Churned
CUST05173,6,2025-09-22,Churned
CUST05174,6,2025-11-16,Active
CUST05175,5,2025-11-10,Active
CUST05176,5,2025-10-01,Churned
CUST05177,3,2025-07-26,Churned
CUST05178,5,2025-10-26,Active
CUST05179,5,2025-10-22,Active
CUST05180,7,2025-10-08,Active
CUST05181,6,2025-08-04,Churned
CUST05182,6,2025-11-13,Active
CUST05183,5,2025-06-22,Churned
CUST05184,4,2025-11-20,Active
CUST05185,3,2025-04-26,Churned
CUST05186,4,2024-12-25,Churned
CUST05187,3,2025-12-12,Active
CUST05188,6,2025-10-25,Active
CUST05189,3,2025-12-27,Active
CUST05190,4,2025-12-14,Active
CUST05191,8,2025-11-30,Active
CUST05192,1,2024-01-06,Churned
CUST05193,4,2024-10-19,Churned
CUST05194,5,2025-07-27,Churned
CUST05195,8,2025-12-15,Active
CUST05196,6,2025-08-09,Churned
CUST05197,5,2025-12-23,Active
CUST05198,5,2025-01-29,Churned
CUST05199,2,2025-01-17,Churned
CUST05200,6,2025-07-19,Churned
CUST05201,4,2025-10-03,Active
CUST05202,3,2025-04-12,Churned
CUST05203,5,2025-05-12,Churned
CUST05204,3,2025-10-23,Active
CUST05205,3,2025-10-22,Active
CUST05206,4,2025-12-25,Active
CUST05207,3,2025-09-24,Churned
CUST05208,6,2025-10-06,Active
CUST05209,8,2025-10-26,Active
CUST05210,4,2025-12-16,Active
CUST05211,1,2024-02-13,Churned
CUST05212,8,2025-07-01,Churned
CUST05213,4,2025-08-19,Churned
CUST05214,5,2025-10-18,Active
CUST05215,5,2025-05-21,Churned
CUST05216,8,2025-09-23,Churned
CUST05217,3,2025-05-26,Churned
CUST05218,2,2025-12-30,Active
CUST05219,4,2025-09-30,Churned
CUST05220,6,2025-08-14,Churned
CUST05221,8,2025-10-20,Active
CUST05222,6,2025-07-29,Churned
CUST05223,7,2025-09-26,Churned
CUST05224,4,2025-05-05,Churned
CUST05225,3,2025-10-05,Active
CUST05226,6,2025-09-10,Churned
CUST05227,7,2025-11-20,Active
CUST05228,5,2024-12-02,Churned
CUST05229,7,2025-08-11,Churned
CUST05230,5,2025-09-06,Churned
CUST05231,4,2025-08-02,Churned
CUST05232,4,2025-11-06,Active
CUST05233,5,2025-10-24,Active
CUST05234,4,2025-10-21,Active
CUST05235,5,2025-12-22,Active
CUST05236,6,2025-11-17,Active
CUST05237,3,2025-06-13,Churned
CUST05238,8,2025-10-05,Active
CUST05239,5,2025-11-10,Active
CUST05240,7,2025-10-07,Active
CUST05241,8,2025-11-18,Active
CUST05242,4,2025-09-21,Churned
CUST05243,1,2024-06-24,Churned
CUST05244,6,2025-08-30,Churned
CUST05245,4,2025-04-10,Churned
CUST05246,7,2025-11-27,Active
CUST05247,5,2025-11-11,Active
CUST05248,6,2025-08-04,Churned
CUST05249,2,2024-08-18,Churned
CUST05250,3,2025-04-17,Churned
CUST05251,6,2025-09-22,Churned
CUST05252,5,2025-02-27,Churned
CUST05253,7,2025-09-20,Churned
CUST05254,6,2025-12-19,Active
CUST05255,6,2025-11-18,Active
CUST05256,4,2025-12-10,Active
CUST05257,4,2025-03-25,Churned
CUST05258,3,2024-06-28,Churned
CUST05259,4,2025-12-12,Active
CUST05260,4,2025-11-23,Active
CUST05261,5,2025-07-14,Churned
CUST05262,6,2025-10-02,Churned
CUST05263,4,2025-11-20,Active
CUST05264,6,2025-08-19,Churned
CUST05265,2,2025-05-23,Churned
CUST05266,3,2025-10-17,Active
CUST05267,9,2025-11-24,Active
CUST05268,6,2025-11-07,Active
CUST05269,7,2025-11-12,Active
CUST05270,8,2025-09-03,Churned
CUST05271,5,2025-11-20,Active
CUST05272,3,2025-12-20,Active
CUST05273,5,2025-01-11,Churned
CUST05274,3,2025-09-20,Churned
CUST05275,3,2025-01-15,Churned
CUST05276,5,2025-10-17,Active
CUST05277,7,2025-04-30,Churned
CUST05278,1,2025-05-13,Churned
CUST05279,2,2025-08-11,Churned
CUST05280,4,2025-07-13,Churned
CUST05281,9,2025-12-11,Active
CUST05282,6,2025-11-16,Active
CUST05283,5,2025-11-07,Active
CUST05284,4,2025-07-03,Churned
CUST05285,5,2025-05-29,Churned
CUST05286,2,2024-12-13,Churned
CUST05287,5,2025-09-20,Churned
CUST05288,0,,Active
CUST05289,8,2025-10-14,Active
CUST05290,5,2025-07-23,Churned
CUST05291,3,2025-02-27,Churned
CUST05292,4,2025-09-15,Churned
CUST05293,2,2024-09-19,Churned
CUST05294,4,2025-09-01,Churned
CUST05295,3,2025-05-23,Churned
CUST05296,4,2025-10-06,Active
CUST05297,4,2024-12-11,Churned
CUST05298,6,2025-06-03,Churned
CUST05299,2,2024-10-29,Churned
CUST05300,6,2025-05-03,Churned
CUST05301,4,2024-12-23,Churned
CUST05302,9,2025-12-29,Active
CUST05303,8,2025-10-21,Active
CUST05304,10,2025-12-14,Active
CUST05305,12,2025-12-29,Active
CUST05306,5,2025-10-22,Active
CUST05307,2,2024-06-27,Churned
CUST05308,3,2025-05-06,Churned
CUST05309,10,2025-09-19,Churned
CUST05310,7,2025-11-21,Active
CUST05311,6,2025-12-31,Active
CUST05312,11,2025-11-25,Active
CUST05313,5,2025-12-19,Active
CUST05314,4,2025-04-03,Churned
CUST05315,4,2024-11-01,Churned
CUST05316,5,2025-12-25,Active
CUST05317,3,2025-07-07,Churned
CUST05318,7,2025-07-06,Churned
CUST05319,12,2025-09-23,Churned
CUST05320,5,2025-11-09,Active
CUST05321,5,2025-10-16,Active
CUST05322,5,2025-12-02,Active
CUST05323,11,2025-10-17,Active
CUST05324,5,2025-11-10,Active
CUST05325,4,2025-11-21,Active
CUST05326,1,2024-01-11,Churned
CUST05327,4,2025-06-10,Churned
CUST05328,4,2025-10-28,Active
CUST05329,8,2025-10-13,Active
CUST05330,3,2025-08-02,Churned
CUST05331,5,2025-11-13,Active
CUST05332,8,2025-08-25,Churned
CUST05333,5,2025-12-26,Active
CUST05334,5,2025-08-20,Churned
CUST05335,6,2025-11-22,Active
CUST05336,5,2025-07-07,Churned
CUST05337,7,2025-08-27,Churned
CUST05338,5,2025-12-30,Active
CUST05339,3,2025-02-18,Churned
CUST05340,3,2025-03-18,Churned
CUST05341,1,2025-11-06,Active
CUST05342,7,2025-10-20,Active
CUST05343,6,2025-12-08,Active
CUST05344,7,2025-05-09,Churned
CUST05345,1,2025-05-28,Churned
CUST05346,3,2025-04-14,Churned
CUST05347,3,2025-03-20,Churned
CUST05348,3,2025-10-23,Active
CUST05349,7,2025-10-16,Active
CUST05350,9,2025-12-24,Active
CUST05351,2,2025-12-19,Active
CUST05352,5,2025-12-31,Active
CUST05353,7,2025-08-04,Churned
CUST05354,5,2025-09-17,Churned
CUST05355,9,2025-11-27,Active
CUST05356,6,2024-11-28,Churned
CUST05357,8,2025-09-23,Churned
CUST05358,4,2025-09-30,Churned
CUST05359,4,2025-04-09,Churned
CUST05360,4,2024-11-15,Churned
CUST05361,5,2025-05-28,Churned
CUST05362,2,2025-08-24,Churned
CUST05363,6,2025-10-18,Active
CUST05364,7,2025-11-01,Active
CUST05365,1,2024-02-19,Churned
CUST05366,8,2025-10-06,Active
CUST05367,5,2025-10-22,Active
CUST05368,4,2025-07-05,Churned
CUST05369,6,2025-07-17,Churned
CUST05370,2,2025-05-31,Churned
CUST05371,4,2025-01-10,Churned
CUST05372,3,2025-10-13,Active
CUST05373,3,2025-05-08,Churned
CUST05374,1,2024-09-14,Churned
CUST05375,4,2025-10-30,Active
CUST05376,7,2025-08-13,Churned
CUST05377,2,2025-11-29,Active
CUST05378,6,2025-07-12,Churned
CUST05379,2,2024-12-24,Churned
CUST05380,5,2025-12-20,Active
CUST05381,1,2025-12-19,Active
CUST05382,9,2025-11-04,Active
CUST05383,5,2025-10-16,Active
CUST05384,5,2025-01-17,Churned
CUST05385,7,2025-09-15,Churned
CUST05386,2,2025-08-22,Churned
CUST05387,9,2025-12-04,Active
CUST05388,3,2025-09-06,Churned
CUST05389,4,2025-10-24,Active
CUST05390,3,2025-10-28,Active
CUST05391,7,2025-09-04,Churned
CUST05392,7,2025-04-26,Churned
CUST05393,4,2025-07-10,Churned
CUST05394,8,2025-02-24,Churned
CUST05395,4,2024-10-30,Churned
CUST05396,7,2025-11-21,Active
CUST05397,3,2025-11-29,Active
CUST05398,7,2025-07-30,Churned
CUST05399,5,2025-12-20,Active
CUST05400,4,2025-06-17,Churned
CUST05401,7,2025-12-11,Active
CUST05402,6,2025-07-03,Churned
CUST05403,4,2025-02-10,Churned
CUST05404,4,2025-12-23,Active
CUST05405,4,2024-11-21,Churned
CUST05406,4,2025-11-26,Active
CUST05407,5,2025-06-21,Churned
CUST05408,7,2025-10-18,Active
CUST05409,3,2024-09-23,Churned
CUST05410,9,2025-06-21,Churned
CUST05411,4,2025-11-08,Active
CUST05412,1,2024-08-20,Churned
CUST05413,8,2025-12-19,Active
CUST05414,2,2024-06-18,Churned
CUST05415,3,2025-07-30,Churned
CUST05416,4,2025-09-08,Churned
CUST05417,10,2025-10-06,Active
CUST05418,5,2025-10-29,Active
CUST05419,8,2025-12-21,Active
CUST05420,4,2025-08-08,Churned
CUST05421,8,2025-12-13,Active
CUST05422,8,2025-06-08,Churned
CUST05423,6,2025-12-02,Active
CUST05424,4,2025-04-11,Churned
CUST05425,3,2025-05-24,Churned
CUST05426,5,2025-09-10,Churned
CUST05427,2,2025-10-19,Active
CUST05428,7,2025-11-22,Active
CUST05429,4,2025-08-03,Churned
CUST05430,5,2025-12-01,Active
CUST05431,7,2025-12-12,Active
CUST05432,8,2025-11-24,Active
CUST05433,10,2025-07-09,Churned
CUST05434,11,2025-11-27,Active
CUST05435,7,2025-09-03,Churned
CUST05436,4,2025-10-28,Active
CUST05437,3,2025-09-02,Churned
CUST05438,6,2025-12-01,Active
CUST05439,1,2024-03-10,Churned
CUST05440,1,2024-12-05,Churned
CUST05441,7,2025-11-29,Active
CUST05442,3,2025-02-23,Churned
CUST05443,4,2025-08-01,Churned
CUST05444,5,2025-11-10,Active
CUST05445,4,2025-11-05,Active
CUST05446,4,2025-05-01,Churned
CUST05447,7,2025-09-22,Churned
CUST05448,3,2025-04-24,Churned
CUST05449,6,2025-09-29,Churned
CUST05450,2,2025-01-27,Churned
CUST05451,6,2025-12-19,Active
CUST05452,4,2025-04-14,Churned
CUST05453,4,2025-10-24,Active
CUST05454,4,2025-12-12,Active
CUST05455,3,2025-10-20,Active
CUST05456,4,2025-11-23,Active
CUST05457,5,2024-11-10,Churned
CUST05458,4,2025-10-02,Churned
CUST05459,5,2025-11-03,Active
CUST05460,6,2025-11-18,Active
CUST05461,5,2025-03-21,Churned
CUST05462,4,2025-06-15,Churned
CUST05463,7,2025-04-05,Churned
CUST05464,1,2024-01-29,Churned
CUST05465,4,2024-12-25,Churned
CUST05466,5,2025-10-25,Active
CUST05467,2,2025-08-25,Churned
CUST05468,5,2025-10-20,Active
CUST05469,3,2025-10-27,Active
CUST05470,8,2025-12-30,Active
CUST05471,6,2025-09-14,Churned
CUST05472,7,2025-12-28,Active
CUST05473,6,2025-04-12,Churned
CUST05474,11,2025-10-26,Active
CUST05475,7,2025-12-20,Active
CUST05476,1,2025-06-17,Churned
CUST05477,5,2025-12-27,Active
CUST05478,4,2025-12-05,Active
CUST05479,4,2025-09-26,Churned
CUST05480,3,2025-07-15,Churned
CUST05481,9,2025-12-24,Active
CUST05482,4,2025-07-15,Churned
CUST05483,5,2024-12-07,Churned
CUST05484,4,2025-10-07,Active
CUST05485,5,2025-12-18,Active
CUST05486,4,2025-08-21,Churned
CUST05487,6,2025-11-09,Active
CUST05488,4,2025-11-16,Active
CUST05489,6,2025-08-09,Churned
CUST05490,7,2025-12-04,Active
CUST05491,3,2025-12-02,Active
CUST05492,4,2025-11-22,Active
CUST05493,4,2025-10-01,Churned
CUST05494,6,2025-05-15,Churned
CUST05495,3,2025-07-05,Churned
CUST05496,8,2025-11-13,Active
CUST05497,4,2025-12-23,Active
CUST05498,3,2024-06-14,Churned
CUST05499,8,2025-04-21,Churned
CUST05500,6,2025-09-19,Churned
CUST05501,5,2024-12-05,Churned
CUST05502,6,2025-09-27,Churned
CUST05503,8,2025-12-10,Active
CUST05504,4,2025-07-26,Churned
CUST05505,11,2025-11-11,Active
CUST05506,5,2025-12-15,Active
CUST05507,2,2025-12-13,Active
CUST05508,4,2025-07-26,Churned
CUST05509,5,2025-03-28,Churned
CUST05510,8,2025-12-17,Active
CUST05511,2,2024-08-31,Churned
CUST05512,10,2025-09-08,Churned
CUST05513,4,2025-12-06,Active
CUST05514,6,2025-08-16,Churned
CUST05515,1,2024-08-29,Churned
CUST05516,7,2025-12-25,Active
CUST05517,8,2025-07-25,Churned
CUST05518,5,2025-03-15,Churned
CUST05519,7,2025-11-08,Active
CUST05520,4,2025-11-26,Active
CUST05521,6,2025-09-18,Churned
CUST05522,2,2025-12-21,Active
CUST05523,7,2025-11-15,Active
CUST05524,6,2025-11-12,Active
CUST05525,4,2025-12-30,Active
CUST05526,6,2025-03-30,Churned
CUST05527,6,2025-10-08,Active
CUST05528,7,2025-08-11,Churned
CUST05529,7,2025-06-20,Churned
CUST05530,4,2025-09-09,Churned
CUST05531,5,2025-07-05,Churned
CUST05532,3,2025-09-18,Churned
CUST05533,1,2024-07-24,Churned
CUST05534,4,2025-01-08,Churned
CUST05535,8,2025-10-21,Active
CUST05536,9,2025-09-27,Churned
CUST05537,4,2025-08-13,Churned
CUST05538,5,2025-12-11,Active
CUST05539,4,2025-11-27,Active
CUST05540,12,2025-12-22,Active
CUST05541,5,2025-10-26,Active
CUST05542,5,2025-11-17,Active
CUST05543,4,2025-10-04,Active
CUST05544,5,2025-11-21,Active
CUST05545,6,2025-09-12,Churned
CUST05546,4,2025-12-27,Active
CUST05547,5,2025-10-02,Churned
CUST05548,3,2025-09-15,Churned
CUST05549,4,2025-09-25,Churned
CUST05550,4,2024-11-26,Churned
CUST05551,3,2025-03-07,Churned
CUST05552,2,2025-10-09,Active
CUST05553,8,2025-12-18,Active
CUST05554,6,2025-12-13,Active
CUST05555,4,2025-12-17,Active
CUST05556,10,2025-12-01,Active
CUST05557,5,2025-11-25,Active
CUST05558,5,2025-06-03,Churned
CUST05559,9,2025-12-19,Active
CUST05560,4,2025-11-15,Active
CUST05561,2,2024-11-07,Churned
CUST05562,5,2025-11-26,Active
CUST05563,3,2025-08-09,Churned
CUST05564,6,2025-10-04,Active
CUST05565,2,2025-12-12,Active
CUST05566,6,2025-11-28,Active
CUST05567,6,2025-10-21,Active
CUST05568,6,2025-03-08,Churned
CUST05569,3,2025-11-22,Active
CUST05570,2,2025-05-09,Churned
CUST05571,5,2025-12-14,Active
CUST05572,7,2025-07-20,Churned
CUST05573,11,2025-12-31,Active
CUST05574,2,2024-12-02,Churned
CUST05575,3,2025-09-10,Churned
CUST05576,7,2025-12-11,Active
CUST05577,8,2025-09-01,Churned
CUST05578,4,2025-11-09,Active
CUST05579,5,2025-06-30,Churned
CUST05580,0,,Active
CUST05581,5,2025-06-16,Churned
CUST05582,4,2025-08-13,Churned
CUST05583,3,2025-12-29,Active
CUST05584,5,2025-05-15,Churned
CUST05585,9,2025-12-14,Active
CUST05586,8,2025-06-02,Churned
CUST05587,14,2025-08-24,Churned
CUST05588,7,2025-12-14,Active
CUST05589,5,2025-11-08,Active
CUST05590,2,2024-11-02,Churned
CUST05591,4,2025-10-17,Active
CUST05592,8,2025-12-10,Active
CUST05593,5,2025-08-03,Churned
CUST05594,5,2025-09-04,Churned
CUST05595,8,2025-08-07,Churned
CUST05596,4,2025-09-09,Churned
CUST05597,7,2025-08-05,Churned
CUST05598,4,2025-12-05,Active
CUST05599,2,2025-06-15,Churned
CUST05600,9,2025-05-03,Churned
CUST05601,11,2025-12-28,Active
CUST05602,6,2025-03-30,Churned
CUST05603,6,2025-03-27,Churned
CUST05604,7,2025-11-02,Active
CUST05605,2,2025-12-15,Active
CUST05606,6,2025-12-16,Active
CUST05607,9,2025-08-31,Churned
CUST05608,4,2025-07-21,Churned
CUST05609,10,2025-12-27,Active
CUST05610,3,2025-09-18,Churned
CUST05611,7,2025-09-20,Churned
CUST05612,6,2025-10-24,Active
CUST05613,5,2025-10-24,Active
CUST05614,2,2025-01-13,Churned
CUST05615,9,2025-12-03,Active
CUST05616,9,2025-09-15,Churned
CUST05617,4,2025-10-26,Active
CUST05618,5,2025-08-19,Churned
CUST05619,8,2025-10-16,Active
CUST05620,5,2025-11-15,Active
CUST05621,5,2025-09-27,Churned
CUST05622,3,2025-10-30,Active
CUST05623,5,2025-08-19,Churned
CUST05624,7,2025-12-10,Active
CUST05625,4,2025-10-21,Active
CUST05626,5,2025-10-30,Active
CUST05627,8,2025-10-20,Active
CUST05628,2,2024-07-31,Churned
CUST05629,8,2025-12-10,Active
CUST05630,7,2025-05-28,Churned
CUST05631,5,2025-02-22,Churned
CUST05632,5,2024-06-20,Churned
CUST05633,2,2024-05-02,Churned
CUST05634,4,2025-10-23,Active
CUST05635,1,2025-07-19,Churned
CUST05636,2,2025-07-04,Churned
CUST05637,8,2025-10-28,Active
CUST05638,5,2025-12-21,Active
CUST05639,5,2025-12-16,Active
CUST05640,3,2025-11-15,Active
CUST05641,6,2025-12-01,Active
CUST05642,2,2025-12-15,Active
CUST05643,7,2025-11-08,Active
CUST05644,6,2025-12-14,Active
CUST05645,4,2025-10-26,Active
CUST05646,3,2025-02-03,Churned
CUST05647,4,2025-11-05,Active
CUST05648,7,2025-10-18,Active
CUST05649,9,2025-10-01,Churned
CUST05650,5,2025-12-05,Active
CUST05651,7,2025-08-28,Churned
CUST05652,4,2025-10-20,Active
CUST05653,4,2025-12-04,Active
CUST05654,3,2025-11-12,Active
CUST05655,10,2025-12-17,Active
CUST05656,9,2025-11-06,Active
CUST05657,3,2025-04-09,Churned
CUST05658,2,2024-03-09,Churned
CUST05659,7,2025-09-14,Churned
CUST05660,6,2024-12-06,Churned
CUST05661,8,2025-08-13,Churned
CUST05662,5,2025-08-06,Churned
CUST05663,4,2025-11-14,Active
CUST05664,11,2025-12-09,Active
CUST05665,6,2025-12-11,Active
CUST05666,5,2025-11-28,Active
CUST05667,4,2025-12-19,Active
CUST05668,4,2025-03-13,Churned
CUST05669,8,2025-12-12,Active
CUST05670,5,2025-12-27,Active
CUST05671,4,2025-06-02,Churned
CUST05672,4,2025-11-19,Active
CUST05673,5,2025-07-14,Churned
CUST05674,4,2025-06-24,Churned
CUST05675,11,2025-11-03,Active
CUST05676,5,2025-12-03,Active
CUST05677,2,2025-10-20,Active
CUST05678,8,2025-10-17,Active
CUST05679,5,2025-06-19,Churned
CUST05680,4,2025-12-03,Active
CUST05681,6,2025-12-02,Active
CUST05682,1,2024-01-05,Churned
CUST05683,3,2025-08-21,Churned
CUST05684,3,2025-08-08,Churned
CUST05685,4,2025-07-23,Churned
CUST05686,8,2025-12-15,Active
CUST05687,4,2025-07-08,Churned
CUST05688,9,2025-08-10,Churned
CUST05689,5,2025-08-12,Churned
CUST05690,3,2025-10-17,Active
CUST05691,4,2025-05-08,Churned
CUST05692,7,2025-12-23,Active
CUST05693,6,2025-09-19,Churned
CUST05694,7,2025-12-08,Active
CUST05695,3,2025-10-21,Active
CUST05696,3,2025-10-13,Active
CUST05697,4,2025-07-31,Churned
CUST05698,3,2025-09-15,Churned
CUST05699,7,2025-11-27,Active
CUST05700,5,2025-12-08,Active
CUST05701,4,2025-09-04,Churned
CUST05702,6,2025-12-12,Active
CUST05703,5,2025-07-23,Churned
CUST05704,5,2025-08-13,Churned
CUST05705,6,2025-12-01,Active
CUST05706,10,2025-10-18,Active
CUST05707,3,2025-04-20,Churned
CUST05708,6,2025-06-17,Churned
CUST05709,3,2025-09-01,Churned
CUST05710,7,2025-12-31,Active
CUST05711,7,2025-12-23,Active
CUST05712,7,2025-12-28,Active
CUST05713,5,2025-06-04,Churned
CUST05714,5,2025-11-12,Active
CUST05715,7,2025-12-02,Active
CUST05716,7,2025-11-14,Active
CUST05717,3,2025-11-07,Active
CUST05718,2,2025-04-28,Churned
CUST05719,3,2025-03-06,Churned
CUST05720,8,2025-12-31,Active
CUST05721,2,2025-06-27,Churned
CUST05722,8,2025-12-01,Active
CUST05723,2,2025-08-18,Churned
CUST05724,4,2025-12-26,Active
CUST05725,7,2025-09-22,Churned
CUST05726,4,2025-11-30,Active
CUST05727,1,2025-03-08,Churned
CUST05728,2,2025-08-15,Churned
CUST05729,6,2025-08-08,Churned
CUST05730,1,2024-12-27,Churned
CUST05731,4,2025-07-17,Churned
CUST05732,3,2025-09-16,Churned
CUST05733,4,2025-11-26,Active
CUST05734,5,2025-09-12,Churned
CUST05735,4,2025-10-07,Active
CUST05736,5,2025-11-05,Active
CUST05737,4,2025-11-18,Active
CUST05738,3,2025-03-31,Churned
CUST05739,4,2025-11-13,Active
CUST05740,4,2025-09-22,Churned
CUST05741,9,2025-12-25,Active
CUST05742,7,2025-09-24,Churned
CUST05743,3,2025-07-07,Churned
CUST05744,3,2025-10-19,Active
CUST05745,5,2025-11-08,Active
CUST05746,2,2024-09-16,Churned
CUST05747,2,2025-05-29,Churned
CUST05748,9,2025-08-10,Churned
CUST05749,3,2025-04-14,Churned
CUST05750,3,2025-08-30,Churned
CUST05751,6,2025-04-14,Churned
CUST05752,2,2025-10-03,Active
CUST05753,6,2025-11-27,Active
CUST05754,2,2025-05-07,Churned
CUST05755,12,2025-09-13,Churned
CUST05756,4,2025-12-17,Active
CUST05757,3,2025-02-25,Churned
CUST05758,6,2025-11-19,Active
CUST05759,5,2025-12-13,Active
CUST05760,4,2025-04-08,Churned
CUST05761,5,2025-11-15,Active
CUST05762,3,2025-11-08,Active
CUST05763,9,2025-12-03,Active
CUST05764,5,2025-11-23,Active
CUST05765,4,2025-01-27,Churned
CUST05766,5,2025-07-01,Churned
CUST05767,10,2025-11-26,Active
CUST05768,1,2024-02-23,Churned
CUST05769,4,2025-02-10,Churned
CUST05770,3,2024-09-08,Churned
CUST05771,2,2025-11-20,Active
CUST05772,2,2025-12-13,Active
CUST05773,7,2025-11-28,Active
CUST05774,4,2025-12-11,Active
CUST05775,1,2025-11-02,Active
CUST05776,4,2025-07-11,Churned
CUST05777,4,2025-04-07,Churned
CUST05778,9,2025-12-28,Active
CUST05779,9,2025-12-17,Active
CUST05780,5,2025-11-23,Active
CUST05781,7,2025-12-18,Active
CUST05782,2,2025-03-12,Churned
CUST05783,2,2025-11-14,Active
CUST05784,4,2025-12-30,Active
CUST05785,8,2025-09-26,Churned
CUST05786,10,2025-12-14,Active
CUST05787,7,2025-08-06,Churned
CUST05788,4,2025-11-04,Active
CUST05789,9,2025-12-13,Active
CUST05790,9,2025-08-23,Churned
CUST05791,1,2024-02-23,Churned
CUST05792,2,2024-09-17,Churned
CUST05793,4,2025-07-12,Churned
CUST05794,3,2025-06-26,Churned
CUST05795,3,2025-12-15,Active
CUST05796,4,2025-12-10,Active
CUST05797,4,2024-12-18,Churned
CUST05798,6,2024-11-21,Churned
CUST05799,4,2025-12-08,Active
CUST05800,5,2025-12-01,Active
CUST05801,3,2024-09-21,Churned
CUST05802,8,2025-12-05,Active
CUST05803,4,2025-01-02,Churned
CUST05804,6,2025-08-21,Churned
CUST05805,1,2025-12-29,Active
CUST05806,7,2025-12-13,Active
CUST05807,6,2025-09-11,Churned
CUST05808,5,2025-07-08,Churned
CUST05809,5,2025-12-18,Active
CUST05810,7,2025-12-31,Active
CUST05811,3,2025-05-04,Churned
CUST05812,6,2025-07-23,Churned
CUST05813,5,2025-11-29,Active
CUST05814,6,2025-04-22,Churned
CUST05815,4,2025-01-16,Churned
CUST05816,5,2025-09-28,Churned
CUST05817,7,2025-12-26,Active
CUST05818,4,2025-06-18,Churned
CUST05819,7,2025-12-22,Active
CUST05820,5,2025-10-22,Active
CUST05821,1,2025-03-08,Churned
CUST05822,7,2025-11-12,Active
CUST05823,3,2025-10-30,Active
CUST05824,5,2025-10-23,Active
CUST05825,7,2025-12-07,Active
CUST05826,4,2025-12-07,Active
CUST05827,6,2025-08-14,Churned
CUST05828,7,2025-12-03,Active
CUST05829,6,2025-09-19,Churned
CUST05830,5,2025-05-31,Churned
CUST05831,4,2024-12-18,Churned
CUST05832,8,2025-11-07,Active
CUST05833,6,2025-08-27,Churned
CUST05834,6,2025-12-08,Active
CUST05835,4,2025-07-07,Churned
CUST05836,5,2025-08-13,Churned
CUST05837,4,2025-07-11,Churned
CUST05838,3,2025-07-15,Churned
CUST05839,7,2025-12-17,Active
CUST05840,2,2025-06-20,Churned
CUST05841,6,2025-10-14,Active
CUST05842,5,2025-04-17,Churned
CUST05843,3,2025-09-05,Churned
CUST05844,1,2025-06-30,Churned
CUST05845,5,2025-02-03,Churned
CUST05846,6,2025-11-22,Active
CUST05847,6,2025-10-15,Active
CUST05848,6,2025-07-14,Churned
CUST05849,5,2025-08-26,Churned
CUST05850,2,2025-10-26,Active
CUST05851,5,2025-07-04,Churned
CUST05852,1,2024-08-20,Churned
CUST05853,5,2025-12-10,Active
CUST05854,6,2025-11-17,Active
CUST05855,5,2025-11-19,Active
CUST05856,3,2025-10-20,Active
CUST05857,5,2025-10-05,Active
CUST05858,3,2025-03-27,Churned
CUST05859,6,2025-11-17,Active
CUST05860,8,2025-12-09,Active
CUST05861,7,2025-10-20,Active
CUST05862,4,2025-08-13,Churned
CUST05863,12,2025-12-05,Active
CUST05864,5,2025-08-09,Churned
CUST05865,3,2025-09-22,Churned
CUST05866,5,2025-12-17,Active
CUST05867,7,2025-08-19,Churned
CUST05868,6,2025-06-19,Churned
CUST05869,7,2025-07-22,Churned
CUST05870,5,2025-08-28,Churned
CUST05871,5,2025-12-18,Active
CUST05872,6,2025-08-13,Churned
CUST05873,4,2025-09-22,Churned
CUST05874,3,2025-09-22,Churned
CUST05875,4,2025-10-09,Active
CUST05876,5,2025-11-24,Active
CUST05877,6,2025-09-29,Churned
CUST05878,4,2025-07-24,Churned
CUST05879,6,2025-09-08,Churned
CUST05880,2,2025-11-13,Active
CUST05881,5,2025-10-26,Active
CUST05882,1,2024-09-30,Churned
CUST05883,2,2025-10-02,Churned
CUST05884,5,2025-09-08,Churned
CUST05885,7,2025-11-20,Active
CUST05886,3,2024-11-07,Churned
CUST05887,9,2025-11-18,Active
CUST05888,6,2025-12-01,Active
CUST05889,1,2025-12-02,Active
CUST05890,3,2025-10-05,Active
CUST05891,6,2025-08-25,Churned
CUST05892,5,2025-07-13,Churned
CUST05893,7,2025-10-24,Active
CUST05894,6,2025-10-19,Active
CUST05895,4,2025-08-14,Churned
CUST05896,7,2025-01-23,Churned
CUST05897,6,2025-12-08,Active
CUST05898,4,2025-12-04,Active
CUST05899,3,2025-09-27,Churned
CUST05900,4,2025-01-28,Churned
CUST05901,4,2025-12-11,Active
CUST05902,2,2024-07-28,Churned
CUST05903,3,2025-01-25,Churned
CUST05904,4,2025-03-08,Churned
CUST05905,5,2025-09-09,Churned
CUST05906,3,2025-06-01,Churned
CUST05907,5,2025-11-28,Active
CUST05908,5,2025-12-12,Active
CUST05909,4,2025-12-01,Active
CUST05910,7,2025-04-27,Churned
CUST05911,2,2025-08-05,Churned
CUST05912,7,2025-12-12,Active
CUST05913,7,2025-09-10,Churned
CUST05914,4,2025-11-28,Active
CUST05915,1,2025-08-22,Churned
CUST05916,4,2025-07-25,Churned
CUST05917,5,2025-06-03,Churned
CUST05918,2,2025-02-10,Churned
CUST05919,4,2025-08-16,Churned
CUST05920,3,2025-04-11,Churned
CUST05921,5,2025-04-24,Churned
CUST05922,5,2025-09-15,Churned
CUST05923,6,2025-12-13,Active
CUST05924,6,2025-05-02,Churned
CUST05925,6,2025-09-10,Churned
CUST05926,5,2025-07-10,Churned
CUST05927,5,2025-07-06,Churned
CUST05928,12,2025-11-01,Active
CUST05929,8,2025-12-05,Active
CUST05930,4,2025-09-29,Churned
CUST05931,3,2025-11-09,Active
CUST05932,7,2025-11-14,Active
CUST05933,3,2025-12-05,Active
CUST05934,7,2025-11-14,Active
CUST05935,4,2025-11-03,Active
CUST05936,10,2025-12-16,Active
CUST05937,4,2025-12-23,Active
CUST05938,7,2025-12-19,Active
CUST05939,3,2025-12-17,Active
CUST05940,3,2025-05-17,Churned
CUST05941,7,2025-09-09,Churned
CUST05942,6,2025-10-09,Active
CUST05943,4,2025-06-30,Churned
CUST05944,2,2025-10-25,Active
CUST05945,6,2025-05-01,Churned
CUST05946,1,2025-05-31,Churned
CUST05947,3,2024-08-17,Churned
CUST05948,4,2025-08-22,Churned
CUST05949,8,2025-11-15,Active
CUST05950,5,2025-07-18,Churned
CUST05951,6,2025-11-29,Active
CUST05952,4,2025-02-27,Churned
CUST05953,4,2025-05-29,Churned
CUST05954,3,2025-10-17,Active
CUST05955,2,2025-11-04,Active
CUST05956,4,2024-11-12,Churned
CUST05957,2,2025-09-07,Churned
CUST05958,8,2025-12-12,Active
CUST05959,8,2025-09-30,Churned
CUST05960,4,2025-11-06,Active
CUST05961,8,2025-10-13,Active
CUST05962,3,2025-12-25,Active
CUST05963,7,2025-05-07,Churned
CUST05964,2,2025-04-09,Churned
CUST05965,3,2025-09-26,Churned
CUST05966,7,2025-10-21,Active
CUST05967,5,2025-11-23,Active
CUST05968,4,2025-06-10,Churned
CUST05969,3,2025-07-30,Churned
CUST05970,9,2025-10-04,Active
CUST05971,8,2025-10-21,Active
CUST05972,10,2025-10-30,Active
CUST05973,5,2025-12-30,Active
CUST05974,2,2024-12-31,Churned
CUST05975,5,2025-08-14,Churned
CUST05976,3,2024-03-31,Churned
CUST05977,5,2025-12-30,Active
CUST05978,5,2025-06-08,Churned
CUST05979,13,2025-11-24,Active
CUST05980,5,2025-06-15,Churned
CUST05981,5,2025-12-16,Active
CUST05982,8,2025-12-18,Active
CUST05983,5,2025-12-13,Active
CUST05984,9,2025-10-11,Active
CUST05985,2,2024-10-23,Churned
CUST05986,9,2025-12-04,Active
CUST05987,6,2025-10-16,Active
CUST05988,10,2025-10-02,Churned
CUST05989,6,2025-11-02,Active
CUST05990,3,2025-05-09,Churned
CUST05991,2,2025-07-18,Churned
CUST05992,7,2025-10-21,Active
CUST05993,3,2025-07-20,Churned
CUST05994,4,2025-09-30,Churned
CUST05995,3,2025-06-14,Churned
CUST05996,9,2025-10-30,Active
CUST05997,2,2025-05-12,Churned
CUST05998,6,2024-12-06,Churned
CUST05999,5,2025-11-28,Active
CUST06000,7,2025-12-26,Active
CUST06001,5,2025-08-26,Churned
CUST06002,8,2025-09-14,Churned
CUST06003,4,2025-11-20,Active
CUST06004,3,2025-02-04,Churned
CUST06005,10,2025-07-04,Churned
CUST06006,5,2025-11-30,Active
CUST06007,6,2025-09-13,Churned
CUST06008,6,2025-10-15,Active
CUST06009,7,2025-12-15,Active
CUST06010,6,2025-09-03,Churned
CUST06011,3,2025-06-16,Churned
CUST06012,4,2025-08-24,Churned
CUST06013,6,2025-10-30,Active
CUST06014,1,2025-08-02,Churned
CUST06015,2,2025-07-09,Churned
CUST06016,4,2025-12-02,Active
CUST06017,8,2025-08-28,Churned
CUST06018,10,2025-11-06,Active
CUST06019,5,2025-07-17,Churned
CUST06020,7,2025-12-20,Active
CUST06021,7,2025-11-06,Active
CUST06022,2,2025-08-22,Churned
CUST06023,2,2024-10-27,Churned
CUST06024,3,2025-08-16,Churned
CUST06025,7,2025-11-21,Active
CUST06026,6,2025-11-24,Active
CUST06027,7,2025-07-04,Churned
CUST06028,4,2025-11-02,Active
CUST06029,5,2025-08-25,Churned
CUST06030,5,2025-09-20,Churned
CUST06031,7,2025-09-20,Churned
CUST06032,5,2025-07-14,Churned
CUST06033,5,2025-11-21,Active
CUST06034,6,2025-12-27,Active
CUST06035,8,2025-10-07,Active
CUST06036,4,2025-06-21,Churned
CUST06037,2,2025-11-12,Active
CUST06038,3,2025-07-22,Churned
CUST06039,5,2025-12-22,Active
CUST06040,5,2025-12-23,Active
CUST06041,6,2025-09-11,Churned
CUST06042,4,2025-08-09,Churned
CUST06043,3,2025-11-18,Active
CUST06044,3,2025-08-01,Churned
CUST06045,4,2025-09-25,Churned
CUST06046,2,2025-05-12,Churned
CUST06047,5,2025-12-04,Active
CUST06048,4,2025-03-27,Churned
CUST06049,7,2025-04-05,Churned
CUST06050,7,2025-10-13,Active
CUST06051,2,2025-10-24,Active
CUST06052,5,2025-11-15,Active
CUST06053,3,2025-04-03,Churned
CUST06054,6,2025-09-29,Churned
CUST06055,9,2025-06-26,Churned
CUST06056,4,2025-11-27,Active
CUST06057,4,2025-08-25,Churned
CUST06058,7,2025-11-20,Active
CUST06059,8,2025-05-11,Churned
CUST06060,7,2025-12-09,Active
CUST06061,5,2025-07-27,Churned
CUST06062,6,2025-05-13,Churned
CUST06063,4,2025-12-07,Active
CUST06064,2,2024-10-12,Churned
CUST06065,4,2025-12-21,Active
CUST06066,3,2025-07-28,Churned
CUST06067,3,2025-08-21,Churned
CUST06068,1,2025-12-15,Active
CUST06069,6,2025-12-15,Active
CUST06070,3,2025-10-07,Active
CUST06071,6,2025-12-31,Active
CUST06072,1,2025-09-26,Churned
CUST06073,5,2025-10-11,Active
CUST06074,4,2025-09-26,Churned
CUST06075,7,2025-07-02,Churned
CUST06076,9,2025-11-29,Active
CUST06077,8,2025-12-02,Active
CUST06078,3,2025-09-20,Churned
CUST06079,2,2025-04-27,Churned
CUST06080,4,2025-08-23,Churned
CUST06081,4,2025-12-01,Active
CUST06082,9,2025-12-28,Active
CUST06083,2,2025-08-28,Churned
CUST06084,11,2025-11-16,Active
CUST06085,10,2025-09-12,Churned
CUST06086,3,2024-06-07,Churned
CUST06087,2,2024-07-09,Churned
CUST06088,3,2024-08-25,Churned
CUST06089,5,2025-11-28,Active
CUST06090,4,2025-12-19,Active
CUST06091,8,2025-09-21,Churned
CUST06092,2,2025-12-13,Active
CUST06093,5,2025-12-11,Active
CUST06094,6,2025-09-14,Churned
CUST06095,3,2025-09-07,Churned
CUST06096,5,2025-09-24,Churned
CUST06097,5,2025-09-18,Churned
CUST06098,8,2025-11-27,Active
CUST06099,3,2025-07-14,Churned
CUST06100,8,2025-06-05,Churned
CUST06101,4,2025-10-17,Active
CUST06102,3,2025-05-22,Churned
CUST06103,8,2025-11-02,Active
CUST06104,7,2025-10-20,Active
CUST06105,8,2025-09-04,Churned
CUST06106,4,2025-08-29,Churned
CUST06107,4,2025-12-03,Active
CUST06108,5,2025-04-25,Churned
CUST06109,4,2025-09-19,Churned
CUST06110,3,2025-06-25,Churned
CUST06111,5,2025-06-18,Churned
CUST06112,5,2025-09-19,Churned
CUST06113,5,2025-01-26,Churned
CUST06114,10,2025-12-16,Active
CUST06115,4,2025-12-24,Active
CUST06116,2,2025-05-30,Churned
CUST06117,8,2025-10-21,Active
CUST06118,3,2025-10-14,Active
CUST06119,5,2025-09-24,Churned
CUST06120,5,2025-12-04,Active
CUST06121,8,2025-12-13,Active
CUST06122,6,2025-04-16,Churned
CUST06123,5,2025-04-22,Churned
CUST06124,5,2025-08-16,Churned
CUST06125,5,2025-06-01,Churned
CUST06126,5,2025-03-14,Churned
CUST06127,3,2025-05-10,Churned
CUST06128,11,2025-09-12,Churned
CUST06129,5,2025-08-27,Churned
CUST06130,5,2025-09-20,Churned
CUST06131,7,2025-10-08,Active
CUST06132,5,2025-12-04,Active
CUST06133,4,2025-12-13,Active
CUST06134,3,2025-08-20,Churned
CUST06135,6,2025-11-30,Active
CUST06136,6,2024-12-21,Churned
CUST06137,3,2025-10-05,Active
CUST06138,4,2025-12-03,Active
CUST06139,7,2025-06-24,Churned
CUST06140,6,2025-11-09,Active
CUST06141,5,2025-02-19,Churned
CUST06142,4,2025-05-20,Churned
CUST06143,2,2024-09-19,Churned
CUST06144,4,2025-08-14,Churned
CUST06145,8,2025-10-10,Active
CUST06146,5,2025-01-11,Churned
CUST06147,7,2025-12-20,Active
CUST06148,4,2025-06-19,Churned
CUST06149,2,2024-05-27,Churned
CUST06150,8,2025-12-11,Active
CUST06151,2,2025-04-25,Churned
CUST06152,2,2025-09-29,Churned
CUST06153,8,2025-09-19,Churned
CUST06154,6,2025-07-23,Churned
CUST06155,4,2025-07-12,Churned
CUST06156,4,2025-10-16,Active
CUST06157,8,2025-04-19,Churned
CUST06158,7,2025-08-31,Churned
CUST06159,10,2025-11-20,Active
CUST06160,7,2025-08-15,Churned
CUST06161,9,2025-06-03,Churned
CUST06162,4,2025-02-24,Churned
CUST06163,4,2025-11-14,Active
CUST06164,7,2025-12-28,Active
CUST06165,2,2025-03-08,Churned
CUST06166,4,2025-08-08,Churned
CUST06167,6,2025-12-27,Active
CUST06168,7,2025-08-28,Churned
CUST06169,2,2025-03-25,Churned
CUST06170,6,2025-12-29,Active
CUST06171,8,2025-11-14,Active
CUST06172,6,2025-11-05,Active
CUST06173,7,2025-09-09,Churned
CUST06174,6,2025-09-06,Churned
CUST06175,7,2025-12-18,Active
CUST06176,8,2025-12-13,Active
CUST06177,6,2025-05-25,Churned
CUST06178,3,2024-07-05,Churned
CUST06179,4,2025-11-11,Active
CUST06180,3,2025-12-19,Active
CUST06181,13,2025-11-15,Active
CUST06182,8,2025-09-17,Churned
CUST06183,7,2025-05-08,Churned
CUST06184,9,2025-12-15,Active
CUST06185,2,2025-08-19,Churned
CUST06186,4,2025-03-11,Churned
CUST06187,6,2025-05-21,Churned
CUST06188,7,2025-10-15,Active
CUST06189,4,2025-11-02,Active
CUST06190,8,2025-12-11,Active
CUST06191,4,2025-08-24,Churned
CUST06192,7,2025-10-31,Active
CUST06193,8,2025-06-24,Churned
CUST06194,3,2024-12-31,Churned
CUST06195,3,2025-03-07,Churned
CUST06196,5,2025-10-18,Active
CUST06197,6,2025-12-25,Active
CUST06198,4,2025-12-17,Active
CUST06199,0,,Active
CUST06200,5,2025-09-19,Churned
CUST06201,8,2025-11-26,Active
CUST06202,3,2025-07-10,Churned
CUST06203,7,2025-08-29,Churned
CUST06204,7,2025-05-25,Churned
CUST06205,4,2025-11-10,Active
CUST06206,6,2025-09-14,Churned
CUST06207,4,2025-12-28,Active
CUST06208,3,2024-05-31,Churned
CUST06209,4,2025-06-11,Churned
CUST06210,0,,Active
CUST06211,6,2025-08-02,Churned
CUST06212,5,2025-09-11,Churned
CUST06213,5,2025-11-24,Active
CUST06214,7,2025-12-27,Active
CUST06215,2,2024-09-29,Churned
CUST06216,8,2025-11-02,Active
CUST06217,5,2025-09-01,Churned
CUST06218,4,2025-12-03,Active
CUST06219,0,,Active
CUST06220,9,2025-12-17,Active
CUST06221,3,2025-03-22,Churned
CUST06222,2,2024-10-25,Churned
CUST06223,5,2025-07-01,Churned
CUST06224,6,2025-10-13,Active
CUST06225,3,2025-12-27,Active
CUST06226,5,2025-11-21,Active
CUST06227,2,2024-03-10,Churned
CUST06228,4,2025-02-27,Churned
CUST06229,8,2025-10-25,Active
CUST06230,2,2024-10-02,Churned
CUST06231,2,2025-12-05,Active
CUST06232,10,2025-12-25,Active
CUST06233,1,2025-06-02,Churned
CUST06234,5,2025-10-06,Active
CUST06235,0,,Active
CUST06236,5,2025-12-24,Active
CUST06237,7,2025-05-25,Churned
CUST06238,5,2025-09-20,Churned
CUST06239,3,2024-09-09,Churned
CUST06240,7,2025-12-25,Active
CUST06241,7,2025-06-19,Churned
CUST06242,5,2025-12-17,Active
CUST06243,9,2025-12-30,Active
CUST06244,6,2025-03-06,Churned
CUST06245,8,2025-09-02,Churned
CUST06246,7,2025-08-19,Churned
CUST06247,5,2025-12-24,Active
CUST06248,3,2025-08-15,Churned
CUST06249,6,2025-11-03,Active
CUST06250,6,2025-12-04,Active
CUST06251,4,2025-12-07,Active
CUST06252,11,2025-12-18,Active
CUST06253,9,2025-10-04,Active
CUST06254,8,2025-10-16,Active
CUST06255,5,2025-08-12,Churned
CUST06256,4,2025-12-06,Active
CUST06257,4,2024-09-25,Churned
CUST06258,1,2024-10-25,Churned
CUST06259,3,2025-08-14,Churned
CUST06260,4,2025-01-18,Churned
CUST06261,8,2025-12-28,Active
CUST06262,3,2025-11-06,Active
CUST06263,2,2025-07-31,Churned
CUST06264,5,2025-06-28,Churned
CUST06265,5,2025-07-16,Churned
CUST06266,6,2025-12-01,Active
CUST06267,5,2025-06-19,Churned
CUST06268,6,2025-12-22,Active
CUST06269,4,2025-02-01,Churned
CUST06270,6,2025-07-25,Churned
CUST06271,4,2025-12-13,Active
CUST06272,3,2025-02-17,Churned
CUST06273,3,2025-06-27,Churned
CUST06274,3,2025-07-31,Churned
CUST06275,6,2025-12-18,Active
CUST06276,6,2025-08-06,Churned
CUST06277,4,2025-09-06,Churned
CUST06278,6,2025-06-29,Churned
CUST06279,5,2025-07-21,Churned
CUST06280,2,2025-10-18,Active
CUST06281,7,2025-08-10,Churned
CUST06282,3,2025-03-08,Churned
CUST06283,3,2025-11-19,Active
CUST06284,3,2025-06-15,Churned
CUST06285,6,2025-03-04,Churned
CUST06286,7,2025-11-23,Active
CUST06287,8,2025-12-10,Active
CUST06288,5,2025-08-30,Churned
CUST06289,2,2025-11-24,Active
CUST06290,5,2025-06-24,Churned
CUST06291,7,2025-12-30,Active
CUST06292,7,2025-11-17,Active
CUST06293,4,2025-12-26,Active
CUST06294,4,2025-06-17,Churned
CUST06295,7,2025-09-30,Churned
CUST06296,6,2025-12-01,Active
CUST06297,5,2025-11-27,Active
CUST06298,3,2025-09-11,Churned
CUST06299,3,2025-12-09,Active
CUST06300,4,2025-08-14,Churned
CUST06301,2,2024-10-26,Churned
CUST06302,13,2025-12-01,Active
CUST06303,3,2025-06-18,Churned
CUST06304,10,2025-04-09,Churned
CUST06305,5,2025-11-09,Active
CUST06306,10,2025-05-10,Churned
CUST06307,4,2025-12-06,Active
CUST06308,3,2025-10-27,Active
CUST06309,6,2025-12-20,Active
CUST06310,4,2025-06-28,Churned
CUST06311,3,2025-10-06,Active
CUST06312,4,2025-08-01,Churned
CUST06313,6,2025-09-15,Churned
CUST06314,4,2025-10-13,Active
CUST06315,5,2025-12-04,Active
CUST06316,5,2025-10-14,Active
CUST06317,4,2025-10-18,Active
CUST06318,5,2025-06-19,Churned
CUST06319,3,2025-02-25,Churned
CUST06320,4,2025-07-24,Churned
CUST06321,6,2025-02-12,Churned
CUST06322,5,2025-10-17,Active
CUST06323,3,2024-08-06,Churned
CUST06324,8,2025-11-29,Active
CUST06325,5,2025-06-24,Churned
CUST06326,6,2025-08-23,Churned
CUST06327,4,2025-09-13,Churned
CUST06328,5,2025-11-08,Active
CUST06329,4,2025-05-01,Churned
CUST06330,4,2025-12-22,Active
CUST06331,6,2025-07-15,Churned
CUST06332,7,2025-12-10,Active
CUST06333,2,2024-11-21,Churned
CUST06334,7,2025-06-30,Churned
CUST06335,6,2025-09-29,Churned
CUST06336,3,2025-11-10,Active
CUST06337,1,2025-01-08,Churned
CUST06338,4,2025-11-07,Active
CUST06339,4,2025-12-14,Active
CUST06340,5,2025-06-17,Churned
CUST06341,5,2025-12-25,Active
CUST06342,6,2025-09-19,Churned
CUST06343,3,2025-02-19,Churned
CUST06344,8,2025-07-04,Churned
CUST06345,10,2025-09-28,Churned
CUST06346,4,2025-07-31,Churned
CUST06347,2,2025-11-01,Active
CUST06348,7,2025-10-17,Active
CUST06349,5,2025-05-03,Churned
CUST06350,4,2025-12-13,Active
CUST06351,5,2025-04-29,Churned
CUST06352,4,2025-10-15,Active
CUST06353,2,2025-05-17,Churned
CUST06354,4,2025-04-05,Churned
CUST06355,4,2025-10-26,Active
CUST06356,6,2025-12-26,Active
CUST06357,2,2025-10-17,Active
CUST06358,2,2024-11-02,Churned
CUST06359,6,2025-12-14,Active
CUST06360,2,2025-10-25,Active
CUST06361,5,2025-07-23,Churned
CUST06362,8,2025-12-22,Active
CUST06363,8,2025-12-29,Active
CUST06364,7,2025-12-16,Active
CUST06365,4,2025-08-12,Churned
CUST06366,5,2025-02-22,Churned
CUST06367,7,2025-11-24,Active
CUST06368,6,2024-12-22,Churned
CUST06369,9,2025-11-05,Active
CUST06370,3,2025-08-11,Churned
CUST06371,8,2025-09-12,Churned
CUST06372,6,2025-12-04,Active
CUST06373,6,2025-11-29,Active
CUST06374,6,2025-09-05,Churned
CUST06375,5,2025-10-23,Active
CUST06376,6,2025-10-22,Active
CUST06377,6,2025-08-17,Churned
CUST06378,9,2025-11-23,Active
CUST06379,7,2025-08-07,Churned
CUST06380,7,2025-12-25,Active
CUST06381,9,2025-07-20,Churned
CUST06382,5,2025-10-03,Active
CUST06383,4,2025-09-19,Churned
CUST06384,6,2025-12-21,Active
CUST06385,7,2025-11-04,Active
CUST06386,3,2025-06-02,Churned
CUST06387,10,2025-12-10,Active
CUST06388,5,2025-01-20,Churned
CUST06389,8,2025-11-29,Active
CUST06390,3,2025-08-08,Churned
CUST06391,2,2025-11-06,Active
CUST06392,1,2025-05-27,Churned
CUST06393,8,2025-12-21,Active
CUST06394,10,2025-07-20,Churned
CUST06395,5,2025-12-29,Active
CUST06396,3,2025-08-05,Churned
CUST06397,3,2025-03-20,Churned
CUST06398,4,2025-12-19,Active
CUST06399,10,2025-09-11,Churned
CUST06400,4,2025-03-15,Churned
CUST06401,6,2025-08-29,Churned
CUST06402,10,2025-10-02,Churned
CUST06403,3,2025-03-21,Churned
CUST06404,3,2025-07-04,Churned
CUST06405,9,2025-10-24,Active
CUST06406,2,2025-08-14,Churned
CUST06407,9,2025-08-25,Churned
CUST06408,6,2025-08-11,Churned
CUST06409,5,2025-06-05,Churned
CUST06410,2,2025-12-07,Active
CUST06411,15,2025-12-25,Active
CUST06412,9,2025-06-01,Churned
CUST06413,6,2025-09-08,Churned
CUST06414,3,2025-01-25,Churned
CUST06415,6,2025-10-30,Active
CUST06416,6,2025-09-28,Churned
CUST06417,6,2025-05-20,Churned
CUST06418,5,2025-08-15,Churned
CUST06419,0,,Active
CUST06420,2,2025-09-09,Churned
CUST06421,7,2025-12-22,Active
CUST06422,6,2025-07-10,Churned
CUST06423,4,2025-11-16,Active
CUST06424,5,2025-09-27,Churned
CUST06425,4,2025-04-29,Churned
CUST06426,4,2025-05-01,Churned
CUST06427,7,2025-07-31,Churned
CUST06428,5,2025-09-10,Churned
CUST06429,3,2025-03-28,Churned
CUST06430,4,2025-04-23,Churned
CUST06431,3,2025-03-26,Churned
CUST06432,9,2025-12-10,Active
CUST06433,3,2025-10-10,Active
CUST06434,5,2025-08-02,Churned
CUST06435,4,2025-12-02,Active
CUST06436,4,2025-12-18,Active
CUST06437,2,2025-01-29,Churned
CUST06438,3,2025-08-13,Churned
CUST06439,6,2025-05-12,Churned
CUST06440,5,2024-12-13,Churned
CUST06441,5,2025-03-24,Churned
CUST06442,3,2024-10-04,Churned
CUST06443,6,2025-12-17,Active
CUST06444,3,2025-09-24,Churned
CUST06445,3,2025-09-12,Churned
CUST06446,4,2025-11-08,Active
CUST06447,4,2025-11-22,Active
CUST06448,4,2025-10-02,Churned
CUST06449,7,2025-11-28,Active
CUST06450,9,2025-10-04,Active
CUST06451,6,2025-10-17,Active
CUST06452,5,2025-06-11,Churned
CUST06453,6,2025-05-08,Churned
CUST06454,4,2025-10-17,Active
CUST06455,8,2025-11-07,Active
CUST06456,6,2025-10-18,Active
CUST06457,6,2025-12-01,Active
CUST06458,7,2025-07-06,Churned
CUST06459,2,2024-07-17,Churned
CUST06460,6,2025-12-20,Active
CUST06461,7,2025-07-05,Churned
CUST06462,8,2025-05-08,Churned
CUST06463,4,2025-08-18,Churned
CUST06464,9,2025-10-30,Active
CUST06465,4,2025-02-06,Churned
CUST06466,5,2025-10-24,Active
CUST06467,3,2025-11-20,Active
CUST06468,3,2025-07-24,Churned
CUST06469,6,2025-08-12,Churned
CUST06470,7,2025-11-28,Active
CUST06471,4,2025-08-29,Churned
CUST06472,8,2025-08-04,Churned
CUST06473,9,2025-04-06,Churned
CUST06474,6,2025-04-30,Churned
CUST06475,8,2025-11-28,Active
CUST06476,3,2025-02-25,Churned
CUST06477,5,2025-06-20,Churned
CUST06478,8,2025-11-06,Active
CUST06479,1,2024-07-11,Churned
CUST06480,4,2025-07-10,Churned
CUST06481,5,2025-04-19,Churned
CUST06482,3,2025-09-07,Churned
CUST06483,6,2025-10-19,Active
CUST06484,3,2025-01-08,Churned
CUST06485,3,2025-04-26,Churned
CUST06486,6,2025-10-05,Active
CUST06487,7,2025-11-23,Active
CUST06488,4,2025-09-04,Churned
CUST06489,7,2025-10-20,Active
CUST06490,4,2025-11-18,Active
CUST06491,4,2025-04-14,Churned
CUST06492,5,2025-05-30,Churned
CUST06493,4,2025-12-28,Active
CUST06494,4,2025-01-06,Churned
CUST06495,3,2025-05-03,Churned
CUST06496,9,2025-10-30,Active
CUST06497,5,2025-08-07,Churned
CUST06498,2,2025-04-20,Churned
CUST06499,13,2025-12-28,Active
CUST06500,7,2025-07-17,Churned
CUST06501,5,2025-05-05,Churned
CUST06502,5,2025-12-29,Active
CUST06503,9,2025-10-06,Active
CUST06504,4,2025-09-20,Churned
CUST06505,6,2025-12-22,Active
CUST06506,4,2025-11-01,Active
CUST06507,3,2025-10-27,Active
CUST06508,4,2025-08-17,Churned
CUST06509,5,2025-11-14,Active
CUST06510,7,2025-12-25,Active
CUST06511,3,2025-02-11,Churned
CUST06512,3,2025-02-14,Churned
CUST06513,6,2025-12-20,Active
CUST06514,5,2025-06-12,Churned
CUST06515,5,2025-12-20,Active
CUST06516,4,2025-11-15,Active
CUST06517,4,2025-09-09,Churned
CUST06518,6,2025-08-22,Churned
CUST06519,6,2025-11-25,Active
CUST06520,2,2024-06-04,Churned
CUST06521,5,2025-09-01,Churned
CUST06522,7,2025-11-10,Active
CUST06523,6,2025-10-25,Active
CUST06524,6,2025-10-06,Active
CUST06525,4,2024-12-31,Churned
CUST06526,7,2025-07-03,Churned
CUST06527,3,2025-07-20,Churned
CUST06528,3,2024-12-04,Churned
CUST06529,3,2025-08-16,Churned
CUST06530,6,2025-12-30,Active
CUST06531,1,2025-03-13,Churned
CUST06532,5,2025-08-27,Churned
CUST06533,7,2025-10-26,Active
CUST06534,3,2025-10-02,Churned
CUST06535,3,2025-01-30,Churned
CUST06536,5,2025-10-31,Active
CUST06537,2,2025-05-07,Churned
CUST06538,9,2025-12-16,Active
CUST06539,7,2025-08-28,Churned
CUST06540,11,2025-12-10,Active
CUST06541,5,2025-12-28,Active
CUST06542,4,2025-05-15,Churned
CUST06543,6,2025-11-02,Active
CUST06544,8,2025-11-02,Active
CUST06545,5,2025-10-25,Active
CUST06546,3,2025-12-07,Active
CUST06547,5,2025-12-12,Active
CUST06548,7,2025-10-24,Active
CUST06549,9,2025-12-24,Active
CUST06550,5,2025-08-24,Churned
CUST06551,7,2025-06-09,Churned
CUST06552,5,2025-12-31,Active
CUST06553,12,2025-12-26,Active
CUST06554,8,2025-10-31,Active
CUST06555,8,2025-12-01,Active
CUST06556,6,2025-10-21,Active
CUST06557,7,2025-10-11,Active
CUST06558,9,2025-12-12,Active
CUST06559,3,2025-07-22,Churned
CUST06560,4,2025-10-25,Active
CUST06561,5,2025-09-02,Churned
CUST06562,1,2024-04-28,Churned
CUST06563,5,2025-09-18,Churned
CUST06564,6,2025-11-07,Active
CUST06565,3,2025-06-10,Churned
CUST06566,7,2025-12-11,Active
CUST06567,6,2025-11-02,Active
CUST06568,8,2025-10-21,Active
CUST06569,3,2025-08-30,Churned
CUST06570,4,2025-10-12,Active
CUST06571,9,2025-05-24,Churned
CUST06572,3,2025-07-11,Churned
CUST06573,6,2025-07-17,Churned
CUST06574,4,2025-12-22,Active
CUST06575,6,2025-10-05,Active
CUST06576,4,2025-02-17,Churned
CUST06577,8,2025-10-30,Active
CUST06578,4,2025-10-25,Active
CUST06579,1,2025-12-16,Active
CUST06580,5,2025-10-27,Active
CUST06581,6,2025-01-10,Churned
CUST06582,4,2025-02-19,Churned
CUST06583,7,2025-09-11,Churned
CUST06584,2,2025-05-27,Churned
CUST06585,7,2025-09-30,Churned
CUST06586,4,2025-07-21,Churned
CUST06587,2,2025-09-15,Churned
CUST06588,7,2025-11-12,Active
CUST06589,3,2025-04-04,Churned
CUST06590,9,2025-12-14,Active
CUST06591,4,2025-07-18,Churned
CUST06592,7,2025-10-09,Active
CUST06593,3,2024-11-13,Churned
CUST06594,6,2025-08-16,Churned
CUST06595,5,2025-12-13,Active
CUST06596,7,2025-07-18,Churned
CUST06597,5,2025-03-28,Churned
CUST06598,4,2024-12-19,Churned
CUST06599,7,2025-12-26,Active
CUST06600,9,2025-12-27,Active
CUST06601,6,2025-11-09,Active
CUST06602,6,2025-06-03,Churned
CUST06603,4,2025-10-04,Active
CUST06604,3,2025-10-14,Active
CUST06605,4,2025-11-06,Active
CUST06606,7,2025-12-11,Active
CUST06607,13,2025-11-29,Active
CUST06608,2,2025-11-01,Active
CUST06609,4,2025-11-07,Active
CUST06610,2,2025-01-11,Churned
CUST06611,8,2025-11-03,Active
CUST06612,6,2025-08-03,Churned
CUST06613,3,2025-06-11,Churned
CUST06614,5,2025-08-27,Churned
CUST06615,8,2025-09-16,Churned
CUST06616,5,2025-12-25,Active
CUST06617,5,2025-11-09,Active
CUST06618,11,2025-10-19,Active
CUST06619,3,2025-12-27,Active
CUST06620,4,2025-12-26,Active
CUST06621,1,2025-06-29,Churned
CUST06622,3,2025-11-25,Active
CUST06623,7,2025-08-05,Churned
CUST06624,4,2025-10-30,Active
CUST06625,4,2024-12-29,Churned
CUST06626,2,2024-08-25,Churned
CUST06627,6,2025-10-17,Active
CUST06628,4,2025-07-19,Churned
CUST06629,4,2025-04-26,Churned
CUST06630,12,2025-08-12,Churned
CUST06631,7,2025-10-20,Active
CUST06632,2,2024-08-24,Churned
CUST06633,11,2025-07-10,Churned
CUST06634,7,2025-09-29,Churned
CUST06635,4,2025-10-31,Active
CUST06636,7,2025-11-27,Active
CUST06637,5,2024-07-22,Churned
CUST06638,6,2025-11-03,Active
CUST06639,4,2025-10-08,Active
CUST06640,4,2025-07-11,Churned
CUST06641,0,,Active
CUST06642,4,2025-07-21,Churned
CUST06643,5,2025-12-26,Active
CUST06644,7,2025-11-26,Active
CUST06645,5,2025-03-28,Churned
CUST06646,3,2025-12-18,Active
CUST06647,8,2025-04-08,Churned
CUST06648,6,2025-10-23,Active
CUST06649,1,2024-07-21,Churned
CUST06650,4,2025-09-26,Churned
CUST06651,4,2025-09-10,Churned
CUST06652,3,2025-08-18,Churned
CUST06653,5,2025-09-10,Churned
CUST06654,4,2025-06-06,Churned
CUST06655,9,2025-12-16,Active
CUST06656,4,2025-10-04,Active
CUST06657,8,2025-07-13,Churned
CUST06658,5,2025-06-30,Churned
CUST06659,9,2025-11-28,Active
CUST06660,4,2025-08-05,Churned
CUST06661,6,2025-12-24,Active
CUST06662,6,2025-08-26,Churned
CUST06663,6,2025-03-31,Churned
CUST06664,2,2024-07-30,Churned
CUST06665,4,2025-04-24,Churned
CUST06666,2,2025-05-03,Churned
CUST06667,5,2025-11-22,Active
CUST06668,4,2025-09-29,Churned
CUST06669,7,2025-09-26,Churned
CUST06670,8,2025-06-23,Churned
CUST06671,4,2025-07-08,Churned
CUST06672,2,2025-10-23,Active
CUST06673,2,2025-08-29,Churned
CUST06674,2,2025-05-19,Churned
CUST06675,3,2025-06-15,Churned
CUST06676,5,2025-10-10,Active
CUST06677,0,,Active
CUST06678,6,2025-10-07,Active
CUST06679,4,2025-12-28,Active
CUST06680,5,2025-06-19,Churned
CUST06681,7,2025-09-24,Churned
CUST06682,5,2025-12-24,Active
CUST06683,9,2025-09-29,Churned
CUST06684,4,2025-03-14,Churned
CUST06685,2,2024-12-16,Churned
CUST06686,7,2025-12-09,Active
CUST06687,4,2025-08-30,Churned
CUST06688,3,2025-01-16,Churned
CUST06689,5,2025-09-30,Churned
CUST06690,7,2025-11-30,Active
CUST06691,4,2025-07-01,Churned
CUST06692,2,2024-09-15,Churned
CUST06693,2,2024-09-12,Churned
CUST06694,5,2025-05-19,Churned
CUST06695,5,2024-12-11,Churned
CUST06696,4,2025-11-16,Active
CUST06697,4,2025-09-12,Churned
CUST06698,8,2025-12-29,Active
CUST06699,10,2025-07-27,Churned
CUST06700,4,2025-12-27,Active
CUST06701,9,2025-12-02,Active
CUST06702,3,2025-09-06,Churned
CUST06703,5,2025-11-28,Active
CUST06704,2,2024-11-29,Churned
CUST06705,3,2025-01-29,Churned
CUST06706,4,2025-07-18,Churned
CUST06707,6,2025-07-07,Churned
CUST06708,7,2025-11-05,Active
CUST06709,4,2025-01-14,Churned
CUST06710,7,2025-10-18,Active
CUST06711,4,2025-05-28,Churned
CUST06712,11,2025-11-27,Active
CUST06713,8,2025-11-23,Active
CUST06714,6,2025-09-20,Churned
CUST06715,5,2025-07-27,Churned
CUST06716,5,2025-12-16,Active
CUST06717,5,2025-09-20,Churned
CUST06718,4,2025-09-12,Churned
CUST06719,2,2025-10-05,Active
CUST06720,4,2024-07-05,Churned
CUST06721,6,2025-07-13,Churned
CUST06722,5,2025-11-05,Active
CUST06723,5,2025-05-26,Churned
CUST06724,2,2025-12-25,Active
CUST06725,10,2025-12-25,Active
CUST06726,6,2025-12-01,Active
CUST06727,3,2025-08-05,Churned
CUST06728,5,2025-12-15,Active
CUST06729,1,2024-10-26,Churned
CUST06730,8,2025-12-28,Active
CUST06731,6,2025-05-09,Churned
CUST06732,3,2025-09-26,Churned
CUST06733,7,2025-12-08,Active
CUST06734,2,2025-08-06,Churned
CUST06735,3,2025-07-30,Churned
CUST06736,4,2025-06-18,Churned
CUST06737,7,2025-12-28,Active
CUST06738,2,2024-08-26,Churned
CUST06739,5,2025-06-05,Churned
CUST06740,5,2025-11-28,Active
CUST06741,7,2025-12-27,Active
CUST06742,9,2025-11-28,Active
CUST06743,8,2025-06-18,Churned
CUST06744,6,2025-05-14,Churned
CUST06745,1,2024-11-07,Churned
CUST06746,6,2025-10-30,Active
CUST06747,2,2024-08-30,Churned
CUST06748,10,2025-12-06,Active
CUST06749,1,2024-11-04,Churned
CUST06750,5,2025-12-08,Active
CUST06751,3,2025-12-15,Active
CUST06752,6,2025-10-11,Active
CUST06753,6,2025-05-30,Churned
CUST06754,3,2025-09-14,Churned
CUST06755,6,2025-12-18,Active
CUST06756,6,2025-12-06,Active
CUST06757,5,2025-05-09,Churned
CUST06758,6,2025-12-17,Active
CUST06759,9,2025-11-18,Active
CUST06760,4,2025-11-28,Active
CUST06761,5,2025-12-30,Active
CUST06762,4,2025-02-08,Churned
CUST06763,4,2025-06-05,Churned
CUST06764,6,2025-08-20,Churned
CUST06765,8,2025-06-26,Churned
CUST06766,13,2025-10-24,Active
CUST06767,3,2025-11-03,Active
CUST06768,13,2025-05-14,Churned
CUST06769,3,2025-10-06,Active
CUST06770,8,2025-11-01,Active
CUST06771,2,2025-06-17,Churned
CUST06772,3,2025-04-22,Churned
CUST06773,7,2025-06-16,Churned
CUST06774,7,2025-12-24,Active
CUST06775,1,2025-12-03,Active
CUST06776,4,2025-10-10,Active
CUST06777,4,2025-12-21,Active
CUST06778,6,2025-12-22,Active
CUST06779,7,2025-11-20,Active
CUST06780,2,2025-01-09,Churned
CUST06781,7,2025-10-20,Active
CUST06782,11,2025-09-01,Churned
CUST06783,3,2025-08-20,Churned
CUST06784,6,2025-08-11,Churned
CUST06785,2,2024-08-20,Churned
CUST06786,2,2025-08-20,Churned
CUST06787,5,2025-10-24,Active
CUST06788,2,2025-05-30,Churned
CUST06789,4,2025-12-06,Active
CUST06790,8,2025-03-01,Churned
CUST06791,3,2025-01-22,Churned
CUST06792,4,2025-07-23,Churned
CUST06793,3,2025-10-06,Active
CUST06794,5,2025-10-27,Active
CUST06795,5,2025-12-05,Active
CUST06796,5,2025-12-11,Active
CUST06797,4,2024-12-27,Churned
CUST06798,6,2025-10-10,Active
CUST06799,6,2025-12-29,Active
CUST06800,10,2025-10-31,Active
CUST06801,7,2025-06-10,Churned
CUST06802,4,2025-09-13,Churned
CUST06803,4,2025-12-10,Active
CUST06804,3,2025-05-29,Churned
CUST06805,5,2025-07-03,Churned
CUST06806,7,2025-12-23,Active
CUST06807,6,2025-10-26,Active
CUST06808,9,2025-10-10,Active
CUST06809,6,2025-12-22,Active
CUST06810,3,2025-10-25,Active
CUST06811,7,2025-11-02,Active
CUST06812,3,2025-08-16,Churned
CUST06813,7,2025-01-16,Churned
CUST06814,4,2025-09-07,Churned
CUST06815,9,2025-09-26,Churned
CUST06816,6,2025-06-21,Churned
CUST06817,3,2025-10-21,Active
CUST06818,5,2025-11-16,Active
CUST06819,6,2025-10-21,Active
CUST06820,4,2025-10-27,Active
CUST06821,8,2025-10-10,Active
CUST06822,2,2025-09-24,Churned
CUST06823,7,2025-04-13,Churned
CUST06824,5,2025-03-25,Churned
CUST06825,7,2025-07-13,Churned
CUST06826,4,2024-12-17,Churned
CUST06827,4,2025-07-05,Churned
CUST06828,5,2025-10-15,Active
CUST06829,7,2025-12-16,Active
CUST06830,5,2025-07-04,Churned
CUST06831,3,2025-05-11,Churned
CUST06832,5,2025-12-24,Active
CUST06833,6,2025-09-19,Churned
CUST06834,7,2025-09-25,Churned
CUST06835,1,2024-11-26,Churned
CUST06836,3,2024-05-15,Churned
CUST06837,3,2025-06-27,Churned
CUST06838,6,2025-06-26,Churned
CUST06839,4,2025-06-14,Churned
CUST06840,5,2025-12-21,Active
CUST06841,7,2025-11-10,Active
CUST06842,2,2025-08-19,Churned
CUST06843,4,2025-01-31,Churned
CUST06844,11,2025-11-10,Active
CUST06845,5,2025-09-25,Churned
CUST06846,6,2025-12-25,Active
CUST06847,3,2025-03-06,Churned
CUST06848,4,2024-11-09,Churned
CUST06849,2,2025-11-06,Active
CUST06850,7,2025-12-10,Active
CUST06851,5,2025-12-07,Active
CUST06852,6,2025-07-16,Churned
CUST06853,4,2025-08-13,Churned
CUST06854,8,2025-12-26,Active
CUST06855,6,2025-10-03,Active
CUST06856,4,2025-10-05,Active
CUST06857,7,2025-12-18,Active
CUST06858,4,2025-12-04,Active
CUST06859,4,2025-08-23,Churned
CUST06860,6,2025-08-29,Churned
CUST06861,4,2025-06-07,Churned
CUST06862,5,2025-11-02,Active
CUST06863,6,2025-10-05,Active
CUST06864,5,2025-12-03,Active
CUST06865,6,2025-09-21,Churned
CUST06866,1,2024-03-15,Churned
CUST06867,5,2025-12-14,Active
CUST06868,8,2025-07-25,Churned
CUST06869,4,2025-08-27,Churned
CUST06870,4,2025-09-25,Churned
CUST06871,5,2025-08-20,Churned
CUST06872,5,2025-03-12,Churned
CUST06873,4,2025-06-14,Churned
CUST06874,3,2025-01-25,Churned
CUST06875,3,2025-09-13,Churned
CUST06876,6,2025-09-24,Churned
CUST06877,5,2025-06-11,Churned
CUST06878,4,2025-08-22,Churned
CUST06879,6,2025-09-17,Churned
CUST06880,3,2025-09-22,Churned
CUST06881,6,2025-10-06,Active
CUST06882,5,2025-06-17,Churned
CUST06883,3,2025-12-30,Active
CUST06884,3,2025-04-18,Churned
CUST06885,4,2025-11-21,Active
CUST06886,3,2025-11-29,Active
CUST06887,2,2025-11-12,Active
CUST06888,2,2024-05-11,Churned
CUST06889,3,2025-10-23,Active
CUST06890,6,2025-10-07,Active
CUST06891,3,2025-09-25,Churned
CUST06892,4,2025-10-24,Active
CUST06893,3,2025-11-27,Active
CUST06894,8,2025-11-08,Active
CUST06895,4,2025-10-25,Active
CUST06896,1,2024-04-01,Churned
CUST06897,7,2025-05-28,Churned
CUST06898,5,2025-08-30,Churned
CUST06899,8,2025-06-20,Churned
CUST06900,3,2025-03-06,Churned
CUST06901,9,2025-12-07,Active
CUST06902,7,2025-05-17,Churned
CUST06903,5,2025-12-22,Active
CUST06904,3,2025-06-17,Churned
CUST06905,1,2025-08-15,Churned
CUST06906,5,2025-06-05,Churned
CUST06907,2,2024-09-09,Churned
CUST06908,4,2025-04-15,Churned
CUST06909,5,2025-11-19,Active
CUST06910,4,2025-10-27,Active
CUST06911,2,2025-11-29,Active
CUST06912,4,2025-02-05,Churned
CUST06913,3,2025-10-30,Active
CUST06914,2,2025-01-05,Churned
CUST06915,7,2025-08-24,Churned
CUST06916,4,2025-02-07,Churned
CUST06917,6,2025-12-09,Active
CUST06918,7,2025-11-17,Active
CUST06919,8,2025-12-03,Active
CUST06920,3,2025-07-30,Churned
CUST06921,5,2025-09-13,Churned
CUST06922,4,2024-09-25,Churned
CUST06923,3,2025-01-11,Churned
CUST06924,3,2025-12-12,Active
CUST06925,5,2025-08-30,Churned
CUST06926,1,2025-07-27,Churned
CUST06927,5,2025-11-21,Active
CUST06928,8,2025-12-08,Active
CUST06929,3,2025-03-30,Churned
CUST06930,9,2025-12-04,Active
CUST06931,4,2025-11-24,Active
CUST06932,7,2025-12-11,Active
CUST06933,3,2025-08-19,Churned
CUST06934,5,2025-07-01,Churned
CUST06935,1,2025-02-27,Churned
CUST06936,9,2025-08-16,Churned
CUST06937,2,2025-12-30,Active
CUST06938,4,2025-09-10,Churned
CUST06939,4,2025-12-09,Active
CUST06940,7,2025-11-27,Active
CUST06941,8,2025-11-09,Active
CUST06942,5,2025-10-05,Active
CUST06943,5,2025-07-25,Churned
CUST06944,6,2025-12-06,Active
CUST06945,4,2025-06-16,Churned
CUST06946,10,2025-12-09,Active
CUST06947,4,2025-09-23,Churned
CUST06948,10,2025-11-16,Active
CUST06949,5,2025-11-09,Active
CUST06950,7,2025-09-23,Churned
CUST06951,10,2025-11-20,Active
CUST06952,3,2025-08-17,Churned
CUST06953,5,2025-08-14,Churned
CUST06954,6,2025-12-30,Active
CUST06955,9,2025-12-24,Active
CUST06956,4,2025-05-07,Churned
CUST06957,10,2025-12-17,Active
CUST06958,3,2025-03-09,Churned
CUST06959,8,2025-11-02,Active
CUST06960,6,2025-10-11,Active
CUST06961,8,2025-10-13,Active
CUST06962,2,2025-10-21,Active
CUST06963,2,2025-11-06,Active
CUST06964,5,2025-07-25,Churned
CUST06965,3,2025-04-06,Churned
CUST06966,4,2025-09-17,Churned
CUST06967,3,2025-02-16,Churned
CUST06968,4,2024-06-04,Churned
CUST06969,7,2025-12-01,Active
CUST06970,4,2025-10-17,Active
CUST06971,2,2025-10-22,Active
CUST06972,4,2025-04-10,Churned
CUST06973,5,2025-08-11,Churned
CUST06974,2,2025-04-26,Churned
CUST06975,5,2025-01-23,Churned
CUST06976,7,2025-10-14,Active
CUST06977,6,2025-11-23,Active
CUST06978,7,2025-12-14,Active
CUST06979,4,2025-08-02,Churned
CUST06980,4,2025-11-18,Active
CUST06981,3,2025-04-23,Churned
CUST06982,0,,Active
CUST06983,6,2025-12-03,Active
CUST06984,2,2025-09-22,Churned
CUST06985,9,2025-12-30,Active
CUST06986,5,2025-03-08,Churned
CUST06987,9,2025-12-29,Active
CUST06988,3,2024-10-16,Churned
CUST06989,6,2025-08-15,Churned
CUST06990,3,2025-11-09,Active
CUST06991,5,2025-12-15,Active
CUST06992,6,2025-07-12,Churned
CUST06993,6,2025-11-29,Active
CUST06994,5,2025-01-20,Churned
CUST06995,10,2025-10-29,Active
CUST06996,6,2025-11-02,Active
CUST06997,5,2025-07-18,Churned
CUST06998,3,2024-06-22,Churned
CUST06999,2,2024-09-09,Churned
CUST07000,5,2025-09-11,Churned
CUST07001,6,2025-12-25,Active
CUST07002,2,2025-12-02,Active
CUST07003,4,2025-10-03,Active
CUST07004,7,2025-08-11,Churned
CUST07005,4,2024-12-23,Churned
CUST07006,3,2025-10-16,Active
CUST07007,5,2025-10-07,Active
CUST07008,4,2025-09-21,Churned
CUST07009,7,2025-11-03,Active
CUST07010,0,,Active
CUST07011,4,2025-06-22,Churned
CUST07012,2,2025-01-19,Churned
CUST07013,6,2025-11-02,Active
CUST07014,2,2025-07-08,Churned
CUST07015,9,2025-09-19,Churned
CUST07016,4,2025-12-17,Active
CUST07017,6,2025-11-15,Active
CUST07018,4,2025-10-22,Active
CUST07019,3,2025-04-30,Churned
CUST07020,7,2025-08-29,Churned
CUST07021,7,2025-09-15,Churned
CUST07022,5,2025-10-24,Active
CUST07023,6,2025-10-16,Active
CUST07024,3,2025-12-12,Active
CUST07025,6,2025-07-11,Churned
CUST07026,8,2025-09-17,Churned
CUST07027,5,2025-12-18,Active
CUST07028,7,2025-10-20,Active
CUST07029,12,2025-12-23,Active
CUST07030,8,2025-10-24,Active
CUST07031,6,2025-10-04,Active
CUST07032,2,2024-09-25,Churned
CUST07033,4,2025-04-04,Churned
CUST07034,3,2025-10-02,Churned
CUST07035,8,2025-09-29,Churned
CUST07036,11,2025-11-28,Active
CUST07037,6,2025-10-15,Active
CUST07038,3,2025-06-08,Churned
CUST07039,7,2025-12-29,Active
CUST07040,9,2025-09-13,Churned
CUST07041,4,2025-08-25,Churned
CUST07042,9,2025-09-27,Churned
CUST07043,8,2025-10-18,Active
CUST07044,4,2025-08-25,Churned
CUST07045,7,2025-10-29,Active
CUST07046,4,2025-08-11,Churned
CUST07047,5,2025-03-08,Churned
CUST07048,3,2025-09-23,Churned
CUST07049,1,2025-02-15,Churned
CUST07050,3,2025-12-21,Active
CUST07051,5,2025-07-11,Churned
CUST07052,6,2025-11-24,Active
CUST07053,5,2025-09-14,Churned
CUST07054,7,2025-10-03,Active
CUST07055,4,2025-11-13,Active
CUST07056,7,2025-12-31,Active
CUST07057,5,2025-08-13,Churned
CUST07058,6,2025-10-12,Active
CUST07059,1,2024-05-30,Churned
CUST07060,4,2025-06-16,Churned
CUST07061,3,2025-10-15,Active
CUST07062,7,2025-02-16,Churned
CUST07063,6,2025-11-15,Active
CUST07064,3,2025-10-08,Active
CUST07065,4,2025-04-16,Churned
CUST07066,6,2025-08-30,Churned
CUST07067,8,2025-11-29,Active
CUST07068,5,2025-09-10,Churned
CUST07069,7,2025-11-12,Active
CUST07070,7,2025-07-20,Churned
CUST07071,5,2025-11-30,Active
CUST07072,6,2025-10-19,Active
CUST07073,3,2025-09-09,Churned
CUST07074,6,2025-10-04,Active
CUST07075,3,2025-05-17,Churned
CUST07076,5,2025-12-17,Active
CUST07077,3,2025-12-15,Active
CUST07078,4,2025-06-17,Churned
CUST07079,4,2025-08-10,Churned
CUST07080,2,2025-10-21,Active
CUST07081,8,2025-10-09,Active
CUST07082,5,2025-12-10,Active
CUST07083,5,2025-12-22,Active
CUST07084,4,2025-10-09,Active
CUST07085,6,2025-06-10,Churned
CUST07086,3,2025-06-28,Churned
CUST07087,4,2025-09-28,Churned
CUST07088,5,2025-07-28,Churned
CUST07089,4,2025-11-30,Active
CUST07090,6,2025-10-13,Active
CUST07091,2,2025-10-30,Active
CUST07092,5,2025-05-03,Churned
CUST07093,4,2024-12-13,Churned
CUST07094,1,2024-03-09,Churned
CUST07095,7,2025-11-09,Active
CUST07096,9,2025-10-28,Active
CUST07097,5,2025-09-21,Churned
CUST07098,6,2025-11-06,Active
CUST07099,5,2025-05-19,Churned
CUST07100,7,2025-10-14,Active
CUST07101,2,2025-05-21,Churned
CUST07102,7,2025-11-04,Active
CUST07103,5,2025-11-15,Active
CUST07104,7,2025-12-27,Active
CUST07105,5,2025-11-23,Active
CUST07106,3,2025-10-27,Active
CUST07107,6,2025-04-27,Churned
CUST07108,6,2025-10-14,Active
CUST07109,7,2025-02-20,Churned
CUST07110,5,2025-10-30,Active
CUST07111,1,2024-07-16,Churned
CUST07112,9,2025-06-08,Churned
CUST07113,8,2025-10-26,Active
CUST07114,11,2025-11-13,Active
CUST07115,2,2024-12-20,Churned
CUST07116,6,2025-09-27,Churned
CUST07117,6,2025-11-11,Active
CUST07118,3,2024-10-22,Churned
CUST07119,5,2025-12-03,Active
CUST07120,5,2025-09-08,Churned
CUST07121,2,2024-08-14,Churned
CUST07122,9,2025-10-29,Active
CUST07123,3,2025-04-16,Churned
CUST07124,9,2025-12-27,Active
CUST07125,4,2025-11-27,Active
CUST07126,5,2025-09-24,Churned
CUST07127,3,2025-07-23,Churned
CUST07128,9,2025-12-10,Active
CUST07129,3,2025-12-14,Active
CUST07130,6,2025-05-07,Churned
CUST07131,6,2025-08-31,Churned
CUST07132,3,2024-10-09,Churned
CUST07133,6,2025-11-01,Active
CUST07134,6,2025-08-19,Churned
CUST07135,1,2024-07-21,Churned
CUST07136,6,2025-08-10,Churned
CUST07137,4,2025-12-13,Active
CUST07138,4,2025-08-08,Churned
CUST07139,4,2025-08-21,Churned
CUST07140,7,2025-09-01,Churned
CUST07141,6,2025-07-22,Churned
CUST07142,3,2025-04-21,Churned
CUST07143,2,2025-11-07,Active
CUST07144,8,2025-09-20,Churned
CUST07145,6,2024-11-24,Churned
CUST07146,2,2025-11-02,Active
CUST07147,7,2025-10-13,Active
CUST07148,1,2024-12-16,Churned
CUST07149,5,2025-07-27,Churned
CUST07150,3,2024-10-06,Churned
CUST07151,6,2025-07-31,Churned
CUST07152,3,2025-01-05,Churned
CUST07153,7,2025-06-26,Churned
CUST07154,3,2025-05-20,Churned
CUST07155,8,2025-12-22,Active
CUST07156,7,2025-10-29,Active
CUST07157,5,2025-11-17,Active
CUST07158,1,2025-11-14,Active
CUST07159,4,2025-03-21,Churned
CUST07160,1,2025-08-27,Churned
CUST07161,6,2025-10-07,Active
CUST07162,3,2025-03-03,Churned
CUST07163,6,2025-10-29,Active
CUST07164,3,2025-01-28,Churned
CUST07165,1,2024-04-28,Churned
CUST07166,7,2025-10-28,Active
CUST07167,5,2025-05-02,Churned
CUST07168,8,2025-08-31,Churned
CUST07169,6,2025-11-06,Active
CUST07170,5,2025-01-27,Churned
CUST07171,6,2025-12-07,Active
CUST07172,2,2024-10-17,Churned
CUST07173,2,2024-08-15,Churned
CUST07174,4,2025-03-02,Churned
CUST07175,6,2025-12-21,Active
CUST07176,3,2025-05-31,Churned
CUST07177,2,2024-04-29,Churned
CUST07178,3,2025-07-09,Churned
CUST07179,4,2025-12-04,Active
CUST07180,6,2025-11-28,Active
CUST07181,4,2025-08-02,Churned
CUST07182,4,2025-09-28,Churned
CUST07183,7,2025-10-09,Active
CUST07184,4,2025-06-06,Churned
CUST07185,9,2025-09-22,Churned
CUST07186,7,2025-08-03,Churned
CUST07187,7,2025-12-14,Active
CUST07188,9,2025-12-22,Active
CUST07189,3,2025-11-16,Active
CUST07190,5,2025-12-16,Active
CUST07191,4,2025-12-08,Active
CUST07192,1,2025-04-07,Churned
CUST07193,8,2025-12-06,Active
CUST07194,7,2025-11-18,Active
CUST07195,6,2025-12-06,Active
CUST07196,5,2025-07-22,Churned
CUST07197,6,2025-10-12,Active
CUST07198,5,2025-11-14,Active
CUST07199,4,2025-01-23,Churned
CUST07200,5,2025-11-28,Active
CUST07201,9,2025-06-28,Churned
CUST07202,4,2025-06-27,Churned
CUST07203,5,2025-11-12,Active
CUST07204,4,2025-05-08,Churned
CUST07205,4,2025-10-27,Active
CUST07206,7,2025-10-28,Active
CUST07207,6,2025-12-08,Active
CUST07208,3,2025-10-15,Active
CUST07209,7,2025-08-15,Churned
CUST07210,2,2025-11-20,Active
CUST07211,3,2025-04-04,Churned
CUST07212,4,2025-11-04,Active
CUST07213,8,2025-05-22,Churned
CUST07214,2,2025-02-01,Churned
CUST07215,10,2025-10-22,Active
CUST07216,4,2025-10-18,Active
CUST07217,3,2025-05-09,Churned
CUST07218,1,2024-04-27,Churned
CUST07219,4,2025-07-30,Churned
CUST07220,6,2025-12-02,Active
CUST07221,6,2025-10-05,Active
CUST07222,9,2025-10-13,Active
CUST07223,3,2025-04-22,Churned
CUST07224,5,2025-07-31,Churned
CUST07225,5,2025-12-06,Active
CUST07226,2,2025-01-19,Churned
CUST07227,6,2025-11-30,Active
CUST07228,10,2025-09-28,Churned
CUST07229,2,2024-10-27,Churned
CUST07230,5,2025-11-25,Active
CUST07231,5,2025-08-18,Churned
CUST07232,4,2025-10-31,Active
CUST07233,5,2025-04-03,Churned
CUST07234,7,2025-02-16,Churned
CUST07235,8,2025-09-05,Churned
CUST07236,8,2025-12-06,Active
CUST07237,1,2025-06-23,Churned
CUST07238,3,2025-08-29,Churned
CUST07239,4,2025-12-22,Active
CUST07240,6,2025-09-04,Churned
CUST07241,6,2025-08-27,Churned
CUST07242,3,2025-09-10,Churned
CUST07243,6,2025-05-22,Churned
CUST07244,6,2025-12-31,Active
CUST07245,7,2025-03-09,Churned
CUST07246,3,2025-06-05,Churned
CUST07247,2,2024-03-05,Churned
CUST07248,6,2025-12-10,Active
CUST07249,5,2024-12-24,Churned
CUST07250,5,2025-09-27,Churned
CUST07251,3,2025-09-17,Churned
CUST07252,5,2025-12-11,Active
CUST07253,8,2025-11-09,Active
CUST07254,5,2025-11-08,Active
CUST07255,5,2025-07-10,Churned
CUST07256,11,2025-08-26,Churned
CUST07257,9,2025-10-27,Active
CUST07258,2,2025-09-22,Churned
CUST07259,8,2025-08-01,Churned
CUST07260,3,2025-06-23,Churned
CUST07261,3,2024-10-01,Churned
CUST07262,4,2025-05-19,Churned
CUST07263,4,2025-12-13,Active
CUST07264,7,2025-11-17,Active
CUST07265,6,2025-08-07,Churned
CUST07266,5,2025-12-08,Active
CUST07267,5,2025-12-21,Active
CUST07268,3,2025-05-09,Churned
CUST07269,6,2025-10-31,Active
CUST07270,7,2025-07-08,Churned
CUST07271,8,2025-11-13,Active
CUST07272,4,2025-02-01,Churned
CUST07273,10,2025-11-23,Active
CUST07274,7,2025-10-30,Active
CUST07275,7,2025-02-27,Churned
CUST07276,6,2025-12-29,Active
CUST07277,4,2025-12-02,Active
CUST07278,8,2025-08-09,Churned
CUST07279,3,2025-09-14,Churned
CUST07280,1,2025-02-25,Churned
CUST07281,8,2025-02-14,Churned
CUST07282,4,2025-12-29,Active
CUST07283,3,2024-12-31,Churned
CUST07284,2,2025-01-15,Churned
CUST07285,9,2025-12-19,Active
CUST07286,3,2025-10-06,Active
CUST07287,4,2025-10-12,Active
CUST07288,4,2025-08-28,Churned
CUST07289,2,2024-10-25,Churned
CUST07290,8,2025-11-07,Active
CUST07291,9,2025-11-17,Active
CUST07292,7,2025-11-27,Active
CUST07293,1,2025-03-20,Churned
CUST07294,4,2025-04-08,Churned
CUST07295,6,2025-11-23,Active
CUST07296,1,2025-06-06,Churned
CUST07297,3,2025-11-28,Active
CUST07298,4,2024-12-14,Churned
CUST07299,7,2025-08-01,Churned
CUST07300,6,2025-11-10,Active
CUST07301,4,2025-11-28,Active
CUST07302,4,2025-10-30,Active
CUST07303,2,2025-08-01,Churned
CUST07304,5,2025-12-15,Active
CUST07305,5,2025-10-08,Active
CUST07306,6,2025-04-15,Churned
CUST07307,6,2025-07-14,Churned
CUST07308,3,2024-11-15,Churned
CUST07309,9,2025-06-15,Churned
CUST07310,8,2025-07-27,Churned
CUST07311,9,2025-12-23,Active
CUST07312,4,2025-07-24,Churned
CUST07313,4,2025-11-17,Active
CUST07314,4,2025-03-03,Churned
CUST07315,5,2025-06-02,Churned
CUST07316,6,2025-10-01,Churned
CUST07317,2,2025-11-01,Active
CUST07318,7,2025-07-26,Churned
CUST07319,7,2025-06-04,Churned
CUST07320,8,2025-09-07,Churned
CUST07321,5,2025-12-31,Active
CUST07322,5,2025-12-16,Active
CUST07323,8,2025-10-24,Active
CUST07324,5,2025-05-31,Churned
CUST07325,7,2025-05-26,Churned
CUST07326,2,2025-01-10,Churned
CUST07327,2,2025-12-14,Active
CUST07328,6,2025-12-13,Active
CUST07329,4,2025-12-28,Active
CUST07330,3,2025-03-17,Churned
CUST07331,3,2025-07-03,Churned
CUST07332,8,2025-12-23,Active
CUST07333,4,2025-03-27,Churned
CUST07334,5,2025-12-07,Active
CUST07335,5,2025-11-06,Active
CUST07336,2,2025-06-10,Churned
CUST07337,3,2025-05-15,Churned
CUST07338,2,2024-05-17,Churned
CUST07339,6,2025-02-09,Churned
CUST07340,8,2025-09-03,Churned
CUST07341,4,2025-09-05,Churned
CUST07342,4,2025-11-15,Active
CUST07343,3,2025-04-02,Churned
CUST07344,3,2025-10-25,Active
CUST07345,8,2025-07-08,Churned
CUST07346,2,2024-12-20,Churned
CUST07347,4,2025-01-26,Churned
CUST07348,3,2025-07-17,Churned
CUST07349,5,2024-11-22,Churned
CUST07350,6,2025-12-14,Active
CUST07351,3,2025-11-06,Active
CUST07352,3,2025-09-21,Churned
CUST07353,9,2025-10-17,Active
CUST07354,7,2025-01-11,Churned
CUST07355,4,2025-05-25,Churned
CUST07356,1,2025-07-07,Churned
CUST07357,2,2025-03-18,Churned
CUST07358,5,2025-12-29,Active
CUST07359,6,2025-06-12,Churned
CUST07360,4,2025-07-28,Churned
CUST07361,4,2024-08-31,Churned
CUST07362,2,2025-05-03,Churned
CUST07363,9,2025-12-26,Active
CUST07364,4,2025-04-13,Churned
CUST07365,7,2025-10-28,Active
CUST07366,5,2025-10-14,Active
CUST07367,6,2025-12-30,Active
CUST07368,2,2024-10-16,Churned
CUST07369,8,2025-11-04,Active
CUST07370,3,2025-01-12,Churned
CUST07371,5,2025-12-22,Active
CUST07372,2,2025-01-31,Churned
CUST07373,3,2025-12-28,Active
CUST07374,3,2024-10-08,Churned
CUST07375,6,2025-05-07,Churned
CUST07376,8,2025-09-03,Churned
CUST07377,3,2025-05-04,Churned
CUST07378,3,2025-06-15,Churned
CUST07379,3,2025-09-09,Churned
CUST07380,5,2025-12-18,Active
CUST07381,5,2025-12-28,Active
CUST07382,2,2025-05-14,Churned
CUST07383,3,2024-12-25,Churned
CUST07384,4,2025-10-29,Active
CUST07385,7,2025-09-29,Churned
CUST07386,5,2025-07-30,Churned
CUST07387,7,2025-11-27,Active
CUST07388,5,2025-07-08,Churned
CUST07389,5,2025-12-31,Active
CUST07390,12,2025-11-29,Active
CUST07391,3,2025-12-16,Active
CUST07392,5,2025-07-25,Churned
CUST07393,7,2025-08-31,Churned
CUST07394,5,2025-05-13,Churned
CUST07395,2,2025-02-05,Churned
CUST07396,2,2025-12-19,Active
CUST07397,0,,Active
CUST07398,4,2025-11-11,Active
CUST07399,4,2025-09-04,Churned
CUST07400,6,2025-08-26,Churned
CUST07401,4,2025-09-04,Churned
CUST07402,7,2025-11-09,Active
CUST07403,7,2025-09-09,Churned
CUST07404,5,2025-10-22,Active
CUST07405,6,2025-11-27,Active
CUST07406,6,2025-10-03,Active
CUST07407,6,2025-12-06,Active
CUST07408,6,2025-11-10,Active
CUST07409,3,2025-10-11,Active
CUST07410,3,2025-12-30,Active
CUST07411,7,2025-05-06,Churned
CUST07412,5,2024-10-29,Churned
CUST07413,6,2025-11-25,Active
CUST07414,3,2025-09-27,Churned
CUST07415,6,2025-07-02,Churned
CUST07416,1,2024-02-08,Churned
CUST07417,5,2025-07-07,Churned
CUST07418,7,2025-10-27,Active
CUST07419,4,2025-11-18,Active
CUST07420,5,2025-12-08,Active
CUST07421,6,2025-10-25,Active
CUST07422,4,2024-12-15,Churned
CUST07423,3,2025-01-20,Churned
CUST07424,6,2025-12-17,Active
CUST07425,9,2025-09-10,Churned
CUST07426,5,2025-11-22,Active
CUST07427,1,2024-07-20,Churned
CUST07428,2,2025-11-04,Active
CUST07429,4,2025-10-16,Active
CUST07430,6,2025-11-25,Active
CUST07431,8,2025-11-07,Active
CUST07432,6,2025-11-11,Active
CUST07433,6,2025-09-23,Churned
CUST07434,5,2025-02-21,Churned
CUST07435,3,2025-11-14,Active
CUST07436,10,2025-10-19,Active
CUST07437,5,2025-12-27,Active
CUST07438,6,2025-11-23,Active
CUST07439,2,2025-08-10,Churned
CUST07440,4,2025-06-25,Churned
CUST07441,7,2025-08-16,Churned
CUST07442,4,2025-05-08,Churned
CUST07443,4,2025-11-01,Active
CUST07444,4,2025-06-28,Churned
CUST07445,6,2025-11-10,Active
CUST07446,4,2025-03-13,Churned
CUST07447,9,2025-11-14,Active
CUST07448,5,2025-07-13,Churned
CUST07449,2,2024-11-09,Churned
CUST07450,6,2025-12-31,Active
CUST07451,8,2025-12-15,Active
CUST07452,6,2025-11-24,Active
CUST07453,10,2025-11-30,Active
CUST07454,6,2025-10-13,Active
CUST07455,1,2024-10-04,Churned
CUST07456,6,2025-12-06,Active
CUST07457,8,2025-11-07,Active
CUST07458,5,2025-04-15,Churned
CUST07459,8,2025-09-28,Churned
CUST07460,7,2025-10-18,Active
CUST07461,1,2025-08-09,Churned
CUST07462,10,2025-11-27,Active
CUST07463,5,2025-12-05,Active
CUST07464,6,2025-12-09,Active
CUST07465,9,2025-02-10,Churned
CUST07466,5,2025-10-13,Active
CUST07467,5,2025-05-30,Churned
CUST07468,6,2025-02-21,Churned
CUST07469,2,2025-10-30,Active
CUST07470,6,2025-12-01,Active
CUST07471,5,2025-12-06,Active
CUST07472,5,2025-07-14,Churned
CUST07473,10,2025-12-25,Active
CUST07474,7,2025-05-15,Churned
CUST07475,5,2025-12-20,Active
CUST07476,5,2025-12-21,Active
CUST07477,6,2025-12-27,Active
CUST07478,4,2025-09-20,Churned
CUST07479,4,2025-07-23,Churned
CUST07480,9,2025-08-21,Churned
CUST07481,5,2025-11-16,Active
CUST07482,3,2025-11-15,Active
CUST07483,6,2025-12-21,Active
CUST07484,4,2025-09-26,Churned
CUST07485,3,2025-06-18,Churned
CUST07486,4,2025-02-23,Churned
CUST07487,7,2025-08-25,Churned
CUST07488,5,2025-04-03,Churned
CUST07489,3,2025-12-10,Active
CUST07490,1,2024-10-23,Churned
CUST07491,3,2025-12-04,Active
CUST07492,6,2025-07-28,Churned
CUST07493,5,2025-12-16,Active
CUST07494,5,2025-11-01,Active
CUST07495,1,2025-06-28,Churned
CUST07496,5,2025-04-04,Churned
CUST07497,3,2025-11-19,Active
CUST07498,9,2025-11-22,Active
CUST07499,2,2025-03-12,Churned
CUST07500,2,2025-08-26,Churned
CUST07501,6,2025-12-20,Active
CUST07502,6,2025-11-03,Active
CUST07503,5,2025-07-18,Churned
CUST07504,1,2025-08-22,Churned
CUST07505,4,2025-06-16,Churned
CUST07506,8,2025-12-24,Active
CUST07507,4,2025-05-25,Churned
CUST07508,2,2025-03-04,Churned
CUST07509,8,2025-10-25,Active
CUST07510,4,2025-12-06,Active
CUST07511,5,2025-10-02,Churned
CUST07512,5,2025-09-27,Churned
CUST07513,7,2025-11-16,Active
CUST07514,2,2024-05-24,Churned
CUST07515,4,2025-05-24,Churned
CUST07516,5,2025-07-21,Churned
CUST07517,3,2025-12-31,Active
CUST07518,5,2025-12-04,Active
CUST07519,5,2025-11-14,Active
CUST07520,9,2025-12-16,Active
CUST07521,2,2025-11-08,Active
CUST07522,2,2025-08-12,Churned
CUST07523,6,2025-07-25,Churned
CUST07524,3,2024-08-03,Churned
CUST07525,4,2025-08-03,Churned
CUST07526,2,2025-08-23,Churned
CUST07527,7,2025-05-21,Churned
CUST07528,5,2025-11-22,Active
CUST07529,6,2025-10-18,Active
CUST07530,7,2025-09-25,Churned
CUST07531,2,2025-06-19,Churned
CUST07532,4,2025-06-25,Churned
CUST07533,2,2025-10-04,Active
CUST07534,5,2025-11-10,Active
CUST07535,3,2025-06-03,Churned
CUST07536,4,2025-02-15,Churned
CUST07537,5,2025-09-01,Churned
CUST07538,5,2025-12-11,Active
CUST07539,6,2025-10-05,Active
CUST07540,3,2025-11-19,Active
CUST07541,12,2025-11-21,Active
CUST07542,4,2025-06-01,Churned
CUST07543,7,2025-12-06,Active
CUST07544,4,2025-10-08,Active
CUST07545,2,2025-02-10,Churned
CUST07546,4,2025-06-20,Churned
CUST07547,7,2025-11-15,Active
CUST07548,2,2025-04-21,Churned
CUST07549,8,2025-10-31,Active
CUST07550,6,2024-10-30,Churned
CUST07551,3,2025-09-16,Churned
CUST07552,6,2025-07-15,Churned
CUST07553,6,2025-07-11,Churned
CUST07554,3,2025-12-10,Active
CUST07555,4,2025-10-25,Active
CUST07556,7,2025-05-03,Churned
CUST07557,4,2025-03-16,Churned
CUST07558,5,2025-05-09,Churned
CUST07559,7,2025-12-18,Active
CUST07560,5,2025-07-28,Churned
CUST07561,5,2025-06-05,Churned
CUST07562,2,2025-11-03,Active
CUST07563,0,,Active
CUST07564,10,2025-11-02,Active
CUST07565,2,2025-08-20,Churned
CUST07566,6,2025-11-06,Active
CUST07567,3,2025-12-11,Active
CUST07568,6,2025-11-28,Active
CUST07569,7,2025-08-24,Churned
CUST07570,4,2024-10-10,Churned
CUST07571,7,2025-07-07,Churned
CUST07572,5,2025-11-12,Active
CUST07573,5,2025-11-11,Active
CUST07574,4,2025-07-24,Churned
CUST07575,3,2025-01-16,Churned
CUST07576,5,2025-10-02,Churned
CUST07577,2,2025-10-01,Churned
CUST07578,5,2025-10-23,Active
CUST07579,3,2024-02-10,Churned
CUST07580,0,,Active
CUST07581,8,2025-09-26,Churned
CUST07582,8,2025-11-14,Active
CUST07583,4,2025-09-03,Churned
CUST07584,2,2025-07-24,Churned
CUST07585,5,2025-12-27,Active
CUST07586,3,2025-11-16,Active
CUST07587,6,2025-12-13,Active
CUST07588,5,2025-06-22,Churned
CUST07589,4,2025-01-06,Churned
CUST07590,7,2025-09-20,Churned
CUST07591,4,2024-11-19,Churned
CUST07592,7,2025-12-26,Active
CUST07593,2,2025-11-23,Active
CUST07594,5,2025-09-30,Churned
CUST07595,2,2024-03-29,Churned
CUST07596,5,2025-11-10,Active
CUST07597,2,2025-05-21,Churned
CUST07598,4,2025-12-08,Active
CUST07599,4,2025-10-03,Active
CUST07600,1,2025-03-24,Churned
CUST07601,4,2025-11-28,Active
CUST07602,6,2025-03-21,Churned
CUST07603,3,2025-08-10,Churned
CUST07604,4,2025-12-16,Active
CUST07605,6,2025-10-20,Active
CUST07606,2,2024-07-26,Churned
CUST07607,4,2025-07-13,Churned
CUST07608,4,2025-11-26,Active
CUST07609,6,2025-11-29,Active
CUST07610,7,2025-11-22,Active
CUST07611,2,2025-01-17,Churned
CUST07612,6,2025-11-25,Active
CUST07613,8,2025-11-07,Active
CUST07614,7,2025-07-31,Churned
CUST07615,5,2025-12-05,Active
CUST07616,7,2025-04-04,Churned
CUST07617,6,2025-09-21,Churned
CUST07618,4,2025-09-04,Churned
CUST07619,5,2025-07-29,Churned
CUST07620,3,2025-05-20,Churned
CUST07621,8,2025-06-26,Churned
CUST07622,4,2025-12-06,Active
CUST07623,5,2025-11-21,Active
CUST07624,7,2025-11-08,Active
CUST07625,3,2024-10-26,Churned
CUST07626,6,2025-06-03,Churned
CUST07627,4,2025-12-29,Active
CUST07628,8,2025-09-26,Churned
CUST07629,3,2025-10-20,Active
CUST07630,5,2025-10-27,Active
CUST07631,5,2025-11-28,Active
CUST07632,5,2025-08-20,Churned
CUST07633,6,2025-10-07,Active
CUST07634,2,2025-10-13,Active
CUST07635,5,2025-09-19,Churned
CUST07636,6,2025-10-12,Active
CUST07637,2,2024-05-23,Churned
CUST07638,5,2025-10-07,Active
CUST07639,4,2025-05-23,Churned
CUST07640,5,2025-04-09,Churned
CUST07641,6,2025-12-03,Active
CUST07642,4,2025-10-20,Active
CUST07643,9,2025-09-18,Churned
CUST07644,7,2025-08-18,Churned
CUST07645,5,2025-12-19,Active
CUST07646,7,2025-11-26,Active
CUST07647,5,2025-11-04,Active
CUST07648,4,2025-01-19,Churned
CUST07649,8,2025-12-28,Active
CUST07650,14,2025-10-20,Active
CUST07651,7,2025-05-14,Churned
CUST07652,3,2024-09-29,Churned
CUST07653,3,2024-08-15,Churned
CUST07654,4,2025-04-23,Churned
CUST07655,7,2025-10-15,Active
CUST07656,8,2025-12-05,Active
CUST07657,5,2024-06-23,Churned
CUST07658,7,2025-12-20,Active
CUST07659,5,2025-12-04,Active
CUST07660,3,2024-11-28,Churned
CUST07661,5,2025-09-29,Churned
CUST07662,4,2025-11-11,Active
CUST07663,9,2025-12-22,Active
CUST07664,12,2025-11-21,Active
CUST07665,5,2025-12-24,Active
CUST07666,2,2024-12-01,Churned
CUST07667,6,2025-07-15,Churned
CUST07668,4,2025-08-15,Churned
CUST07669,7,2025-11-27,Active
CUST07670,4,2025-12-16,Active
CUST07671,12,2025-11-04,Active
CUST07672,5,2025-10-29,Active
CUST07673,4,2025-04-19,Churned
CUST07674,6,2025-05-14,Churned
CUST07675,4,2025-09-30,Churned
CUST07676,5,2025-03-10,Churned
CUST07677,9,2025-11-09,Active
CUST07678,4,2025-09-06,Churned
CUST07679,2,2025-10-16,Active
CUST07680,7,2025-09-17,Churned
CUST07681,3,2025-04-30,Churned
CUST07682,11,2025-12-23,Active
CUST07683,3,2024-12-03,Churned
CUST07684,6,2025-10-09,Active
CUST07685,4,2025-12-07,Active
CUST07686,6,2025-10-31,Active
CUST07687,3,2025-06-24,Churned
CUST07688,5,2025-10-02,Churned
CUST07689,5,2025-08-16,Churned
CUST07690,3,2025-06-24,Churned
CUST07691,6,2025-08-09,Churned
CUST07692,11,2025-07-30,Churned
CUST07693,3,2025-05-12,Churned
CUST07694,1,2025-04-07,Churned
CUST07695,5,2025-11-04,Active
CUST07696,3,2025-01-12,Churned
CUST07697,4,2025-11-06,Active
CUST07698,8,2025-07-03,Churned
CUST07699,6,2025-11-28,Active
CUST07700,8,2025-11-22,Active
CUST07701,6,2025-04-24,Churned
CUST07702,7,2025-12-30,Active
CUST07703,7,2025-12-29,Active
CUST07704,5,2025-04-10,Churned
CUST07705,3,2025-03-02,Churned
CUST07706,6,2025-05-03,Churned
CUST07707,5,2025-08-01,Churned
CUST07708,2,2025-02-21,Churned
CUST07709,5,2025-09-09,Churned
CUST07710,3,2025-08-23,Churned
CUST07711,7,2025-09-27,Churned
CUST07712,8,2025-04-14,Churned
CUST07713,4,2025-12-29,Active
CUST07714,1,2025-04-16,Churned
CUST07715,5,2025-11-03,Active
CUST07716,6,2025-12-20,Active
CUST07717,7,2025-06-20,Churned
CUST07718,0,,Active
CUST07719,7,2025-09-24,Churned
CUST07720,6,2025-11-28,Active
CUST07721,5,2025-03-19,Churned
CUST07722,5,2025-08-19,Churned
CUST07723,5,2025-05-11,Churned
CUST07724,4,2025-11-10,Active
CUST07725,6,2025-10-04,Active
CUST07726,3,2025-08-24,Churned
CUST07727,6,2025-12-01,Active
CUST07728,6,2025-07-30,Churned
CUST07729,5,2025-09-08,Churned
CUST07730,8,2025-07-14,Churned
CUST07731,11,2025-12-14,Active
CUST07732,6,2025-10-02,Churned
CUST07733,8,2025-08-12,Churned
CUST07734,4,2025-07-17,Churned
CUST07735,8,2025-12-21,Active
CUST07736,5,2025-04-11,Churned
CUST07737,3,2025-12-02,Active
CUST07738,5,2025-10-04,Active
CUST07739,7,2025-10-14,Active
CUST07740,5,2025-06-17,Churned
CUST07741,4,2025-05-15,Churned
CUST07742,6,2025-11-28,Active
CUST07743,6,2025-05-14,Churned
CUST07744,3,2025-02-07,Churned
CUST07745,6,2025-10-04,Active
CUST07746,8,2025-03-26,Churned
CUST07747,2,2025-08-16,Churned
CUST07748,4,2025-10-14,Active
CUST07749,6,2025-12-21,Active
CUST07750,4,2025-09-28,Churned
CUST07751,2,2024-11-09,Churned
CUST07752,5,2025-12-08,Active
CUST07753,3,2025-07-02,Churned
CUST07754,4,2025-12-08,Active
CUST07755,5,2025-06-09,Churned
CUST07756,6,2025-12-29,Active
CUST07757,6,2025-09-14,Churned
CUST07758,5,2025-08-11,Churned
CUST07759,5,2025-11-18,Active
CUST07760,3,2025-09-12,Churned
CUST07761,3,2025-06-27,Churned
CUST07762,5,2025-07-06,Churned
CUST07763,7,2025-12-10,Active
CUST07764,0,,Active
CUST07765,3,2024-10-12,Churned
CUST07766,5,2025-06-17,Churned
CUST07767,6,2025-09-22,Churned
CUST07768,6,2025-12-07,Active
CUST07769,7,2025-08-07,Churned
CUST07770,4,2024-11-22,Churned
CUST07771,8,2025-05-27,Churned
CUST07772,6,2025-07-27,Churned
CUST07773,7,2025-07-31,Churned
CUST07774,6,2025-11-14,Active
CUST07775,5,2025-01-24,Churned
CUST07776,8,2025-10-09,Active
CUST07777,4,2025-10-13,Active
CUST07778,3,2025-09-23,Churned
CUST07779,7,2025-11-07,Active
CUST07780,4,2025-08-20,Churned
CUST07781,5,2025-12-06,Active
CUST07782,9,2025-10-20,Active
CUST07783,11,2025-10-13,Active
CUST07784,5,2025-04-14,Churned
CUST07785,4,2025-11-23,Active
CUST07786,4,2025-10-12,Active
CUST07787,4,2025-12-17,Active
CUST07788,7,2025-06-27,Churned
CUST07789,3,2025-08-10,Churned
CUST07790,8,2025-12-01,Active
CUST07791,5,2025-08-04,Churned
CUST07792,6,2025-11-02,Active
CUST07793,5,2025-08-05,Churned
CUST07794,3,2025-06-23,Churned
CUST07795,3,2025-05-24,Churned
CUST07796,5,2025-08-26,Churned
CUST07797,5,2025-12-14,Active
CUST07798,5,2024-11-08,Churned
CUST07799,3,2025-11-18,Active
CUST07800,2,2024-12-18,Churned
CUST07801,6,2025-11-09,Active
CUST07802,3,2025-12-19,Active
CUST07803,1,2024-01-26,Churned
CUST07804,1,2025-12-27,Active
CUST07805,1,2024-05-24,Churned
CUST07806,4,2025-06-09,Churned
CUST07807,2,2025-07-26,Churned
CUST07808,7,2025-08-08,Churned
CUST07809,5,2025-01-04,Churned
CUST07810,5,2025-11-11,Active
CUST07811,4,2024-12-22,Churned
CUST07812,5,2025-12-06,Active
CUST07813,9,2025-12-25,Active
CUST07814,4,2025-09-21,Churned
CUST07815,5,2025-12-20,Active
CUST07816,6,2025-03-11,Churned
CUST07817,9,2025-11-08,Active
CUST07818,7,2025-07-27,Churned
CUST07819,6,2025-09-19,Churned
CUST07820,4,2025-09-05,Churned
CUST07821,4,2025-09-08,Churned
CUST07822,10,2025-09-09,Churned
CUST07823,1,2025-03-21,Churned
CUST07824,6,2025-12-24,Active
CUST07825,5,2025-12-05,Active
CUST07826,5,2025-12-16,Active
CUST07827,1,2024-03-29,Churned
CUST07828,11,2025-12-21,Active
CUST07829,3,2025-10-25,Active
CUST07830,1,2024-02-14,Churned
CUST07831,4,2024-09-22,Churned
CUST07832,4,2025-05-07,Churned
CUST07833,6,2025-08-07,Churned
CUST07834,2,2024-11-26,Churned
CUST07835,2,2025-12-23,Active
CUST07836,5,2025-10-03,Active
CUST07837,9,2025-12-13,Active
CUST07838,6,2025-12-18,Active
CUST07839,5,2025-12-30,Active
CUST07840,4,2025-06-10,Churned
CUST07841,6,2025-08-30,Churned
CUST07842,6,2025-12-20,Active
CUST07843,1,2025-08-12,Churned
CUST07844,4,2024-11-23,Churned
CUST07845,6,2025-10-11,Active
CUST07846,5,2025-11-18,Active
CUST07847,5,2025-09-15,Churned
CUST07848,5,2025-09-06,Churned
CUST07849,5,2025-11-07,Active
CUST07850,5,2025-07-22,Churned
CUST07851,10,2025-12-19,Active
CUST07852,4,2025-05-01,Churned
CUST07853,6,2025-10-15,Active
CUST07854,5,2025-08-20,Churned
CUST07855,6,2025-08-22,Churned
CUST07856,7,2025-11-07,Active
CUST07857,5,2025-09-28,Churned
CUST07858,4,2025-08-15,Churned
CUST07859,2,2025-07-29,Churned
CUST07860,3,2025-05-16,Churned
CUST07861,3,2025-10-07,Active
CUST07862,2,2025-02-14,Churned
CUST07863,4,2025-11-15,Active
CUST07864,1,2024-04-08,Churned
CUST07865,5,2025-08-20,Churned
CUST07866,7,2025-10-25,Active
CUST07867,2,2025-05-24,Churned
CUST07868,4,2025-06-25,Churned
CUST07869,0,,Active
CUST07870,3,2025-07-30,Churned
CUST07871,6,2025-06-06,Churned
CUST07872,4,2025-10-04,Active
CUST07873,4,2025-06-11,Churned
CUST07874,3,2025-10-17,Active
CUST07875,3,2025-05-02,Churned
CUST07876,8,2025-10-12,Active
CUST07877,8,2025-11-22,Active
CUST07878,5,2025-11-28,Active
CUST07879,3,2025-10-04,Active
CUST07880,0,,Active
CUST07881,6,2025-11-11,Active
CUST07882,3,2025-05-27,Churned
CUST07883,5,2025-10-23,Active
CUST07884,5,2025-09-01,Churned
CUST07885,5,2025-12-19,Active
CUST07886,2,2025-10-18,Active
CUST07887,4,2025-08-05,Churned
CUST07888,5,2025-09-03,Churned
CUST07889,2,2024-02-15,Churned
CUST07890,6,2025-08-01,Churned
CUST07891,2,2025-12-30,Active
CUST07892,9,2025-09-08,Churned
CUST07893,6,2025-08-21,Churned
CUST07894,4,2025-11-11,Active
CUST07895,5,2025-10-02,Churned
CUST07896,4,2025-12-31,Active
CUST07897,5,2025-01-23,Churned
CUST07898,2,2025-12-05,Active
CUST07899,3,2025-05-20,Churned
CUST07900,4,2025-05-13,Churned
CUST07901,4,2025-10-11,Active
CUST07902,6,2025-09-14,Churned
CUST07903,4,2025-09-30,Churned
CUST07904,6,2025-12-26,Active
CUST07905,7,2025-12-04,Active
CUST07906,3,2025-10-19,Active
CUST07907,4,2025-12-12,Active
CUST07908,5,2025-10-14,Active
CUST07909,5,2025-11-22,Active
CUST07910,5,2025-12-05,Active
CUST07911,5,2024-12-08,Churned
CUST07912,4,2025-09-15,Churned
CUST07913,4,2025-11-30,Active
CUST07914,3,2025-04-29,Churned
CUST07915,2,2025-12-13,Active
CUST07916,6,2025-09-03,Churned
CUST07917,7,2025-11-26,Active
CUST07918,6,2025-12-16,Active
CUST07919,5,2025-11-19,Active
CUST07920,4,2025-11-28,Active
CUST07921,3,2025-08-21,Churned
CUST07922,5,2025-11-05,Active
CUST07923,3,2025-03-19,Churned
CUST07924,6,2025-08-07,Churned
CUST07925,4,2025-03-01,Churned
CUST07926,3,2025-11-30,Active
CUST07927,5,2025-07-20,Churned
CUST07928,5,2025-06-13,Churned
CUST07929,7,2025-10-13,Active
CUST07930,4,2025-06-02,Churned
CUST07931,3,2025-08-11,Churned
CUST07932,6,2025-11-22,Active
CUST07933,7,2025-12-11,Active
CUST07934,10,2025-12-14,Active
CUST07935,5,2025-09-19,Churned
CUST07936,6,2025-08-16,Churned
CUST07937,2,2024-08-13,Churned
CUST07938,8,2025-12-06,Active
CUST07939,5,2025-11-23,Active
CUST07940,6,2025-11-02,Active
CUST07941,8,2025-08-09,Churned
CUST07942,3,2025-09-21,Churned
CUST07943,8,2025-03-14,Churned
CUST07944,7,2025-10-02,Churned
CUST07945,2,2025-11-01,Active
CUST07946,5,2025-10-16,Active
CUST07947,1,2025-11-10,Active
CUST07948,5,2025-10-27,Active
CUST07949,4,2025-12-17,Active
CUST07950,8,2025-03-05,Churned
CUST07951,3,2025-08-15,Churned
CUST07952,3,2024-12-13,Churned
CUST07953,3,2025-11-12,Active
CUST07954,4,2025-05-20,Churned
CUST07955,6,2025-10-05,Active
CUST07956,6,2025-01-24,Churned
CUST07957,6,2025-09-18,Churned
CUST07958,4,2025-12-25,Active
CUST07959,0,,Active
CUST07960,5,2025-09-07,Churned
CUST07961,9,2025-11-30,Active
CUST07962,0,,Active
CUST07963,3,2025-03-04,Churned
CUST07964,5,2025-09-12,Churned
CUST07965,4,2024-10-11,Churned
CUST07966,6,2025-07-09,Churned
CUST07967,10,2025-11-02,Active
CUST07968,3,2024-12-15,Churned
CUST07969,7,2025-12-25,Active
CUST07970,5,2025-01-03,Churned
CUST07971,4,2025-04-27,Churned
CUST07972,5,2025-07-24,Churned
CUST07973,2,2025-01-20,Churned
CUST07974,7,2025-10-14,Active
CUST07975,4,2025-07-14,Churned
CUST07976,8,2025-10-16,Active
CUST07977,3,2025-09-28,Churned
CUST07978,6,2025-08-12,Churned
CUST07979,8,2025-11-22,Active
CUST07980,6,2025-06-30,Churned
CUST07981,5,2025-06-27,Churned
CUST07982,6,2025-07-25,Churned
CUST07983,4,2025-08-15,Churned
CUST07984,7,2025-10-10,Active
CUST07985,5,2025-12-05,Active
CUST07986,3,2025-02-23,Churned
CUST07987,5,2025-11-17,Active
CUST07988,2,2025-01-30,Churned
CUST07989,5,2025-05-07,Churned
CUST07990,5,2025-12-21,Active
CUST07991,3,2025-07-14,Churned
CUST07992,1,2024-09-02,Churned
CUST07993,1,2024-07-18,Churned
CUST07994,5,2025-09-12,Churned
CUST07995,3,2025-07-22,Churned
CUST07996,7,2025-12-20,Active
CUST07997,5,2024-10-20,Churned
CUST07998,8,2025-12-26,Active
CUST07999,5,2025-11-02,Active
CUST08000,8,2025-12-19,Active
CUST08001,7,2025-04-06,Churned
CUST08002,3,2024-12-22,Churned
CUST08003,3,2025-05-20,Churned
CUST08004,4,2025-12-17,Active
CUST08005,4,2025-10-20,Active
CUST08006,6,2025-10-25,Active
CUST08007,6,2025-09-27,Churned
CUST08008,5,2025-08-24,Churned
CUST08009,5,2025-09-10,Churned
CUST08010,4,2025-11-04,Active
CUST08011,2,2025-08-23,Churned
CUST08012,8,2025-11-05,Active
CUST08013,2,2025-06-21,Churned
CUST08014,6,2025-11-11,Active
CUST08015,5,2025-12-01,Active
CUST08016,7,2025-12-05,Active
CUST08017,7,2025-12-24,Active
CUST08018,6,2025-12-04,Active
CUST08019,4,2025-12-01,Active
CUST08020,8,2025-12-19,Active
CUST08021,8,2025-12-14,Active
CUST08022,9,2025-10-25,Active
CUST08023,9,2025-09-14,Churned
CUST08024,6,2025-11-09,Active
CUST08025,5,2025-12-16,Active
CUST08026,3,2024-12-03,Churned
CUST08027,5,2025-12-28,Active
CUST08028,4,2025-10-18,Active
CUST08029,5,2025-12-08,Active
CUST08030,6,2025-05-20,Churned
CUST08031,3,2025-09-09,Churned
CUST08032,6,2025-04-30,Churned
CUST08033,9,2025-06-03,Churned
CUST08034,5,2024-11-20,Churned
CUST08035,3,2024-11-10,Churned
CUST08036,9,2025-08-21,Churned
CUST08037,3,2025-11-12,Active
CUST08038,4,2025-10-24,Active
CUST08039,5,2025-10-18,Active
CUST08040,6,2025-10-23,Active
CUST08041,5,2025-08-13,Churned
CUST08042,4,2025-09-03,Churned
CUST08043,5,2024-11-09,Churned
CUST08044,5,2025-12-25,Active
CUST08045,4,2024-11-19,Churned
CUST08046,4,2025-07-23,Churned
CUST08047,6,2025-07-06,Churned
CUST08048,5,2025-07-07,Churned
CUST08049,8,2025-08-04,Churned
CUST08050,3,2025-09-26,Churned
CUST08051,6,2025-11-18,Active
CUST08052,4,2025-07-24,Churned
CUST08053,6,2025-01-05,Churned
CUST08054,4,2025-05-22,Churned
CUST08055,1,2025-10-15,Active
CUST08056,4,2025-08-30,Churned
CUST08057,5,2025-02-09,Churned
CUST08058,6,2025-11-24,Active
CUST08059,5,2025-12-08,Active
CUST08060,6,2025-11-22,Active
CUST08061,3,2025-10-31,Active
CUST08062,10,2025-12-28,Active
CUST08063,3,2025-07-07,Churned
CUST08064,1,2025-08-23,Churned
CUST08065,7,2025-09-08,Churned
CUST08066,3,2024-12-19,Churned
CUST08067,5,2025-08-13,Churned
CUST08068,6,2025-05-05,Churned
CUST08069,6,2025-12-02,Active
CUST08070,5,2025-10-29,Active
CUST08071,5,2025-12-03,Active
CUST08072,4,2025-12-09,Active
CUST08073,10,2025-09-06,Churned
CUST08074,3,2025-11-27,Active
CUST08075,2,2024-10-07,Churned
CUST08076,7,2025-10-10,Active
CUST08077,6,2025-11-10,Active
CUST08078,5,2025-04-12,Churned
CUST08079,5,2025-12-23,Active
CUST08080,5,2025-09-13,Churned
CUST08081,5,2025-03-25,Churned
CUST08082,4,2025-05-08,Churned
CUST08083,7,2025-07-10,Churned
CUST08084,9,2025-11-13,Active
CUST08085,6,2025-07-25,Churned
CUST08086,3,2025-09-13,Churned
CUST08087,7,2025-10-27,Active
CUST08088,3,2025-09-12,Churned
CUST08089,5,2025-11-19,Active
CUST08090,4,2025-10-01,Churned
CUST08091,5,2025-10-22,Active
CUST08092,8,2025-11-06,Active
CUST08093,5,2025-05-25,Churned
CUST08094,6,2025-08-24,Churned
CUST08095,4,2025-08-02,Churned
CUST08096,4,2025-07-26,Churned
CUST08097,13,2025-12-11,Active
CUST08098,10,2025-11-05,Active
CUST08099,9,2025-11-06,Active
CUST08100,6,2025-11-25,Active
CUST08101,4,2025-09-14,Churned
CUST08102,3,2025-12-14,Active
CUST08103,4,2025-02-02,Churned
CUST08104,3,2025-08-16,Churned
CUST08105,3,2025-04-25,Churned
CUST08106,4,2025-10-25,Active
CUST08107,5,2025-10-06,Active
CUST08108,7,2025-10-21,Active
CUST08109,8,2025-08-23,Churned
CUST08110,7,2025-04-08,Churned
CUST08111,2,2024-07-07,Churned
CUST08112,3,2025-02-10,Churned
CUST08113,2,2024-06-23,Churned
CUST08114,7,2025-03-19,Churned
CUST08115,6,2025-11-08,Active
CUST08116,3,2025-09-25,Churned
CUST08117,8,2025-11-25,Active
CUST08118,2,2025-07-29,Churned
CUST08119,5,2025-08-15,Churned
CUST08120,7,2025-10-21,Active
CUST08121,6,2025-09-03,Churned
CUST08122,4,2025-06-20,Churned
CUST08123,5,2025-12-13,Active
CUST08124,3,2025-05-08,Churned
CUST08125,5,2025-08-13,Churned
CUST08126,3,2025-07-07,Churned
CUST08127,5,2025-12-22,Active
CUST08128,6,2025-07-12,Churned
CUST08129,3,2025-09-04,Churned
CUST08130,3,2025-12-22,Active
CUST08131,3,2025-10-17,Active
CUST08132,4,2025-08-19,Churned
CUST08133,0,,Active
CUST08134,6,2025-09-01,Churned
CUST08135,5,2025-12-03,Active
CUST08136,6,2025-07-23,Churned
CUST08137,1,2024-08-16,Churned
CUST08138,5,2025-09-06,Churned
CUST08139,2,2025-12-11,Active
CUST08140,3,2025-01-26,Churned
CUST08141,9,2025-09-14,Churned
CUST08142,10,2025-06-15,Churned
CUST08143,8,2025-10-31,Active
CUST08144,8,2025-12-20,Active
CUST08145,2,2025-05-01,Churned
CUST08146,7,2025-06-27,Churned
CUST08147,5,2025-12-12,Active
CUST08148,7,2025-07-27,Churned
CUST08149,4,2025-06-30,Churned
CUST08150,4,2025-12-11,Active
CUST08151,4,2025-12-28,Active
CUST08152,6,2025-12-06,Active
CUST08153,11,2025-12-16,Active
CUST08154,5,2025-11-15,Active
CUST08155,3,2025-01-01,Churned
CUST08156,6,2025-12-15,Active
CUST08157,6,2025-06-26,Churned
CUST08158,4,2025-12-01,Active
CUST08159,1,2025-10-13,Active
CUST08160,3,2024-08-18,Churned
CUST08161,5,2025-07-14,Churned
CUST08162,8,2025-03-11,Churned
CUST08163,7,2025-12-31,Active
CUST08164,7,2025-12-21,Active
CUST08165,4,2025-10-16,Active
CUST08166,6,2025-04-22,Churned
CUST08167,9,2025-09-03,Churned
CUST08168,2,2025-12-11,Active
CUST08169,2,2025-10-19,Active
CUST08170,3,2025-12-24,Active
CUST08171,7,2025-12-08,Active
CUST08172,8,2025-09-29,Churned
CUST08173,6,2025-10-13,Active
CUST08174,2,2024-11-15,Churned
CUST08175,7,2025-09-13,Churned
CUST08176,6,2025-02-06,Churned
CUST08177,4,2025-08-07,Churned
CUST08178,8,2025-05-05,Churned
CUST08179,5,2025-10-01,Churned
CUST08180,5,2025-11-02,Active
CUST08181,4,2024-07-13,Churned
CUST08182,4,2025-09-23,Churned
CUST08183,2,2025-10-01,Churned
CUST08184,6,2025-12-04,Active
CUST08185,0,,Active
CUST08186,5,2025-06-26,Churned
CUST08187,7,2025-11-19,Active
CUST08188,4,2025-09-15,Churned
CUST08189,6,2025-12-17,Active
CUST08190,4,2025-07-25,Churned
CUST08191,1,2024-05-24,Churned
CUST08192,3,2025-09-06,Churned
CUST08193,11,2025-09-18,Churned
CUST08194,3,2025-09-13,Churned
CUST08195,4,2025-12-07,Active
CUST08196,6,2025-10-13,Active
CUST08197,2,2025-06-14,Churned
CUST08198,4,2025-02-04,Churned
CUST08199,4,2025-08-14,Churned
CUST08200,4,2025-10-20,Active
CUST08201,3,2025-11-14,Active
CUST08202,2,2025-11-05,Active
CUST08203,8,2025-04-16,Churned
CUST08204,0,,Active
CUST08205,7,2025-11-02,Active
CUST08206,5,2025-11-03,Active
CUST08207,4,2025-05-21,Churned
CUST08208,7,2025-12-02,Active
CUST08209,6,2025-12-07,Active
CUST08210,6,2025-11-05,Active
CUST08211,5,2025-11-17,Active
CUST08212,5,2025-12-02,Active
CUST08213,3,2025-10-31,Active
CUST08214,4,2025-10-17,Active
CUST08215,6,2025-11-21,Active
CUST08216,3,2025-02-28,Churned
CUST08217,6,2025-09-19,Churned
CUST08218,6,2025-07-28,Churned
CUST08219,5,2025-07-01,Churned
CUST08220,7,2025-12-01,Active
CUST08221,4,2025-07-28,Churned
CUST08222,2,2024-10-17,Churned
CUST08223,6,2025-11-29,Active
CUST08224,7,2025-12-22,Active
CUST08225,5,2025-09-13,Churned
CUST08226,6,2025-09-10,Churned
CUST08227,8,2025-07-07,Churned
CUST08228,4,2025-02-28,Churned
CUST08229,6,2025-12-10,Active
CUST08230,5,2025-08-01,Churned
CUST08231,6,2025-12-14,Active
CUST08232,2,2025-04-16,Churned
CUST08233,8,2025-11-14,Active
CUST08234,5,2025-12-19,Active
CUST08235,4,2025-09-01,Churned
CUST08236,8,2025-08-03,Churned
CUST08237,4,2025-10-02,Churned
CUST08238,4,2024-05-30,Churned
CUST08239,4,2025-08-28,Churned
CUST08240,3,2024-11-16,Churned
CUST08241,5,2024-12-26,Churned
CUST08242,4,2025-10-28,Active
CUST08243,9,2025-12-25,Active
CUST08244,6,2025-12-26,Active
CUST08245,2,2025-08-09,Churned
CUST08246,5,2025-07-25,Churned
CUST08247,3,2025-09-07,Churned
CUST08248,3,2025-06-10,Churned
CUST08249,6,2025-11-16,Active
CUST08250,3,2025-07-03,Churned
CUST08251,6,2025-12-24,Active
CUST08252,11,2025-11-14,Active
CUST08253,5,2024-09-26,Churned
CUST08254,6,2025-12-02,Active
CUST08255,5,2025-08-26,Churned
CUST08256,10,2025-10-21,Active
CUST08257,4,2025-03-14,Churned
CUST08258,1,2024-07-14,Churned
CUST08259,3,2025-10-29,Active
CUST08260,6,2025-01-20,Churned
CUST08261,7,2025-12-21,Active
CUST08262,7,2025-07-20,Churned
CUST08263,4,2025-12-31,Active
CUST08264,2,2025-12-22,Active
CUST08265,6,2025-06-27,Churned
CUST08266,4,2025-05-12,Churned
CUST08267,5,2025-02-03,Churned
CUST08268,5,2025-07-23,Churned
CUST08269,6,2025-11-07,Active
CUST08270,6,2025-09-17,Churned
CUST08271,10,2025-12-20,Active
CUST08272,4,2025-11-26,Active
CUST08273,3,2025-11-18,Active
CUST08274,4,2025-08-22,Churned
CUST08275,11,2025-09-28,Churned
CUST08276,8,2025-12-21,Active
CUST08277,3,2025-05-10,Churned
CUST08278,4,2025-12-17,Active
CUST08279,2,2025-08-29,Churned
CUST08280,3,2025-12-12,Active
CUST08281,5,2025-12-26,Active
CUST08282,3,2025-03-18,Churned
CUST08283,5,2025-12-03,Active
CUST08284,6,2025-07-09,Churned
CUST08285,5,2025-12-25,Active
CUST08286,5,2025-06-13,Churned
CUST08287,4,2025-12-11,Active
CUST08288,4,2025-04-23,Churned
CUST08289,8,2025-12-13,Active
CUST08290,5,2025-02-08,Churned
CUST08291,2,2025-10-20,Active
CUST08292,7,2025-12-10,Active
CUST08293,4,2025-09-14,Churned
CUST08294,10,2025-11-11,Active
CUST08295,2,2025-10-10,Active
CUST08296,1,2025-04-24,Churned
CUST08297,9,2025-06-21,Churned
CUST08298,7,2025-10-14,Active
CUST08299,4,2025-11-07,Active
CUST08300,6,2025-11-24,Active
CUST08301,2,2024-10-03,Churned
CUST08302,3,2025-11-08,Active
CUST08303,6,2025-12-25,Active
CUST08304,4,2025-12-18,Active
CUST08305,3,2025-05-26,Churned
CUST08306,6,2025-10-22,Active
CUST08307,1,2024-07-17,Churned
CUST08308,4,2025-11-30,Active
CUST08309,4,2025-11-22,Active
CUST08310,3,2025-03-13,Churned
CUST08311,7,2025-12-21,Active
CUST08312,2,2025-05-15,Churned
CUST08313,6,2025-10-22,Active
CUST08314,1,2025-06-06,Churned
CUST08315,7,2025-07-03,Churned
CUST08316,4,2025-01-23,Churned
CUST08317,5,2025-09-13,Churned
CUST08318,4,2025-11-08,Active
CUST08319,4,2025-07-28,Churned
CUST08320,4,2025-05-20,Churned
CUST08321,5,2025-11-21,Active
CUST08322,7,2025-12-26,Active
CUST08323,4,2025-11-11,Active
CUST08324,6,2025-12-31,Active
CUST08325,4,2025-10-14,Active
CUST08326,4,2025-03-12,Churned
CUST08327,6,2025-11-20,Active
CUST08328,2,2025-07-10,Churned
CUST08329,4,2025-05-05,Churned
CUST08330,5,2025-11-02,Active
CUST08331,3,2025-07-17,Churned
CUST08332,5,2025-11-11,Active
CUST08333,7,2025-09-08,Churned
CUST08334,3,2025-05-23,Churned
CUST08335,1,2024-08-26,Churned
CUST08336,4,2025-04-18,Churned
CUST08337,10,2025-11-14,Active
CUST08338,8,2025-12-14,Active
CUST08339,8,2025-01-11,Churned
CUST08340,3,2025-06-28,Churned
CUST08341,5,2025-09-25,Churned
CUST08342,6,2025-08-09,Churned
CUST08343,5,2025-11-17,Active
CUST08344,2,2025-12-10,Active
CUST08345,4,2025-10-22,Active
CUST08346,3,2025-11-10,Active
CUST08347,6,2025-06-20,Churned
CUST08348,2,2025-09-13,Churned
CUST08349,2,2025-01-06,Churned
CUST08350,8,2025-12-02,Active
CUST08351,5,2025-11-08,Active
CUST08352,5,2025-08-10,Churned
CUST08353,6,2025-03-17,Churned
CUST08354,5,2025-05-21,Churned
CUST08355,4,2025-03-01,Churned
CUST08356,6,2025-10-03,Active
CUST08357,8,2025-11-09,Active
CUST08358,1,2024-06-22,Churned
CUST08359,2,2025-10-05,Active
CUST08360,7,2025-11-05,Active
CUST08361,4,2025-06-08,Churned
CUST08362,8,2025-12-16,Active
CUST08363,7,2025-10-07,Active
CUST08364,5,2025-11-21,Active
CUST08365,7,2025-10-10,Active
CUST08366,3,2024-07-08,Churned
CUST08367,7,2025-04-27,Churned
CUST08368,5,2025-06-05,Churned
CUST08369,3,2025-07-15,Churned
CUST08370,6,2025-07-15,Churned
CUST08371,5,2025-10-06,Active
CUST08372,3,2025-09-18,Churned
CUST08373,2,2025-05-09,Churned
CUST08374,4,2025-04-26,Churned
CUST08375,6,2025-09-15,Churned
CUST08376,5,2025-12-05,Active
CUST08377,7,2025-08-21,Churned
CUST08378,5,2025-12-15,Active
CUST08379,6,2025-12-20,Active
CUST08380,8,2025-11-01,Active
CUST08381,4,2025-08-22,Churned
CUST08382,4,2025-07-09,Churned
CUST08383,5,2025-10-14,Active
CUST08384,4,2025-10-26,Active
CUST08385,6,2025-06-24,Churned
CUST08386,1,2024-06-19,Churned
CUST08387,3,2024-10-17,Churned
CUST08388,6,2025-11-27,Active
CUST08389,3,2024-07-05,Churned
CUST08390,7,2025-09-16,Churned
CUST08391,5,2025-08-09,Churned
CUST08392,4,2024-12-05,Churned
CUST08393,9,2025-09-28,Churned
CUST08394,4,2025-05-04,Churned
CUST08395,7,2025-09-04,Churned
CUST08396,2,2025-12-25,Active
CUST08397,5,2025-04-25,Churned
CUST08398,8,2025-12-26,Active
CUST08399,1,2025-02-13,Churned
CUST08400,3,2025-10-22,Active
CUST08401,6,2025-04-25,Churned
CUST08402,3,2025-04-24,Churned
CUST08403,5,2025-03-07,Churned
CUST08404,2,2025-04-11,Churned
CUST08405,2,2025-08-07,Churned
CUST08406,4,2025-03-29,Churned
CUST08407,9,2025-11-08,Active
CUST08408,5,2025-12-31,Active
CUST08409,3,2025-12-27,Active
CUST08410,3,2025-09-28,Churned
CUST08411,4,2025-11-23,Active
CUST08412,3,2025-09-11,Churned
CUST08413,7,2025-10-17,Active
CUST08414,2,2025-09-25,Churned
CUST08415,3,2024-07-19,Churned
CUST08416,3,2025-11-25,Active
CUST08417,6,2025-06-02,Churned
CUST08418,4,2025-04-20,Churned
CUST08419,8,2025-12-26,Active
CUST08420,5,2025-09-12,Churned
CUST08421,2,2024-11-05,Churned
CUST08422,4,2025-08-22,Churned
CUST08423,8,2025-12-28,Active
CUST08424,5,2025-09-11,Churned
CUST08425,2,2024-11-09,Churned
CUST08426,2,2025-06-07,Churned
CUST08427,1,2024-04-07,Churned
CUST08428,3,2024-12-23,Churned
CUST08429,4,2025-08-08,Churned
CUST08430,5,2025-07-01,Churned
CUST08431,4,2025-10-30,Active
CUST08432,3,2025-12-25,Active
CUST08433,4,2025-08-18,Churned
CUST08434,5,2025-12-29,Active
CUST08435,7,2025-09-05,Churned
CUST08436,4,2025-07-13,Churned
CUST08437,5,2025-06-09,Churned
CUST08438,6,2025-04-13,Churned
CUST08439,1,2024-10-29,Churned
CUST08440,6,2025-02-27,Churned
CUST08441,3,2025-04-18,Churned
CUST08442,5,2025-03-04,Churned
CUST08443,3,2025-08-01,Churned
CUST08444,4,2025-03-15,Churned
CUST08445,3,2025-10-04,Active
CUST08446,6,2025-07-31,Churned
CUST08447,5,2025-11-13,Active
CUST08448,3,2025-09-29,Churned
CUST08449,5,2025-06-21,Churned
CUST08450,3,2025-05-28,Churned
CUST08451,6,2025-11-21,Active
CUST08452,4,2025-05-28,Churned
CUST08453,2,2025-09-08,Churned
CUST08454,10,2025-12-19,Active
CUST08455,7,2025-11-23,Active
CUST08456,4,2025-08-05,Churned
CUST08457,5,2025-05-07,Churned
CUST08458,3,2025-07-09,Churned
CUST08459,3,2024-06-08,Churned
CUST08460,4,2025-02-23,Churned
CUST08461,2,2025-07-23,Churned
CUST08462,1,2024-05-06,Churned
CUST08463,2,2025-09-02,Churned
CUST08464,7,2025-12-02,Active
CUST08465,4,2025-10-18,Active
CUST08466,3,2024-08-29,Churned
CUST08467,7,2025-09-09,Churned
CUST08468,4,2025-07-30,Churned
CUST08469,1,2024-09-17,Churned
CUST08470,3,2025-01-14,Churned
CUST08471,5,2025-04-01,Churned
CUST08472,3,2025-07-04,Churned
CUST08473,1,2025-01-03,Churned
CUST08474,4,2025-04-13,Churned
CUST08475,4,2025-06-08,Churned
CUST08476,6,2025-12-19,Active
CUST08477,9,2025-10-31,Active
CUST08478,4,2025-11-04,Active
CUST08479,4,2025-12-01,Active
CUST08480,4,2025-11-16,Active
CUST08481,6,2024-11-24,Churned
CUST08482,1,2025-10-06,Active
CUST08483,2,2025-09-06,Churned
CUST08484,7,2025-12-22,Active
CUST08485,8,2025-07-22,Churned
CUST08486,2,2024-06-19,Churned
CUST08487,7,2025-12-08,Active
CUST08488,10,2025-09-14,Churned
CUST08489,5,2025-08-18,Churned
CUST08490,4,2025-11-12,Active
CUST08491,5,2025-09-13,Churned
CUST08492,4,2025-12-30,Active
CUST08493,1,2025-10-06,Active
CUST08494,5,2025-12-15,Active
CUST08495,9,2025-12-21,Active
CUST08496,4,2025-12-05,Active
CUST08497,7,2025-08-31,Churned
CUST08498,7,2025-10-21,Active
CUST08499,3,2025-08-04,Churned
CUST08500,2,2025-04-19,Churned
CUST08501,5,2025-12-16,Active
CUST08502,4,2025-10-05,Active
CUST08503,5,2025-10-16,Active
CUST08504,4,2025-05-27,Churned
CUST08505,7,2025-09-05,Churned
CUST08506,3,2025-11-02,Active
CUST08507,11,2025-11-14,Active
CUST08508,6,2025-10-17,Active
CUST08509,2,2025-06-29,Churned
CUST08510,4,2025-11-15,Active
CUST08511,2,2025-02-01,Churned
CUST08512,2,2024-09-27,Churned
CUST08513,11,2025-12-23,Active
CUST08514,4,2025-06-13,Churned
CUST08515,6,2025-12-27,Active
CUST08516,7,2025-10-27,Active
CUST08517,3,2025-10-16,Active
CUST08518,6,2025-12-26,Active
CUST08519,3,2025-11-28,Active
CUST08520,5,2025-08-28,Churned
CUST08521,6,2025-07-27,Churned
CUST08522,8,2025-10-25,Active
CUST08523,10,2025-11-21,Active
CUST08524,0,,Active
CUST08525,4,2025-03-03,Churned
CUST08526,6,2025-05-31,Churned
CUST08527,5,2025-05-10,Churned
CUST08528,3,2025-12-11,Active
CUST08529,6,2025-11-11,Active
CUST08530,6,2025-10-26,Active
CUST08531,4,2025-07-30,Churned
CUST08532,7,2025-10-02,Churned
CUST08533,6,2025-05-03,Churned
CUST08534,5,2025-12-06,Active
CUST08535,6,2025-10-30,Active
CUST08536,5,2025-12-30,Active
CUST08537,4,2025-11-16,Active
CUST08538,6,2025-09-19,Churned
CUST08539,1,2025-10-18,Active
CUST08540,0,,Active
CUST08541,0,,Active
CUST08542,7,2025-09-22,Churned
CUST08543,6,2025-12-06,Active
CUST08544,7,2025-04-07,Churned
CUST08545,2,2025-10-07,Active
CUST08546,4,2025-09-08,Churned
CUST08547,2,2025-01-21,Churned
CUST08548,3,2025-09-09,Churned
CUST08549,3,2025-11-02,Active
CUST08550,3,2025-02-25,Churned
CUST08551,5,2025-01-20,Churned
CUST08552,5,2025-09-28,Churned
CUST08553,7,2025-12-13,Active
CUST08554,1,2025-12-23,Active
CUST08555,6,2025-06-24,Churned
CUST08556,5,2025-12-12,Active
CUST08557,3,2025-11-16,Active
CUST08558,7,2025-11-25,Active
CUST08559,3,2025-12-30,Active
CUST08560,9,2025-12-11,Active
CUST08561,2,2025-08-19,Churned
CUST08562,8,2025-12-22,Active
CUST08563,5,2025-11-25,Active
CUST08564,5,2025-03-14,Churned
CUST08565,2,2025-12-29,Active
CUST08566,5,2025-10-31,Active
CUST08567,9,2025-11-11,Active
CUST08568,7,2025-12-22,Active
CUST08569,3,2025-08-10,Churned
CUST08570,7,2025-12-04,Active
CUST08571,7,2025-07-31,Churned
CUST08572,4,2024-12-05,Churned
CUST08573,5,2025-05-29,Churned
CUST08574,3,2024-07-14,Churned
CUST08575,8,2025-12-05,Active
CUST08576,7,2025-11-19,Active
CUST08577,4,2025-11-10,Active
CUST08578,3,2025-01-13,Churned
CUST08579,5,2025-12-16,Active
CUST08580,7,2025-11-23,Active
CUST08581,4,2025-09-28,Churned
CUST08582,5,2024-10-07,Churned
CUST08583,9,2025-10-12,Active
CUST08584,5,2025-11-15,Active
CUST08585,5,2025-08-01,Churned
CUST08586,4,2025-10-20,Active
CUST08587,4,2025-10-19,Active
CUST08588,5,2025-08-19,Churned
CUST08589,5,2025-05-31,Churned
CUST08590,4,2025-06-11,Churned
CUST08591,7,2024-09-19,Churned
CUST08592,4,2025-08-31,Churned
CUST08593,5,2025-12-29,Active
CUST08594,4,2025-04-16,Churned
CUST08595,5,2025-02-09,Churned
CUST08596,10,2025-12-20,Active
CUST08597,2,2025-04-29,Churned
CUST08598,6,2025-11-14,Active
CUST08599,5,2025-10-04,Active
CUST08600,3,2025-08-08,Churned
CUST08601,4,2025-09-04,Churned
CUST08602,4,2025-08-03,Churned
CUST08603,5,2025-11-30,Active
CUST08604,6,2025-08-22,Churned
CUST08605,5,2025-05-16,Churned
CUST08606,8,2025-03-15,Churned
CUST08607,3,2025-09-14,Churned
CUST08608,4,2025-07-01,Churned
CUST08609,5,2025-07-10,Churned
CUST08610,6,2025-10-23,Active
CUST08611,4,2025-10-05,Active
CUST08612,5,2025-09-07,Churned
CUST08613,5,2025-04-29,Churned
CUST08614,5,2025-09-21,Churned
CUST08615,2,2025-11-29,Active
CUST08616,8,2025-08-23,Churned
CUST08617,6,2025-11-01,Active
CUST08618,7,2025-09-06,Churned
CUST08619,2,2025-08-28,Churned
CUST08620,6,2025-07-07,Churned
CUST08621,3,2025-11-26,Active
CUST08622,6,2025-08-27,Churned
CUST08623,4,2025-06-30,Churned
CUST08624,4,2025-08-05,Churned
CUST08625,1,2025-06-10,Churned
CUST08626,7,2025-04-27,Churned
CUST08627,3,2025-03-06,Churned
CUST08628,4,2025-08-26,Churned
CUST08629,3,2025-08-23,Churned
CUST08630,6,2025-06-14,Churned
CUST08631,3,2025-03-26,Churned
CUST08632,6,2025-11-09,Active
CUST08633,7,2025-11-16,Active
CUST08634,4,2025-08-12,Churned
CUST08635,6,2025-11-30,Active
CUST08636,3,2025-09-24,Churned
CUST08637,4,2025-11-05,Active
CUST08638,4,2025-03-07,Churned
CUST08639,6,2025-05-22,Churned
CUST08640,6,2025-10-08,Active
CUST08641,4,2025-12-07,Active
CUST08642,2,2024-10-20,Churned
CUST08643,4,2024-10-29,Churned
CUST08644,5,2025-10-22,Active
CUST08645,5,2025-09-18,Churned
CUST08646,7,2025-10-26,Active
CUST08647,4,2025-09-16,Churned
CUST08648,4,2025-09-18,Churned
CUST08649,2,2024-07-15,Churned
CUST08650,7,2025-09-25,Churned
CUST08651,6,2025-11-26,Active
CUST08652,4,2025-12-02,Active
CUST08653,5,2025-10-22,Active
CUST08654,2,2025-01-26,Churned
CUST08655,8,2025-09-05,Churned
CUST08656,10,2025-12-29,Active
CUST08657,5,2025-12-18,Active
CUST08658,6,2025-11-22,Active
CUST08659,1,2024-10-31,Churned
CUST08660,5,2025-06-08,Churned
CUST08661,2,2025-04-16,Churned
CUST08662,4,2025-11-19,Active
CUST08663,3,2025-11-04,Active
CUST08664,3,2025-11-06,Active
CUST08665,3,2024-11-11,Churned
CUST08666,3,2025-11-26,Active
CUST08667,2,2025-02-07,Churned
CUST08668,7,2025-11-24,Active
CUST08669,4,2025-12-09,Active
CUST08670,2,2025-07-17,Churned
CUST08671,4,2025-12-15,Active
CUST08672,8,2025-12-22,Active
CUST08673,3,2025-07-27,Churned
CUST08674,7,2025-06-11,Churned
CUST08675,2,2025-02-11,Churned
CUST08676,7,2025-10-22,Active
CUST08677,3,2025-09-07,Churned
CUST08678,3,2025-12-01,Active
CUST08679,5,2025-09-29,Churned
CUST08680,7,2025-12-10,Active
CUST08681,4,2025-08-26,Churned
CUST08682,1,2025-01-26,Churned
CUST08683,6,2025-05-22,Churned
CUST08684,4,2025-05-15,Churned
CUST08685,7,2025-04-07,Churned
CUST08686,6,2025-07-03,Churned
CUST08687,8,2025-09-13,Churned
CUST08688,8,2025-06-05,Churned
CUST08689,5,2025-12-13,Active
CUST08690,5,2025-11-15,Active
CUST08691,6,2025-11-28,Active
CUST08692,4,2025-12-26,Active
CUST08693,7,2025-09-05,Churned
CUST08694,4,2025-11-18,Active
CUST08695,3,2025-06-06,Churned
CUST08696,5,2025-12-10,Active
CUST08697,2,2024-08-23,Churned
CUST08698,8,2025-11-11,Active
CUST08699,2,2025-03-24,Churned
CUST08700,1,2025-06-12,Churned
CUST08701,6,2025-09-01,Churned
CUST08702,3,2025-10-15,Active
CUST08703,4,2025-10-27,Active
CUST08704,4,2025-06-15,Churned
CUST08705,5,2025-05-23,Churned
CUST08706,6,2025-10-29,Active
CUST08707,4,2025-08-31,Churned
CUST08708,4,2025-05-02,Churned
CUST08709,4,2025-06-14,Churned
CUST08710,5,2025-07-13,Churned
CUST08711,8,2025-04-14,Churned
CUST08712,11,2025-12-03,Active
CUST08713,3,2025-11-17,Active
CUST08714,4,2025-08-18,Churned
CUST08715,6,2025-10-15,Active
CUST08716,4,2025-11-12,Active
CUST08717,6,2025-12-24,Active
CUST08718,6,2025-08-09,Churned
CUST08719,0,,Active
CUST08720,8,2025-11-12,Active
CUST08721,5,2025-01-26,Churned
CUST08722,6,2025-12-22,Active
CUST08723,4,2025-04-26,Churned
CUST08724,4,2025-12-18,Active
CUST08725,5,2025-11-23,Active
CUST08726,2,2024-08-18,Churned
CUST08727,9,2025-10-24,Active
CUST08728,3,2025-12-30,Active
CUST08729,7,2025-10-03,Active
CUST08730,9,2025-11-05,Active
CUST08731,6,2025-06-21,Churned
CUST08732,4,2025-01-03,Churned
CUST08733,0,,Active
CUST08734,6,2025-07-14,Churned
CUST08735,4,2025-10-25,Active
CUST08736,7,2025-10-21,Active
CUST08737,7,2025-11-06,Active
CUST08738,6,2025-12-03,Active
CUST08739,8,2025-09-12,Churned
CUST08740,8,2025-07-01,Churned
CUST08741,2,2024-12-16,Churned
CUST08742,4,2025-10-05,Active
CUST08743,4,2024-10-31,Churned
CUST08744,7,2025-04-28,Churned
CUST08745,7,2025-12-12,Active
CUST08746,4,2025-03-31,Churned
CUST08747,2,2025-08-03,Churned
CUST08748,6,2025-06-29,Churned
CUST08749,6,2025-10-22,Active
CUST08750,3,2025-08-04,Churned
CUST08751,4,2025-09-10,Churned
CUST08752,5,2025-05-02,Churned
CUST08753,7,2025-12-05,Active
CUST08754,5,2024-08-21,Churned
CUST08755,8,2025-12-17,Active
CUST08756,2,2025-12-26,Active
CUST08757,4,2025-06-03,Churned
CUST08758,7,2025-10-04,Active
CUST08759,10,2025-10-02,Churned
CUST08760,1,2024-01-11,Churned
CUST08761,9,2025-12-15,Active
CUST08762,4,2025-04-29,Churned
CUST08763,5,2025-02-15,Churned
CUST08764,4,2025-11-09,Active
CUST08765,4,2025-12-11,Active
CUST08766,8,2025-01-26,Churned
CUST08767,7,2025-12-19,Active
CUST08768,4,2025-07-20,Churned
CUST08769,5,2025-04-05,Churned
CUST08770,4,2025-10-13,Active
CUST08771,4,2025-11-21,Active
CUST08772,5,2025-10-24,Active
CUST08773,1,2024-12-10,Churned
CUST08774,7,2025-09-10,Churned
CUST08775,6,2025-07-27,Churned
CUST08776,8,2025-11-18,Active
CUST08777,4,2025-02-03,Churned
CUST08778,4,2025-04-01,Churned
CUST08779,3,2025-03-22,Churned
CUST08780,8,2025-09-21,Churned
CUST08781,4,2025-12-14,Active
CUST08782,3,2025-11-17,Active
CUST08783,2,2025-08-26,Churned
CUST08784,3,2025-07-30,Churned
CUST08785,4,2025-05-10,Churned
CUST08786,6,2025-03-29,Churned
CUST08787,4,2025-10-13,Active
CUST08788,10,2025-11-20,Active
CUST08789,3,2024-10-27,Churned
CUST08790,4,2025-10-16,Active
CUST08791,4,2025-04-23,Churned
CUST08792,9,2025-12-19,Active
CUST08793,5,2025-09-03,Churned
CUST08794,3,2025-02-20,Churned
CUST08795,4,2025-04-22,Churned
CUST08796,4,2025-09-12,Churned
CUST08797,2,2025-01-07,Churned
CUST08798,2,2024-12-14,Churned
CUST08799,7,2025-11-03,Active
CUST08800,2,2025-01-04,Churned
CUST08801,1,2025-01-10,Churned
CUST08802,4,2025-10-03,Active
CUST08803,3,2025-05-18,Churned
CUST08804,0,,Active
CUST08805,7,2025-08-07,Churned
CUST08806,6,2025-10-19,Active
CUST08807,3,2025-05-26,Churned
CUST08808,6,2025-12-14,Active
CUST08809,7,2025-12-28,Active
CUST08810,6,2025-09-12,Churned
CUST08811,4,2025-06-16,Churned
CUST08812,5,2024-10-27,Churned
CUST08813,1,2025-09-25,Churned
CUST08814,7,2025-11-16,Active
CUST08815,8,2025-03-15,Churned
CUST08816,3,2025-01-24,Churned
CUST08817,7,2025-07-13,Churned
CUST08818,6,2025-11-29,Active
CUST08819,3,2024-11-14,Churned
CUST08820,6,2025-11-15,Active
CUST08821,5,2024-09-23,Churned
CUST08822,6,2025-12-07,Active
CUST08823,4,2025-05-06,Churned
CUST08824,7,2025-12-13,Active
CUST08825,1,2024-10-31,Churned
CUST08826,4,2025-12-06,Active
CUST08827,5,2025-10-06,Active
CUST08828,4,2025-12-28,Active
CUST08829,5,2025-07-07,Churned
CUST08830,4,2025-11-23,Active
CUST08831,4,2025-08-27,Churned
CUST08832,7,2025-12-17,Active
CUST08833,4,2025-02-02,Churned
CUST08834,4,2025-12-17,Active
CUST08835,4,2025-02-16,Churned
CUST08836,9,2025-11-23,Active
CUST08837,5,2025-12-11,Active
CUST08838,7,2025-07-21,Churned
CUST08839,4,2025-10-21,Active
CUST08840,5,2025-01-21,Churned
CUST08841,3,2025-09-15,Churned
CUST08842,7,2025-11-09,Active
CUST08843,4,2025-06-11,Churned
CUST08844,5,2025-05-17,Churned
CUST08845,3,2025-07-11,Churned
CUST08846,11,2025-12-11,Active
CUST08847,6,2025-11-25,Active
CUST08848,8,2025-09-11,Churned
CUST08849,5,2025-09-11,Churned
CUST08850,2,2024-11-19,Churned
CUST08851,6,2025-05-18,Churned
CUST08852,4,2025-06-17,Churned
CUST08853,5,2025-12-23,Active
CUST08854,2,2024-11-27,Churned
CUST08855,2,2024-12-22,Churned
CUST08856,6,2025-11-11,Active
CUST08857,10,2025-11-13,Active
CUST08858,4,2025-04-20,Churned
CUST08859,7,2024-12-20,Churned
CUST08860,4,2025-10-23,Active
CUST08861,6,2025-12-21,Active
CUST08862,7,2025-06-15,Churned
CUST08863,3,2025-07-14,Churned
CUST08864,6,2025-10-01,Churned
CUST08865,5,2025-11-19,Active
CUST08866,5,2025-07-08,Churned
CUST08867,4,2025-11-22,Active
CUST08868,7,2025-12-02,Active
CUST08869,4,2025-10-04,Active
CUST08870,7,2025-08-31,Churned
CUST08871,5,2024-11-03,Churned
CUST08872,8,2025-04-04,Churned
CUST08873,2,2025-08-29,Churned
CUST08874,5,2025-10-15,Active
CUST08875,3,2025-01-04,Churned
CUST08876,3,2025-12-03,Active
CUST08877,7,2025-11-09,Active
CUST08878,10,2025-12-29,Active
CUST08879,4,2025-12-29,Active
CUST08880,5,2025-03-29,Churned
CUST08881,3,2025-11-22,Active
CUST08882,1,2025-06-29,Churned
CUST08883,4,2024-09-25,Churned
CUST08884,4,2025-08-14,Churned
CUST08885,3,2024-11-19,Churned
CUST08886,3,2024-06-08,Churned
CUST08887,2,2025-12-27,Active
CUST08888,6,2025-09-07,Churned
CUST08889,0,,Active
CUST08890,4,2025-11-16,Active
CUST08891,6,2025-05-31,Churned
CUST08892,3,2025-07-19,Churned
CUST08893,3,2025-11-20,Active
CUST08894,3,2025-02-17,Churned
CUST08895,6,2025-06-26,Churned
CUST08896,3,2024-08-12,Churned
CUST08897,4,2025-03-15,Churned
CUST08898,1,2024-06-02,Churned
CUST08899,6,2025-08-18,Churned
CUST08900,5,2025-10-30,Active
CUST08901,5,2025-09-24,Churned
CUST08902,3,2025-09-23,Churned
CUST08903,3,2025-08-23,Churned
CUST08904,3,2025-08-30,Churned
CUST08905,4,2025-04-20,Churned
CUST08906,3,2025-11-24,Active
CUST08907,7,2025-12-29,Active
CUST08908,4,2025-07-06,Churned
CUST08909,3,2025-08-11,Churned
CUST08910,5,2025-11-05,Active
CUST08911,6,2025-03-05,Churned
CUST08912,5,2025-10-31,Active
CUST08913,5,2025-10-28,Active
CUST08914,4,2025-12-29,Active
CUST08915,6,2025-04-23,Churned
CUST08916,3,2025-02-01,Churned
CUST08917,3,2025-07-31,Churned
CUST08918,6,2025-12-29,Active
CUST08919,4,2025-04-16,Churned
CUST08920,3,2025-08-21,Churned
CUST08921,8,2025-10-07,Active
CUST08922,7,2025-05-13,Churned
CUST08923,6,2025-08-24,Churned
CUST08924,6,2025-07-06,Churned
CUST08925,5,2025-12-24,Active
CUST08926,6,2025-02-04,Churned
CUST08927,4,2024-10-28,Churned
CUST08928,3,2025-10-16,Active
CUST08929,8,2025-07-30,Churned
CUST08930,5,2025-12-14,Active
CUST08931,10,2025-09-01,Churned
CUST08932,2,2025-05-04,Churned
CUST08933,12,2025-12-21,Active
CUST08934,5,2025-12-20,Active
CUST08935,5,2025-12-08,Active
CUST08936,5,2025-03-10,Churned
CUST08937,4,2025-08-31,Churned
CUST08938,5,2025-03-24,Churned
CUST08939,4,2025-10-25,Active
CUST08940,4,2025-12-13,Active
CUST08941,7,2025-12-18,Active
CUST08942,5,2025-10-26,Active
CUST08943,7,2025-11-28,Active
CUST08944,3,2025-02-07,Churned
CUST08945,12,2025-11-13,Active
CUST08946,3,2024-12-23,Churned
CUST08947,8,2025-10-24,Active
CUST08948,8,2025-11-15,Active
CUST08949,0,,Active
CUST08950,4,2025-12-11,Active
CUST08951,6,2025-11-27,Active
CUST08952,4,2025-12-26,Active
CUST08953,8,2025-12-24,Active
CUST08954,4,2025-08-20,Churned
CUST08955,3,2025-11-02,Active
CUST08956,3,2025-01-17,Churned
CUST08957,6,2025-12-02,Active
CUST08958,7,2025-07-18,Churned
CUST08959,6,2025-08-28,Churned
CUST08960,4,2025-04-14,Churned
CUST08961,4,2024-09-28,Churned
CUST08962,5,2025-01-27,Churned
CUST08963,5,2024-09-11,Churned
CUST08964,5,2025-11-19,Active
CUST08965,1,2025-11-13,Active
CUST08966,4,2025-12-31,Active
CUST08967,4,2025-10-23,Active
CUST08968,3,2025-03-02,Churned
CUST08969,6,2025-10-28,Active
CUST08970,2,2025-05-01,Churned
CUST08971,9,2025-12-11,Active
CUST08972,4,2024-11-23,Churned
CUST08973,6,2025-10-13,Active
CUST08974,5,2025-05-24,Churned
CUST08975,4,2025-05-19,Churned
CUST08976,4,2024-08-03,Churned
CUST08977,2,2025-10-05,Active
CUST08978,5,2025-09-15,Churned
CUST08979,3,2025-12-29,Active
CUST08980,2,2024-07-11,Churned
CUST08981,4,2025-11-04,Active
CUST08982,5,2025-06-12,Churned
CUST08983,4,2025-07-15,Churned
CUST08984,5,2025-07-25,Churned
CUST08985,4,2025-12-22,Active
CUST08986,9,2025-08-14,Churned
CUST08987,3,2025-06-28,Churned
CUST08988,7,2025-10-28,Active
CUST08989,5,2025-02-05,Churned
CUST08990,6,2025-04-21,Churned
CUST08991,5,2025-12-28,Active
CUST08992,4,2025-11-17,Active
CUST08993,4,2025-12-11,Active
CUST08994,4,2025-07-14,Churned
CUST08995,2,2025-07-25,Churned
CUST08996,9,2025-12-13,Active
CUST08997,3,2025-02-25,Churned
CUST08998,1,2025-10-17,Active
CUST08999,2,2024-08-14,Churned
CUST09000,5,2025-01-08,Churned
CUST09001,9,2025-12-25,Active
CUST09002,5,2025-09-16,Churned
CUST09003,9,2025-08-30,Churned
CUST09004,2,2025-01-16,Churned
CUST09005,3,2025-05-12,Churned
CUST09006,4,2025-05-16,Churned
CUST09007,4,2025-11-18,Active
CUST09008,3,2025-06-07,Churned
CUST09009,8,2025-02-03,Churned
CUST09010,9,2025-11-28,Active
CUST09011,5,2025-12-20,Active
CUST09012,7,2025-11-29,Active
CUST09013,1,2024-12-08,Churned
CUST09014,9,2025-12-25,Active
CUST09015,0,,Active
CUST09016,5,2025-12-22,Active
CUST09017,5,2025-05-14,Churned
CUST09018,5,2025-10-03,Active
CUST09019,3,2025-08-15,Churned
CUST09020,5,2025-12-19,Active
CUST09021,6,2025-10-06,Active
CUST09022,4,2025-08-01,Churned
CUST09023,10,2025-08-08,Churned
CUST09024,7,2025-11-17,Active
CUST09025,4,2025-11-22,Active
CUST09026,3,2025-10-28,Active
CUST09027,6,2025-08-10,Churned
CUST09028,4,2025-10-19,Active
CUST09029,5,2025-09-24,Churned
CUST09030,8,2025-11-05,Active
CUST09031,3,2025-09-10,Churned
CUST09032,7,2025-11-28,Active
CUST09033,4,2025-11-18,Active
CUST09034,4,2025-04-07,Churned
CUST09035,7,2025-11-09,Active
CUST09036,6,2025-10-21,Active
CUST09037,4,2025-06-09,Churned
CUST09038,8,2025-09-24,Churned
CUST09039,7,2025-12-20,Active
CUST09040,2,2025-03-16,Churned
CUST09041,3,2025-09-08,Churned
CUST09042,5,2025-04-12,Churned
CUST09043,6,2025-05-10,Churned
CUST09044,4,2025-09-21,Churned
CUST09045,4,2025-03-30,Churned
CUST09046,3,2025-11-21,Active
CUST09047,8,2025-12-14,Active
CUST09048,3,2025-02-01,Churned
CUST09049,6,2025-09-01,Churned
CUST09050,4,2025-11-24,Active
CUST09051,7,2025-11-21,Active
CUST09052,4,2025-11-23,Active
CUST09053,3,2025-10-28,Active
CUST09054,4,2024-06-08,Churned
CUST09055,6,2025-12-04,Active
CUST09056,4,2025-11-19,Active
CUST09057,5,2025-09-30,Churned
CUST09058,2,2025-08-04,Churned
CUST09059,3,2025-02-07,Churned
CUST09060,2,2025-07-21,Churned
CUST09061,4,2025-03-06,Churned
CUST09062,5,2025-05-02,Churned
CUST09063,6,2025-09-30,Churned
CUST09064,2,2024-01-20,Churned
CUST09065,6,2025-09-29,Churned
CUST09066,6,2025-08-04,Churned
CUST09067,1,2024-01-16,Churned
CUST09068,3,2025-12-16,Active
CUST09069,1,2024-10-01,Churned
CUST09070,6,2025-09-09,Churned
CUST09071,6,2025-11-30,Active
CUST09072,4,2025-04-13,Churned
CUST09073,2,2024-07-20,Churned
CUST09074,8,2025-12-04,Active
CUST09075,5,2025-12-18,Active
CUST09076,6,2025-08-26,Churned
CUST09077,4,2025-02-02,Churned
CUST09078,5,2025-12-11,Active
CUST09079,8,2025-10-15,Active
CUST09080,2,2025-03-19,Churned
CUST09081,10,2025-11-19,Active
CUST09082,7,2025-07-14,Churned
CUST09083,3,2025-09-30,Churned
CUST09084,6,2025-07-25,Churned
CUST09085,3,2024-07-29,Churned
CUST09086,10,2025-09-12,Churned
CUST09087,6,2025-11-01,Active
CUST09088,4,2025-09-20,Churned
CUST09089,7,2025-09-07,Churned
CUST09090,6,2025-12-06,Active
CUST09091,7,2025-12-19,Active
CUST09092,3,2025-08-28,Churned
CUST09093,7,2025-10-30,Active
CUST09094,4,2025-11-22,Active
CUST09095,14,2025-12-03,Active
CUST09096,4,2025-12-14,Active
CUST09097,7,2025-10-22,Active
CUST09098,7,2025-11-22,Active
CUST09099,6,2025-07-19,Churned
CUST09100,4,2025-05-11,Churned
CUST09101,2,2025-04-27,Churned
CUST09102,4,2025-11-18,Active
CUST09103,5,2025-09-11,Churned
CUST09104,2,2024-09-07,Churned
CUST09105,6,2025-07-06,Churned
CUST09106,4,2025-09-15,Churned
CUST09107,6,2025-10-26,Active
CUST09108,3,2025-09-10,Churned
CUST09109,5,2025-12-03,Active
CUST09110,3,2024-11-30,Churned
CUST09111,3,2025-07-11,Churned
CUST09112,5,2025-11-04,Active
CUST09113,2,2024-10-26,Churned
CUST09114,4,2025-11-01,Active
CUST09115,5,2025-06-18,Churned
CUST09116,4,2025-04-29,Churned
CUST09117,3,2025-12-24,Active
CUST09118,8,2025-12-12,Active
CUST09119,6,2025-07-16,Churned
CUST09120,7,2025-11-13,Active
CUST09121,2,2025-11-19,Active
CUST09122,8,2025-08-25,Churned
CUST09123,4,2025-05-02,Churned
CUST09124,3,2025-07-13,Churned
CUST09125,3,2025-10-22,Active
CUST09126,9,2025-08-06,Churned
CUST09127,5,2025-08-14,Churned
CUST09128,7,2025-08-29,Churned
CUST09129,5,2025-11-11,Active
CUST09130,7,2025-12-12,Active
CUST09131,5,2025-12-22,Active
CUST09132,7,2025-10-08,Active
CUST09133,3,2024-10-22,Churned
CUST09134,6,2025-06-10,Churned
CUST09135,11,2025-08-02,Churned
CUST09136,2,2025-09-02,Churned
CUST09137,5,2025-06-29,Churned
CUST09138,3,2025-11-17,Active
CUST09139,4,2025-07-13,Churned
CUST09140,8,2025-11-08,Active
CUST09141,6,2025-11-25,Active
CUST09142,5,2025-11-29,Active
CUST09143,10,2025-12-17,Active
CUST09144,6,2025-06-07,Churned
CUST09145,7,2025-10-04,Active
CUST09146,2,2024-10-25,Churned
CUST09147,5,2025-07-16,Churned
CUST09148,4,2025-11-07,Active
CUST09149,5,2025-12-10,Active
CUST09150,6,2025-10-16,Active
CUST09151,4,2025-04-11,Churned
CUST09152,5,2025-12-22,Active
CUST09153,1,2024-10-29,Churned
CUST09154,5,2025-08-28,Churned
CUST09155,9,2025-12-09,Active
CUST09156,6,2025-10-15,Active
CUST09157,2,2025-07-28,Churned
CUST09158,5,2025-07-12,Churned
CUST09159,8,2025-12-11,Active
CUST09160,4,2025-12-15,Active
CUST09161,5,2025-06-13,Churned
CUST09162,3,2025-11-20,Active
CUST09163,3,2025-06-07,Churned
CUST09164,8,2025-12-16,Active
CUST09165,7,2025-06-05,Churned
CUST09166,4,2025-08-23,Churned
CUST09167,5,2025-04-12,Churned
CUST09168,3,2025-12-22,Active
CUST09169,7,2025-07-19,Churned
CUST09170,6,2025-11-13,Active
CUST09171,2,2025-09-09,Churned
CUST09172,7,2025-09-27,Churned
CUST09173,9,2025-11-24,Active
CUST09174,9,2025-12-03,Active
CUST09175,11,2025-12-05,Active
CUST09176,3,2025-04-01,Churned
CUST09177,4,2024-12-11,Churned
CUST09178,4,2025-12-28,Active
CUST09179,1,2025-04-14,Churned
CUST09180,3,2025-06-08,Churned
CUST09181,9,2025-12-30,Active
CUST09182,2,2025-03-08,Churned
CUST09183,7,2025-11-25,Active
CUST09184,5,2025-11-03,Active
CUST09185,4,2025-11-15,Active
CUST09186,3,2025-11-24,Active
CUST09187,5,2025-05-29,Churned
CUST09188,7,2025-10-12,Active
CUST09189,2,2025-03-27,Churned
CUST09190,6,2025-09-19,Churned
CUST09191,6,2025-12-31,Active
CUST09192,6,2025-06-15,Churned
CUST09193,4,2025-09-06,Churned
CUST09194,4,2025-05-08,Churned
CUST09195,1,2025-06-05,Churned
CUST09196,3,2025-03-08,Churned
CUST09197,1,2025-10-05,Active
CUST09198,7,2025-11-29,Active
CUST09199,4,2025-01-21,Churned
CUST09200,2,2025-06-19,Churned
CUST09201,8,2025-10-23,Active
CUST09202,3,2024-11-23,Churned
CUST09203,8,2025-11-11,Active
CUST09204,4,2025-08-25,Churned
CUST09205,5,2025-12-09,Active
CUST09206,5,2025-10-07,Active
CUST09207,4,2025-09-24,Churned
CUST09208,5,2025-11-07,Active
CUST09209,7,2025-09-19,Churned
CUST09210,2,2024-03-10,Churned
CUST09211,7,2025-02-09,Churned
CUST09212,1,2024-09-01,Churned
CUST09213,5,2025-12-17,Active
CUST09214,5,2025-07-30,Churned
CUST09215,9,2025-11-08,Active
CUST09216,2,2025-07-05,Churned
CUST09217,10,2025-12-15,Active
CUST09218,3,2025-08-17,Churned
CUST09219,7,2025-10-06,Active
CUST09220,5,2025-11-29,Active
CUST09221,7,2025-07-25,Churned
CUST09222,5,2025-02-28,Churned
CUST09223,4,2024-11-19,Churned
CUST09224,1,2024-02-20,Churned
CUST09225,4,2025-07-27,Churned
CUST09226,3,2025-08-29,Churned
CUST09227,8,2025-12-22,Active
CUST09228,8,2025-12-20,Active
CUST09229,7,2025-10-22,Active
CUST09230,2,2025-07-03,Churned
CUST09231,7,2025-09-03,Churned
CUST09232,6,2025-09-09,Churned
CUST09233,3,2025-12-11,Active
CUST09234,6,2025-07-04,Churned
CUST09235,9,2025-11-29,Active
CUST09236,4,2025-11-09,Active
CUST09237,4,2025-05-22,Churned
CUST09238,7,2025-11-11,Active
CUST09239,1,2025-01-25,Churned
CUST09240,5,2025-10-24,Active
CUST09241,4,2025-08-16,Churned
CUST09242,5,2025-07-21,Churned
CUST09243,6,2025-12-03,Active
CUST09244,6,2025-11-02,Active
CUST09245,7,2025-10-10,Active
CUST09246,2,2024-10-03,Churned
CUST09247,4,2025-01-23,Churned
CUST09248,7,2025-09-08,Churned
CUST09249,4,2025-12-02,Active
CUST09250,3,2025-11-17,Active
CUST09251,8,2025-12-11,Active
CUST09252,0,,Active
CUST09253,3,2025-12-08,Active
CUST09254,4,2025-11-05,Active
CUST09255,6,2025-10-12,Active
CUST09256,7,2025-01-07,Churned
CUST09257,3,2025-02-07,Churned
CUST09258,3,2025-10-22,Active
CUST09259,7,2025-11-30,Active
CUST09260,1,2025-09-11,Churned
CUST09261,6,2025-07-25,Churned
CUST09262,1,2024-03-18,Churned
CUST09263,2,2025-08-12,Churned
CUST09264,6,2025-12-19,Active
CUST09265,4,2025-11-18,Active
CUST09266,3,2025-01-18,Churned
CUST09267,3,2025-05-21,Churned
CUST09268,6,2025-09-03,Churned
CUST09269,2,2025-04-13,Churned
CUST09270,5,2025-07-08,Churned
CUST09271,2,2025-06-17,Churned
CUST09272,8,2025-11-23,Active
CUST09273,4,2025-05-02,Churned
CUST09274,4,2025-11-12,Active
CUST09275,3,2025-12-31,Active
CUST09276,3,2025-05-08,Churned
CUST09277,5,2025-05-23,Churned
CUST09278,2,2025-03-27,Churned
CUST09279,4,2025-08-06,Churned
CUST09280,6,2025-08-16,Churned
CUST09281,9,2025-12-15,Active
CUST09282,2,2025-05-26,Churned
CUST09283,10,2025-09-24,Churned
CUST09284,8,2025-11-02,Active
CUST09285,4,2025-09-27,Churned
CUST09286,4,2025-10-29,Active
CUST09287,4,2025-03-18,Churned
CUST09288,6,2025-12-09,Active
CUST09289,6,2025-04-12,Churned
CUST09290,5,2025-07-18,Churned
CUST09291,4,2025-03-16,Churned
CUST09292,4,2025-05-30,Churned
CUST09293,10,2025-11-26,Active
CUST09294,5,2025-03-23,Churned
CUST09295,4,2025-12-29,Active
CUST09296,4,2025-02-11,Churned
CUST09297,5,2025-07-15,Churned
CUST09298,1,2024-01-06,Churned
CUST09299,4,2025-11-19,Active
CUST09300,4,2025-10-09,Active
CUST09301,9,2025-10-29,Active
CUST09302,5,2025-09-01,Churned
CUST09303,2,2024-06-15,Churned
CUST09304,6,2025-05-05,Churned
CUST09305,4,2024-10-30,Churned
CUST09306,7,2025-10-09,Active
CUST09307,4,2025-10-07,Active
CUST09308,5,2025-07-07,Churned
CUST09309,5,2025-12-08,Active
CUST09310,3,2025-12-02,Active
CUST09311,6,2025-12-02,Active
CUST09312,6,2025-11-30,Active
CUST09313,5,2025-12-19,Active
CUST09314,6,2025-07-18,Churned
CUST09315,3,2025-01-29,Churned
CUST09316,9,2025-11-14,Active
CUST09317,3,2025-06-17,Churned
CUST09318,4,2025-10-30,Active
CUST09319,6,2025-11-05,Active
CUST09320,3,2025-12-16,Active
CUST09321,4,2025-11-26,Active
CUST09322,5,2025-05-28,Churned
CUST09323,4,2025-10-05,Active
CUST09324,4,2025-05-09,Churned
CUST09325,2,2025-03-04,Churned
CUST09326,3,2025-02-08,Churned
CUST09327,4,2025-10-01,Churned
CUST09328,1,2024-04-02,Churned
CUST09329,5,2025-04-06,Churned
CUST09330,2,2025-05-06,Churned
CUST09331,6,2025-11-06,Active
CUST09332,1,2024-03-15,Churned
CUST09333,3,2025-11-06,Active
CUST09334,4,2025-12-05,Active
CUST09335,2,2025-12-11,Active
CUST09336,6,2025-09-07,Churned
CUST09337,4,2025-11-26,Active
CUST09338,7,2025-12-12,Active
CUST09339,6,2025-12-05,Active
CUST09340,3,2025-11-30,Active
CUST09341,4,2025-09-16,Churned
CUST09342,4,2025-07-12,Churned
CUST09343,4,2025-01-02,Churned
CUST09344,8,2025-11-05,Active
CUST09345,1,2025-08-10,Churned
CUST09346,6,2025-09-06,Churned
CUST09347,6,2025-04-19,Churned
CUST09348,7,2025-12-13,Active
CUST09349,6,2025-09-05,Churned
CUST09350,5,2025-04-30,Churned
CUST09351,1,2024-02-15,Churned
CUST09352,2,2025-08-23,Churned
CUST09353,1,2024-08-28,Churned
CUST09354,5,2025-09-16,Churned
CUST09355,7,2025-12-08,Active
CUST09356,7,2025-10-22,Active
CUST09357,7,2025-12-22,Active
CUST09358,3,2025-11-09,Active
CUST09359,6,2025-10-18,Active
CUST09360,3,2024-08-30,Churned
CUST09361,6,2025-12-15,Active
CUST09362,7,2025-12-06,Active
CUST09363,5,2025-12-10,Active
CUST09364,3,2025-07-07,Churned
CUST09365,11,2025-11-18,Active
CUST09366,7,2025-08-20,Churned
CUST09367,6,2025-12-26,Active
CUST09368,6,2025-11-19,Active
CUST09369,0,,Active
CUST09370,2,2024-08-15,Churned
CUST09371,3,2025-11-05,Active
CUST09372,7,2025-11-03,Active
CUST09373,3,2025-08-08,Churned
CUST09374,3,2025-09-12,Churned
CUST09375,0,,Active
CUST09376,7,2025-09-03,Churned
CUST09377,3,2025-07-13,Churned
CUST09378,2,2025-08-09,Churned
CUST09379,8,2025-07-23,Churned
CUST09380,3,2025-11-27,Active
CUST09381,3,2025-08-05,Churned
CUST09382,7,2025-10-04,Active
CUST09383,5,2025-06-02,Churned
CUST09384,5,2025-05-19,Churned
CUST09385,10,2025-12-23,Active
CUST09386,2,2024-08-23,Churned
CUST09387,7,2025-11-19,Active
CUST09388,6,2025-08-27,Churned
CUST09389,3,2025-08-30,Churned
CUST09390,5,2025-12-22,Active
CUST09391,7,2025-07-31,Churned
CUST09392,5,2025-12-09,Active
CUST09393,4,2025-10-04,Active
CUST09394,4,2025-05-18,Churned
CUST09395,9,2025-10-25,Active
CUST09396,12,2025-12-19,Active
CUST09397,9,2025-11-22,Active
CUST09398,4,2025-11-22,Active
CUST09399,6,2025-12-28,Active
CUST09400,4,2025-04-17,Churned
CUST09401,10,2025-10-25,Active
CUST09402,4,2025-12-27,Active
CUST09403,7,2025-09-26,Churned
CUST09404,4,2025-10-09,Active
CUST09405,6,2025-11-18,Active
CUST09406,5,2025-10-26,Active
CUST09407,6,2025-12-14,Active
CUST09408,11,2025-08-29,Churned
CUST09409,6,2025-09-10,Churned
CUST09410,8,2025-12-22,Active
CUST09411,4,2025-05-15,Churned
CUST09412,5,2025-09-18,Churned
CUST09413,1,2024-05-24,Churned
CUST09414,4,2025-07-30,Churned
CUST09415,4,2025-10-17,Active
CUST09416,8,2025-10-21,Active
CUST09417,2,2025-11-30,Active
CUST09418,2,2025-11-28,Active
CUST09419,8,2025-07-27,Churned
CUST09420,4,2025-12-09,Active
CUST09421,2,2024-04-14,Churned
CUST09422,6,2025-12-07,Active
CUST09423,4,2025-11-21,Active
CUST09424,3,2025-11-23,Active
CUST09425,3,2024-12-24,Churned
CUST09426,2,2025-11-11,Active
CUST09427,4,2025-12-15,Active
CUST09428,7,2025-11-02,Active
CUST09429,8,2025-12-14,Active
CUST09430,4,2025-11-10,Active
CUST09431,5,2025-07-18,Churned
CUST09432,7,2025-04-15,Churned
CUST09433,3,2025-09-28,Churned
CUST09434,3,2025-04-24,Churned
CUST09435,5,2025-11-29,Active
CUST09436,1,2025-10-05,Active
CUST09437,3,2025-08-02,Churned
CUST09438,8,2025-09-15,Churned
CUST09439,8,2025-09-28,Churned
CUST09440,7,2025-10-03,Active
CUST09441,4,2025-12-22,Active
CUST09442,2,2024-03-19,Churned
CUST09443,4,2025-11-22,Active
CUST09444,5,2025-12-04,Active
CUST09445,6,2025-11-09,Active
CUST09446,7,2025-10-25,Active
CUST09447,5,2025-11-10,Active
CUST09448,6,2025-11-13,Active
CUST09449,9,2025-11-18,Active
CUST09450,6,2025-01-30,Churned
CUST09451,5,2025-11-20,Active
CUST09452,4,2025-12-16,Active
CUST09453,1,2024-02-04,Churned
CUST09454,4,2024-09-29,Churned
CUST09455,6,2025-09-17,Churned
CUST09456,6,2025-11-23,Active
CUST09457,4,2025-08-30,Churned
CUST09458,4,2025-12-24,Active
CUST09459,3,2025-12-27,Active
CUST09460,6,2025-10-20,Active
CUST09461,5,2025-12-04,Active
CUST09462,5,2025-10-21,Active
CUST09463,4,2025-12-13,Active
CUST09464,3,2025-12-10,Active
CUST09465,5,2025-12-21,Active
CUST09466,4,2025-07-18,Churned
CUST09467,8,2025-10-17,Active
CUST09468,4,2025-12-22,Active
CUST09469,6,2025-09-15,Churned
CUST09470,4,2025-12-14,Active
CUST09471,6,2025-11-30,Active
CUST09472,4,2025-03-05,Churned
CUST09473,5,2025-12-30,Active
CUST09474,3,2025-10-09,Active
CUST09475,7,2025-07-31,Churned
CUST09476,3,2024-11-18,Churned
CUST09477,7,2025-12-25,Active
CUST09478,6,2025-09-27,Churned
CUST09479,7,2025-10-08,Active
CUST09480,3,2025-10-05,Active
CUST09481,7,2025-12-24,Active
CUST09482,5,2025-06-29,Churned
CUST09483,3,2025-11-28,Active
CUST09484,4,2025-08-02,Churned
CUST09485,8,2025-09-03,Churned
CUST09486,4,2025-11-09,Active
CUST09487,5,2025-09-25,Churned
CUST09488,6,2025-11-16,Active
CUST09489,8,2025-02-04,Churned
CUST09490,3,2025-12-30,Active
CUST09491,9,2025-06-24,Churned
CUST09492,8,2025-10-26,Active
CUST09493,8,2025-11-09,Active
CUST09494,4,2025-06-04,Churned
CUST09495,10,2025-11-14,Active
CUST09496,4,2025-06-20,Churned
CUST09497,5,2025-08-18,Churned
CUST09498,6,2025-04-28,Churned
CUST09499,5,2025-10-12,Active
CUST09500,4,2025-01-21,Churned
CUST09501,7,2025-12-08,Active
CUST09502,3,2025-02-10,Churned
CUST09503,2,2025-02-25,Churned
CUST09504,8,2025-12-13,Active
CUST09505,5,2025-11-07,Active
CUST09506,5,2025-10-22,Active
CUST09507,4,2024-11-03,Churned
CUST09508,6,2025-09-11,Churned
CUST09509,2,2025-07-25,Churned
CUST09510,8,2025-09-04,Churned
CUST09511,5,2025-11-13,Active
CUST09512,3,2025-03-17,Churned
CUST09513,3,2025-10-24,Active
CUST09514,4,2025-08-18,Churned
CUST09515,5,2025-10-07,Active
CUST09516,1,2025-06-14,Churned
CUST09517,10,2025-12-26,Active
CUST09518,3,2025-02-01,Churned
CUST09519,5,2025-12-30,Active
CUST09520,6,2025-12-09,Active
CUST09521,3,2025-08-02,Churned
CUST09522,2,2025-12-26,Active
CUST09523,5,2025-11-28,Active
CUST09524,4,2025-09-21,Churned
CUST09525,1,2024-07-25,Churned
CUST09526,4,2025-03-08,Churned
CUST09527,3,2025-09-27,Churned
CUST09528,4,2024-11-10,Churned
CUST09529,5,2025-10-10,Active
CUST09530,2,2025-06-15,Churned
CUST09531,6,2025-12-21,Active
CUST09532,1,2024-12-28,Churned
CUST09533,5,2025-08-02,Churned
CUST09534,3,2024-10-07,Churned
CUST09535,4,2025-10-06,Active
CUST09536,12,2025-09-21,Churned
CUST09537,7,2025-12-22,Active
CUST09538,9,2025-08-20,Churned
CUST09539,5,2024-11-20,Churned
CUST09540,4,2025-08-21,Churned
CUST09541,2,2024-06-18,Churned
CUST09542,5,2025-12-25,Active
CUST09543,4,2025-09-27,Churned
CUST09544,6,2025-10-28,Active
CUST09545,3,2024-07-14,Churned
CUST09546,7,2025-10-15,Active
CUST09547,8,2025-05-25,Churned
CUST09548,9,2025-08-28,Churned
CUST09549,6,2025-12-16,Active
CUST09550,5,2025-09-03,Churned
CUST09551,3,2025-03-26,Churned
CUST09552,3,2025-10-07,Active
CUST09553,5,2025-10-19,Active
CUST09554,3,2025-09-22,Churned
CUST09555,5,2025-12-03,Active
CUST09556,5,2025-11-19,Active
CUST09557,5,2025-08-12,Churned
CUST09558,4,2025-11-26,Active
CUST09559,7,2025-12-13,Active
CUST09560,7,2025-10-21,Active
CUST09561,3,2025-07-04,Churned
CUST09562,6,2025-12-21,Active
CUST09563,7,2025-10-18,Active
CUST09564,7,2025-07-01,Churned
CUST09565,4,2025-07-30,Churned
CUST09566,6,2025-10-27,Active
CUST09567,4,2025-11-11,Active
CUST09568,4,2025-10-01,Churned
CUST09569,7,2025-10-27,Active
CUST09570,11,2025-11-22,Active
CUST09571,6,2025-08-24,Churned
CUST09572,5,2025-09-15,Churned
CUST09573,6,2025-06-06,Churned
CUST09574,5,2025-09-06,Churned
CUST09575,6,2025-08-04,Churned
CUST09576,4,2025-12-05,Active
CUST09577,5,2025-12-16,Active
CUST09578,10,2025-10-26,Active
CUST09579,6,2025-09-04,Churned
CUST09580,2,2025-08-19,Churned
CUST09581,9,2025-08-27,Churned
CUST09582,9,2025-11-07,Active
CUST09583,5,2025-04-03,Churned
CUST09584,6,2025-11-14,Active
CUST09585,5,2025-08-10,Churned
CUST09586,7,2025-11-19,Active
CUST09587,3,2025-03-02,Churned
CUST09588,6,2025-04-20,Churned
CUST09589,3,2025-12-23,Active
CUST09590,5,2025-04-05,Churned
CUST09591,5,2025-09-06,Churned
CUST09592,8,2025-12-03,Active
CUST09593,3,2025-04-13,Churned
CUST09594,3,2025-12-31,Active
CUST09595,8,2025-11-14,Active
CUST09596,3,2024-06-22,Churned
CUST09597,3,2025-12-16,Active
CUST09598,4,2025-06-23,Churned
CUST09599,3,2025-10-13,Active
CUST09600,4,2025-06-14,Churned
CUST09601,5,2025-08-10,Churned
CUST09602,3,2025-06-06,Churned
CUST09603,6,2025-10-04,Active
CUST09604,7,2025-08-25,Churned
CUST09605,5,2025-12-19,Active
CUST09606,5,2025-11-02,Active
CUST09607,12,2025-08-10,Churned
CUST09608,3,2024-12-05,Churned
CUST09609,6,2025-09-15,Churned
CUST09610,8,2025-07-25,Churned
CUST09611,9,2025-09-12,Churned
CUST09612,7,2025-12-30,Active
CUST09613,4,2025-11-17,Active
CUST09614,6,2025-04-23,Churned
CUST09615,6,2025-10-01,Churned
CUST09616,3,2025-05-02,Churned
CUST09617,6,2024-12-16,Churned
CUST09618,6,2025-09-28,Churned
CUST09619,3,2024-09-05,Churned
CUST09620,5,2024-12-14,Churned
CUST09621,6,2025-09-11,Churned
CUST09622,6,2025-12-21,Active
CUST09623,8,2025-07-27,Churned
CUST09624,4,2025-03-24,Churned
CUST09625,4,2025-08-10,Churned
CUST09626,8,2025-12-10,Active
CUST09627,6,2025-05-07,Churned
CUST09628,8,2025-06-05,Churned
CUST09629,5,2025-05-24,Churned
CUST09630,6,2025-06-12,Churned
CUST09631,5,2025-08-10,Churned
CUST09632,9,2025-06-09,Churned
CUST09633,6,2025-08-27,Churned
CUST09634,10,2025-12-04,Active
CUST09635,5,2025-12-04,Active
CUST09636,6,2025-01-01,Churned
CUST09637,5,2024-11-18,Churned
CUST09638,5,2025-12-24,Active
CUST09639,8,2025-11-28,Active
CUST09640,3,2025-10-17,Active
CUST09641,6,2025-09-18,Churned
CUST09642,3,2025-07-02,Churned
CUST09643,2,2025-09-11,Churned
CUST09644,5,2025-07-07,Churned
CUST09645,5,2025-02-25,Churned
CUST09646,3,2025-11-30,Active
CUST09647,6,2025-10-25,Active
CUST09648,9,2025-12-19,Active
CUST09649,7,2025-12-26,Active
CUST09650,5,2025-08-07,Churned
CUST09651,9,2025-10-26,Active
CUST09652,6,2025-11-18,Active
CUST09653,5,2025-11-24,Active
CUST09654,5,2025-12-07,Active
CUST09655,3,2025-09-05,Churned
CUST09656,11,2025-11-20,Active
CUST09657,11,2025-09-11,Churned
CUST09658,9,2025-12-17,Active
CUST09659,5,2025-10-02,Churned
CUST09660,6,2025-10-24,Active
CUST09661,7,2025-12-24,Active
CUST09662,3,2025-06-14,Churned
CUST09663,4,2025-08-08,Churned
CUST09664,2,2025-06-17,Churned
CUST09665,6,2025-12-11,Active
CUST09666,7,2025-12-23,Active
CUST09667,2,2024-09-26,Churned
CUST09668,4,2025-11-12,Active
CUST09669,10,2025-12-02,Active
CUST09670,8,2025-12-07,Active
CUST09671,5,2025-09-11,Churned
CUST09672,6,2025-04-08,Churned
CUST09673,7,2025-12-25,Active
CUST09674,6,2025-10-06,Active
CUST09675,6,2025-09-12,Churned
CUST09676,5,2025-08-09,Churned
CUST09677,8,2025-11-07,Active
CUST09678,7,2025-12-12,Active
CUST09679,4,2025-11-06,Active
CUST09680,5,2025-08-05,Churned
CUST09681,6,2025-10-28,Active
CUST09682,7,2025-11-26,Active
CUST09683,8,2025-07-13,Churned
CUST09684,2,2025-10-06,Active
CUST09685,4,2025-12-02,Active
CUST09686,5,2025-11-10,Active
CUST09687,5,2025-07-10,Churned
CUST09688,5,2025-03-12,Churned
CUST09689,10,2025-11-23,Active
CUST09690,3,2025-04-01,Churned
CUST09691,4,2025-04-20,Churned
CUST09692,3,2025-03-09,Churned
CUST09693,1,2025-05-11,Churned
CUST09694,5,2025-10-23,Active
CUST09695,2,2025-05-29,Churned
CUST09696,12,2025-12-14,Active
CUST09697,5,2025-08-10,Churned
CUST09698,3,2025-11-21,Active
CUST09699,6,2025-10-10,Active
CUST09700,5,2025-09-10,Churned
CUST09701,4,2025-08-15,Churned
CUST09702,8,2025-12-15,Active
CUST09703,4,2025-08-06,Churned
CUST09704,2,2025-03-11,Churned
CUST09705,3,2025-09-27,Churned
CUST09706,3,2025-11-09,Active
CUST09707,4,2025-12-26,Active
CUST09708,5,2025-04-11,Churned
CUST09709,3,2024-10-23,Churned
CUST09710,2,2025-12-11,Active
CUST09711,5,2025-11-01,Active
CUST09712,7,2025-10-27,Active
CUST09713,7,2025-11-09,Active
CUST09714,3,2025-10-18,Active
CUST09715,7,2025-11-06,Active
CUST09716,5,2025-09-22,Churned
CUST09717,7,2025-12-30,Active
CUST09718,7,2025-09-15,Churned
CUST09719,6,2025-10-15,Active
CUST09720,6,2025-09-02,Churned
CUST09721,6,2025-10-19,Active
CUST09722,7,2025-11-04,Active
CUST09723,3,2025-11-13,Active
CUST09724,7,2025-10-24,Active
CUST09725,7,2025-12-01,Active
CUST09726,4,2025-12-15,Active
CUST09727,9,2025-12-09,Active
CUST09728,5,2025-07-24,Churned
CUST09729,8,2025-12-01,Active
CUST09730,6,2025-12-17,Active
CUST09731,4,2025-11-17,Active
CUST09732,7,2025-06-13,Churned
CUST09733,2,2025-03-26,Churned
CUST09734,5,2025-09-15,Churned
CUST09735,3,2025-08-20,Churned
CUST09736,0,,Active
CUST09737,9,2025-10-24,Active
CUST09738,6,2025-12-18,Active
CUST09739,4,2025-05-08,Churned
CUST09740,3,2025-09-11,Churned
CUST09741,5,2025-11-21,Active
CUST09742,8,2025-12-01,Active
CUST09743,4,2025-07-11,Churned
CUST09744,6,2025-03-21,Churned
CUST09745,5,2025-09-19,Churned
CUST09746,6,2025-12-26,Active
CUST09747,3,2024-11-17,Churned
CUST09748,3,2025-06-09,Churned
CUST09749,1,2024-07-10,Churned
CUST09750,4,2025-09-05,Churned
CUST09751,4,2025-06-12,Churned
CUST09752,8,2025-08-11,Churned
CUST09753,9,2025-11-24,Active
CUST09754,4,2025-08-15,Churned
CUST09755,6,2025-11-21,Active
CUST09756,7,2025-07-06,Churned
CUST09757,4,2025-09-03,Churned
CUST09758,4,2025-09-24,Churned
CUST09759,9,2025-12-21,Active
CUST09760,2,2025-10-17,Active
CUST09761,10,2025-12-26,Active
CUST09762,1,2024-01-06,Churned
CUST09763,7,2025-12-12,Active
CUST09764,4,2025-06-06,Churned
CUST09765,5,2025-12-23,Active
CUST09766,5,2025-08-26,Churned
CUST09767,3,2025-07-23,Churned
CUST09768,3,2025-11-06,Active
CUST09769,8,2025-08-02,Churned
CUST09770,4,2025-06-12,Churned
CUST09771,8,2025-09-28,Churned
CUST09772,4,2025-10-30,Active
CUST09773,9,2025-12-27,Active
CUST09774,3,2025-08-15,Churned
CUST09775,4,2025-11-14,Active
CUST09776,7,2025-09-25,Churned
CUST09777,2,2025-08-08,Churned
CUST09778,4,2025-09-18,Churned
CUST09779,5,2025-08-25,Churned
CUST09780,8,2025-10-12,Active
CUST09781,8,2025-12-27,Active
CUST09782,3,2025-10-24,Active
CUST09783,4,2025-12-13,Active
CUST09784,6,2025-08-20,Churned
CUST09785,4,2025-11-28,Active
CUST09786,7,2025-12-16,Active
CUST09787,2,2025-02-17,Churned
CUST09788,2,2025-04-14,Churned
CUST09789,10,2025-11-25,Active
CUST09790,3,2025-10-24,Active
CUST09791,6,2025-06-21,Churned
CUST09792,9,2025-07-26,Churned
CUST09793,8,2025-12-31,Active
CUST09794,0,,Active
CUST09795,6,2025-12-22,Active
CUST09796,4,2025-08-02,Churned
CUST09797,4,2025-09-16,Churned
CUST09798,4,2025-11-13,Active
CUST09799,10,2025-11-15,Active
CUST09800,6,2025-11-08,Active
CUST09801,6,2025-08-23,Churned
CUST09802,10,2025-11-21,Active
CUST09803,5,2025-10-04,Active
CUST09804,2,2025-11-04,Active
CUST09805,8,2025-09-12,Churned
CUST09806,5,2025-12-13,Active
CUST09807,2,2025-10-18,Active
CUST09808,5,2025-07-10,Churned
CUST09809,7,2025-11-06,Active
CUST09810,6,2025-11-11,Active
CUST09811,5,2025-04-04,Churned
CUST09812,4,2025-09-06,Churned
CUST09813,3,2025-10-22,Active
CUST09814,4,2025-11-01,Active
CUST09815,7,2025-11-10,Active
CUST09816,5,2025-10-08,Active
CUST09817,9,2025-11-18,Active
CUST09818,5,2025-09-15,Churned
CUST09819,6,2025-12-02,Active
CUST09820,3,2025-05-08,Churned
CUST09821,7,2025-12-13,Active
CUST09822,3,2024-03-12,Churned
CUST09823,5,2025-10-16,Active
CUST09824,4,2025-10-11,Active
CUST09825,5,2025-07-28,Churned
CUST09826,4,2024-10-27,Churned
CUST09827,4,2025-11-10,Active
CUST09828,6,2025-09-14,Churned
CUST09829,3,2025-07-17,Churned
CUST09830,8,2025-12-23,Active
CUST09831,3,2024-10-06,Churned
CUST09832,5,2025-06-18,Churned
CUST09833,5,2025-09-22,Churned
CUST09834,5,2025-09-11,Churned
CUST09835,4,2025-08-11,Churned
CUST09836,7,2025-12-28,Active
CUST09837,3,2024-12-13,Churned
CUST09838,6,2025-03-06,Churned
CUST09839,5,2025-06-15,Churned
CUST09840,7,2025-12-18,Active
CUST09841,5,2025-11-19,Active
CUST09842,3,2024-11-21,Churned
CUST09843,7,2025-11-13,Active
CUST09844,4,2025-12-15,Active
CUST09845,7,2025-08-12,Churned
CUST09846,4,2025-06-19,Churned
CUST09847,9,2025-12-05,Active
CUST09848,5,2025-08-01,Churned
CUST09849,4,2025-07-07,Churned
CUST09850,5,2025-08-08,Churned
CUST09851,2,2025-09-22,Churned
CUST09852,4,2024-11-14,Churned
CUST09853,6,2025-11-05,Active
CUST09854,7,2025-10-17,Active
CUST09855,3,2025-12-21,Active
CUST09856,4,2025-11-21,Active
CUST09857,6,2025-11-30,Active
CUST09858,4,2025-12-07,Active
CUST09859,4,2024-09-27,Churned
CUST09860,4,2025-07-22,Churned
CUST09861,8,2025-09-11,Churned
CUST09862,4,2025-10-12,Active
CUST09863,5,2025-09-26,Churned
CUST09864,7,2025-12-12,Active
CUST09865,5,2025-12-03,Active
CUST09866,7,2025-08-20,Churned
CUST09867,8,2025-11-12,Active
CUST09868,6,2025-11-15,Active
CUST09869,7,2025-11-08,Active
CUST09870,4,2025-11-23,Active
CUST09871,4,2025-08-31,Churned
CUST09872,4,2025-11-17,Active
CUST09873,9,2025-12-18,Active
CUST09874,5,2025-05-19,Churned
CUST09875,3,2024-11-04,Churned
CUST09876,5,2025-08-31,Churned
CUST09877,2,2025-04-16,Churned
CUST09878,4,2025-04-26,Churned
CUST09879,3,2025-02-27,Churned
CUST09880,6,2025-10-21,Active
CUST09881,4,2025-06-22,Churned
CUST09882,10,2025-11-05,Active
CUST09883,9,2025-12-09,Active
CUST09884,3,2025-10-03,Active
CUST09885,6,2025-10-16,Active
CUST09886,8,2025-09-21,Churned
CUST09887,2,2024-06-06,Churned
CUST09888,7,2025-12-06,Active
CUST09889,5,2025-09-17,Churned
CUST09890,6,2025-10-14,Active
CUST09891,6,2025-12-08,Active
CUST09892,6,2025-10-27,Active
CUST09893,7,2025-09-11,Churned
CUST09894,7,2025-11-30,Active
CUST09895,6,2025-09-01,Churned
CUST09896,4,2025-04-29,Churned
CUST09897,5,2025-12-19,Active
CUST09898,5,2025-07-05,Churned
CUST09899,10,2025-09-08,Churned
CUST09900,3,2025-10-06,Active
CUST09901,5,2025-07-18,Churned
CUST09902,10,2025-12-03,Active
CUST09903,3,2025-12-17,Active
CUST09904,4,2025-10-09,Active
CUST09905,7,2025-12-20,Active
CUST09906,5,2025-12-14,Active
CUST09907,10,2025-10-22,Active
CUST09908,3,2025-11-04,Active
CUST09909,3,2025-11-06,Active
CUST09910,3,2025-09-08,Churned
CUST09911,4,2025-10-09,Active
CUST09912,4,2025-11-16,Active
CUST09913,4,2025-07-23,Churned
CUST09914,2,2025-02-11,Churned
CUST09915,3,2025-11-24,Active
CUST09916,5,2025-02-17,Churned
CUST09917,3,2025-11-07,Active
CUST09918,7,2025-11-15,Active
CUST09919,6,2025-07-16,Churned
CUST09920,5,2024-12-14,Churned
CUST09921,4,2024-10-06,Churned
CUST09922,6,2025-11-10,Active
CUST09923,7,2025-11-05,Active
CUST09924,3,2025-12-14,Active
CUST09925,5,2025-05-22,Churned
CUST09926,3,2025-11-30,Active
CUST09927,4,2024-12-21,Churned
CUST09928,4,2024-11-24,Churned
CUST09929,3,2024-07-16,Churned
CUST09930,4,2025-08-14,Churned
CUST09931,3,2025-06-23,Churned
CUST09932,4,2025-07-18,Churned
CUST09933,9,2025-10-20,Active
CUST09934,5,2025-12-19,Active
CUST09935,4,2025-05-28,Churned
CUST09936,4,2024-09-10,Churned
CUST09937,10,2025-10-01,Churned
CUST09938,4,2025-09-01,Churned
CUST09939,3,2025-02-02,Churned
CUST09940,6,2025-09-25,Churned
CUST09941,3,2025-08-18,Churned
CUST09942,8,2025-08-24,Churned
CUST09943,4,2025-03-04,Churned
CUST09944,5,2025-10-08,Active
CUST09945,4,2025-02-12,Churned
CUST09946,6,2025-10-22,Active
CUST09947,6,2025-12-22,Active
CUST09948,8,2025-10-06,Active
CUST09949,2,2024-05-03,Churned
CUST09950,3,2025-06-20,Churned
CUST09951,4,2025-06-04,Churned
CUST09952,5,2025-06-12,Churned
CUST09953,3,2025-11-01,Active
CUST09954,6,2025-11-25,Active
CUST09955,6,2025-07-26,Churned
CUST09956,5,2025-11-03,Active
CUST09957,6,2025-10-19,Active
CUST09958,11,2025-12-08,Active
CUST09959,6,2025-09-29,Churned
CUST09960,7,2025-12-12,Active
CUST09961,3,2025-06-28,Churned
CUST09962,4,2025-08-30,Churned
CUST09963,3,2025-06-03,Churned
CUST09964,5,2025-10-29,Active
CUST09965,7,2025-12-12,Active
CUST09966,1,2025-11-30,Active
CUST09967,7,2025-07-28,Churned
CUST09968,3,2025-09-06,Churned
CUST09969,4,2025-06-24,Churned
CUST09970,4,2025-12-05,Active
CUST09971,5,2025-09-07,Churned
CUST09972,1,2024-02-08,Churned
CUST09973,6,2025-11-11,Active
CUST09974,4,2024-11-22,Churned
CUST09975,4,2024-08-11,Churned
CUST09976,4,2025-09-08,Churned
CUST09977,6,2025-10-30,Active
CUST09978,5,2025-06-29,Churned
CUST09979,7,2025-05-01,Churned
CUST09980,4,2025-08-22,Churned
CUST09981,4,2025-12-02,Active
CUST09982,5,2025-09-28,Churned
CUST09983,5,2025-11-10,Active
CUST09984,9,2025-08-03,Churned
CUST09985,4,2025-12-20,Active
CUST09986,3,2025-12-19,Active
CUST09987,4,2025-12-21,Active
CUST09988,6,2025-11-08,Active
CUST09989,5,2025-11-09,Active
CUST09990,5,2025-02-12,Churned
CUST09991,8,2025-12-19,Active
CUST09992,6,2025-08-22,Churned
CUST09993,6,2025-10-29,Active
CUST09994,5,2025-02-23,Churned
CUST09995,6,2025-12-01,Active
CUST09996,1,2025-06-14,Churned
CUST09997,4,2025-11-17,Active
CUST09998,3,2025-03-01,Churned
CUST09999,5,2025-08-16,Churned
CUST10000,5,2025-03-21,Churned
