customer_id,customer_name,country,region,customer_segment,signup_date,acquisition_channel
CUST00001,Customer 00001,United States,North America,SMB,2024-03-09,Paid Search
CUST00002,Customer 00002,South Korea,Asia,SMB,2025-11-28,Paid Search
CUST00003,Customer 00003,Brazil,South America,SMB,2025-01-17,Social
CUST00004,Customer 00004,Mexico,North America,Mid-Market,2025-12-25,Organic
CUST00005,Customer 00005,United Kingdom,Europe,SMB,2024-10-30,Organic
CUST00006,Customer 00006,Australia,Oceania,SMB,2025-09-01,Paid Search
CUST00007,Customer 00007,Canada,North America,SMB,2024-08-29,Organic
CUST00008,Customer 00008,United States,North America,Enterprise,2024-11-20,Referral
CUST00009,Customer 00009,Italy,Europe,SMB,2024-09-10,Paid Search
CUST00010,Customer 00010,Japan,Asia,SMB,2025-02-04,Partner
CUST00011,Customer 00011,Japan,Asia,SMB,2024-06-12,Referral
CUST00012,Customer 00012,Australia,Oceania,SMB,2025-01-02,Paid Search
CUST00013,Customer 00013,Canada,North America,Mid-Market,2025-09-06,Partner
CUST00014,Customer 00014,Argentina,South America,Mid-Market,2024-04-23,Organic
CUST00015,Customer 00015,Japan,Asia,SMB,2025-08-02,Referral
CUST00016,Customer 00016,Spain,Europe,Enterprise,2025-09-16,Referral
CUST00017,Customer 00017,United States,North America,SMB,2024-01-26,Organic
CUST00018,Customer 00018,Germany,Europe,Enterprise,2025-05-09,Organic
CUST00019,Customer 00019,Argentina,South America,SMB,2024-12-20,Paid Search
CUST00020,Customer 00020,United States,North America,SMB,2025-04-11,Paid Search
CUST00021,Customer 00021,Canada,North America,Enterprise,2024-08-03,Referral
CUST00022,Customer 00022,South Korea,Asia,Enterprise,2024-06-10,Organic
CUST00023,Customer 00023,Australia,Oceania,Mid-Market,2024-07-28,Organic
CUST00024,Customer 00024,Argentina,South America,Mid-Market,2024-04-21,Social
CUST00025,Customer 00025,United States,North America,Mid-Market,2024-10-23,Organic
CUST00026,Customer 00026,Germany,Europe,Mid-Market,2025-09-30,Social
CUST00027,Customer 00027,India,Asia,SMB,2025-07-23,Referral
CUST00028,Customer 00028,Germany,Europe,SMB,2024-05-11,Referral
CUST00029,Customer 00029,France,Europe,Mid-Market,2025-02-11,Paid Search
CUST00030,Customer 00030,Mexico,North America,Mid-Market,2024-02-23,Partner
CUST00031,Customer 00031,Mexico,North America,Enterprise,2024-02-13,Social
CUST00032,Customer 00032,Australia,Oceania,SMB,2025-04-02,Referral
CUST00033,Customer 00033,Thailand,Asia,SMB,2024-08-09,Referral
CUST00034,Customer 00034,South Korea,Asia,SMB,2025-05-29,Paid Search
CUST00035,Customer 00035,Singapore,Asia,Mid-Market,2024-04-23,Organic
CUST00036,Customer 00036,Italy,Europe,SMB,2024-03-28,Social
CUST00037,Customer 00037,United Kingdom,Europe,Enterprise,2025-06-06,Organic
CUST00038,Customer 00038,Japan,Asia,SMB,2024-05-31,Paid Search
CUST00039,Customer 00039,United Kingdom,Europe,SMB,2024-02-12,Paid Search
CUST00040,Customer 00040,Mexico,North America,Mid-Market,2025-07-30,Partner
CUST00041,Customer 00041,South Korea,Asia,SMB,2025-05-30,Referral
CUST00042,Customer 00042,Brazil,South America,Mid-Market,2025-11-10,Referral
CUST00043,Customer 00043,Mexico,North America,SMB,2025-03-13,Organic
CUST00044,Customer 00044,Japan,Asia,SMB,2024-12-14,Organic
CUST00045,Customer 00045,Chile,South America,Mid-Market,2025-05-05,Organic
CUST00046,Customer 00046,Brazil,South America,Enterprise,2025-08-01,Social
CUST00047,Customer 00047,India,Asia,SMB,2025-04-04,Organic
CUST00048,Customer 00048,Thailand,Asia,SMB,2024-08-21,Social
CUST00049,Customer 00049,Canada,North America,Mid-Market,2025-10-12,Organic
CUST00050,Customer 00050,France,Europe,Enterprise,2025-05-29,Partner
CUST00051,Customer 00051,Germany,Europe,Mid-Market,2025-10-03,Referral
CUST00052,Customer 00052,Germany,Europe,Mid-Market,2025-02-11,Partner
CUST00053,Customer 00053,United States,North America,SMB,2024-11-24,Referral
CUST00054,Customer 00054,Mexico,North America,Mid-Market,2025-09-08,Partner
CUST00055,Customer 00055,United States,North America,Enterprise,2025-03-23,Referral
CUST00056,Customer 00056,United States,North America,Enterprise,2025-07-21,Organic
CUST00057,Customer 00057,Thailand,Asia,Mid-Market,2025-10-12,Social
CUST00058,Customer 00058,Mexico,North America,Mid-Market,2024-07-26,Referral
CUST00059,Customer 00059,France,Europe,Enterprise,2024-05-21,Organic
CUST00060,Customer 00060,Italy,Europe,SMB,2024-04-19,Paid Search
CUST00061,Customer 00061,Canada,North America,SMB,2025-03-14,Paid Search
CUST00062,Customer 00062,Singapore,Asia,Enterprise,2025-08-13,Partner
CUST00063,Customer 00063,United States,North America,SMB,2025-12-14,Partner
CUST00064,Customer 00064,Mexico,North America,SMB,2024-01-24,Paid Search
CUST00065,Customer 00065,Mexico,North America,SMB,2024-01-02,Referral
CUST00066,Customer 00066,Mexico,North America,Mid-Market,2025-05-11,Organic
CUST00067,Customer 00067,Mexico,North America,Mid-Market,2024-07-16,Paid Search
CUST00068,Customer 00068,India,Asia,Mid-Market,2024-12-13,Partner
CUST00069,Customer 00069,Italy,Europe,SMB,2024-02-27,Organic
CUST00070,Customer 00070,Thailand,Asia,SMB,2024-02-25,Paid Search
CUST00071,Customer 00071,United Kingdom,Europe,SMB,2025-01-21,Organic
CUST00072,Customer 00072,Thailand,Asia,Enterprise,2025-05-18,Organic
CUST00073,Customer 00073,Argentina,South America,SMB,2025-10-09,Organic
CUST00074,Customer 00074,Spain,Europe,Mid-Market,2024-12-18,Organic
CUST00075,Customer 00075,Spain,Europe,Mid-Market,2025-04-16,Paid Search
CUST00076,Customer 00076,South Korea,Asia,Mid-Market,2025-09-20,Social
CUST00077,Customer 00077,South Korea,Asia,Mid-Market,2024-11-11,Organic
CUST00078,Customer 00078,Canada,North America,Mid-Market,2024-06-01,Partner
CUST00079,Customer 00079,United States,North America,Mid-Market,2025-08-26,Referral
CUST00080,Customer 00080,Canada,North America,SMB,2024-01-02,Organic
CUST00081,Customer 00081,Mexico,North America,SMB,2024-07-20,Organic
CUST00082,Customer 00082,India,Asia,SMB,2024-04-05,Organic
CUST00083,Customer 00083,Brazil,South America,SMB,2025-04-15,Partner
CUST00084,Customer 00084,United Kingdom,Europe,Mid-Market,2024-07-16,Referral
CUST00085,Customer 00085,France,Europe,SMB,2024-09-08,Paid Search
CUST00086,Customer 00086,Italy,Europe,Mid-Market,2025-04-21,Organic
CUST00087,Customer 00087,Canada,North America,SMB,2024-08-04,Organic
CUST00088,Customer 00088,South Korea,Asia,Mid-Market,2024-09-22,Referral
CUST00089,Customer 00089,Germany,Europe,SMB,2024-12-30,Organic
CUST00090,Customer 00090,United States,North America,SMB,2024-03-27,Paid Search
CUST00091,Customer 00091,Italy,Europe,SMB,2025-11-14,Referral
CUST00092,Customer 00092,Canada,North America,Mid-Market,2025-12-18,Referral
CUST00093,Customer 00093,South Korea,Asia,SMB,2025-06-05,Organic
CUST00094,Customer 00094,South Korea,Asia,Mid-Market,2024-03-20,Paid Search
CUST00095,Customer 00095,Japan,Asia,Mid-Market,2024-12-11,Paid Search
CUST00096,Customer 00096,Canada,North America,Enterprise,2024-09-16,Partner
CUST00097,Customer 00097,Thailand,Asia,Mid-Market,2024-05-01,Paid Search
CUST00098,Customer 00098,Spain,Europe,Mid-Market,2025-10-02,Paid Search
CUST00099,Customer 00099,Germany,Europe,Mid-Market,2024-10-30,Organic
CUST00100,Customer 00100,New Zealand,Oceania,SMB,2025-04-22,Referral
CUST00101,Customer 00101,Australia,Oceania,Mid-Market,2025-05-20,Referral
CUST00102,Customer 00102,United States,North America,SMB,2024-08-21,Referral
CUST00103,Customer 00103,South Korea,Asia,Mid-Market,2024-09-11,Referral
CUST00104,Customer 00104,Australia,Oceania,SMB,2025-12-10,Partner
CUST00105,Customer 00105,United States,North America,SMB,2025-08-25,Partner
CUST00106,Customer 00106,Mexico,North America,Mid-Market,2025-01-01,Paid Search
CUST00107,Customer 00107,Thailand,Asia,SMB,2025-01-25,Organic
CUST00108,Customer 00108,Singapore,Asia,SMB,2024-01-06,Social
CUST00109,Customer 00109,Spain,Europe,SMB,2024-05-29,Referral
CUST00110,Customer 00110,New Zealand,Oceania,Mid-Market,2024-01-05,Social
CUST00111,Customer 00111,Singapore,Asia,SMB,2025-08-12,Paid Search
CUST00112,Customer 00112,Germany,Europe,SMB,2025-11-18,Social
CUST00113,Customer 00113,South Korea,Asia,Enterprise,2024-04-28,Organic
CUST00114,Customer 00114,United States,North America,Enterprise,2024-07-24,Referral
CUST00115,Customer 00115,Spain,Europe,SMB,2024-09-14,Paid Search
CUST00116,Customer 00116,Argentina,South America,SMB,2025-08-16,Organic
CUST00117,Customer 00117,Mexico,North America,SMB,2024-10-24,Organic
CUST00118,Customer 00118,Mexico,North America,Enterprise,2024-02-01,Organic
CUST00119,Customer 00119,Singapore,Asia,SMB,2025-03-04,Organic
CUST00120,Customer 00120,Mexico,North America,SMB,2024-04-17,Social
CUST00121,Customer 00121,Mexico,North America,SMB,2025-04-16,Social
CUST00122,Customer 00122,Mexico,North America,Mid-Market,2025-09-18,Partner
CUST00123,Customer 00123,Germany,Europe,SMB,2024-02-19,Social
CUST00124,Customer 00124,Singapore,Asia,Mid-Market,2025-12-27,Partner
CUST00125,Customer 00125,Spain,Europe,SMB,2025-04-29,Social
CUST00126,Customer 00126,Thailand,Asia,Mid-Market,2024-02-07,Organic
CUST00127,Customer 00127,Singapore,Asia,Mid-Market,2024-06-09,Organic
CUST00128,Customer 00128,Germany,Europe,SMB,2024-05-02,Partner
CUST00129,Customer 00129,France,Europe,SMB,2025-10-07,Paid Search
CUST00130,Customer 00130,Canada,North America,SMB,2025-06-12,Referral
CUST00131,Customer 00131,Italy,Europe,Mid-Market,2024-09-29,Referral
CUST00132,Customer 00132,New Zealand,Oceania,SMB,2025-01-22,Paid Search
CUST00133,Customer 00133,United States,North America,Mid-Market,2024-09-11,Organic
CUST00134,Customer 00134,Japan,Asia,SMB,2024-10-23,Referral
CUST00135,Customer 00135,United States,North America,Mid-Market,2025-04-11,Paid Search
CUST00136,Customer 00136,Spain,Europe,Mid-Market,2024-05-22,Paid Search
CUST00137,Customer 00137,Australia,Oceania,SMB,2025-07-09,Referral
CUST00138,Customer 00138,Japan,Asia,SMB,2025-11-22,Paid Search
CUST00139,Customer 00139,United States,North America,Mid-Market,2025-12-13,Paid Search
CUST00140,Customer 00140,Germany,Europe,SMB,2024-05-05,Referral
CUST00141,Customer 00141,South Korea,Asia,Mid-Market,2024-10-27,Paid Search
CUST00142,Customer 00142,Singapore,Asia,Enterprise,2024-07-12,Social
CUST00143,Customer 00143,New Zealand,Oceania,SMB,2025-04-09,Paid Search
CUST00144,Customer 00144,Mexico,North America,SMB,2024-08-25,Social
CUST00145,Customer 00145,Singapore,Asia,SMB,2024-10-15,Partner
CUST00146,Customer 00146,Japan,Asia,SMB,2024-04-11,Partner
CUST00147,Customer 00147,Japan,Asia,Enterprise,2025-02-13,Partner
CUST00148,Customer 00148,Mexico,North America,Enterprise,2025-01-26,Referral
CUST00149,Customer 00149,Singapore,Asia,SMB,2025-02-07,Paid Search
CUST00150,Customer 00150,Germany,Europe,Enterprise,2024-09-06,Referral
CUST00151,Customer 00151,Chile,South America,SMB,2025-07-06,Organic
CUST00152,Customer 00152,Chile,South America,Enterprise,2025-03-20,Organic
CUST00153,Customer 00153,France,Europe,Mid-Market,2024-05-09,Organic
CUST00154,Customer 00154,Canada,North America,SMB,2024-09-25,Referral
CUST00155,Customer 00155,United Kingdom,Europe,Mid-Market,2025-04-27,Organic
CUST00156,Customer 00156,United States,North America,Mid-Market,2024-03-26,Referral
CUST00157,Customer 00157,India,Asia,SMB,2024-09-14,Organic
CUST00158,Customer 00158,Mexico,North America,SMB,2025-09-29,Organic
CUST00159,Customer 00159,Canada,North America,Mid-Market,2024-11-18,Paid Search
CUST00160,Customer 00160,Mexico,North America,SMB,2025-01-07,Partner
CUST00161,Customer 00161,France,Europe,SMB,2025-05-13,Paid Search
CUST00162,Customer 00162,New Zealand,Oceania,SMB,2024-08-23,Social
CUST00163,Customer 00163,Spain,Europe,Mid-Market,2025-08-27,Organic
CUST00164,Customer 00164,France,Europe,SMB,2024-01-12,Paid Search
CUST00165,Customer 00165,Canada,North America,SMB,2024-12-11,Organic
CUST00166,Customer 00166,India,Asia,SMB,2025-03-13,Paid Search
CUST00167,Customer 00167,Brazil,South America,SMB,2024-06-23,Organic
CUST00168,Customer 00168,Chile,South America,Mid-Market,2025-07-26,Organic
CUST00169,Customer 00169,India,Asia,SMB,2024-02-28,Referral
CUST00170,Customer 00170,New Zealand,Oceania,Mid-Market,2025-04-20,Referral
CUST00171,Customer 00171,Singapore,Asia,SMB,2025-04-07,Organic
CUST00172,Customer 00172,Mexico,North America,Mid-Market,2025-07-29,Social
CUST00173,Customer 00173,Singapore,Asia,SMB,2024-05-31,Referral
CUST00174,Customer 00174,New Zealand,Oceania,Mid-Market,2024-04-23,Paid Search
CUST00175,Customer 00175,Spain,Europe,SMB,2025-02-28,Paid Search
CUST00176,Customer 00176,Spain,Europe,Enterprise,2025-12-11,Organic
CUST00177,Customer 00177,South Korea,Asia,SMB,2025-07-27,Partner
CUST00178,Customer 00178,Australia,Oceania,SMB,2024-06-03,Paid Search
CUST00179,Customer 00179,Brazil,South America,Mid-Market,2024-10-25,Organic
CUST00180,Customer 00180,Canada,North America,SMB,2024-07-14,Organic
CUST00181,Customer 00181,Argentina,South America,SMB,2025-07-24,Organic
CUST00182,Customer 00182,Chile,South America,Mid-Market,2025-01-09,Paid Search
CUST00183,Customer 00183,Mexico,North America,Mid-Market,2024-11-15,Referral
CUST00184,Customer 00184,India,Asia,Mid-Market,2024-01-04,Social
CUST00185,Customer 00185,United States,North America,Enterprise,2025-04-08,Organic
CUST00186,Customer 00186,United States,North America,SMB,2024-11-19,Paid Search
CUST00187,Customer 00187,Singapore,Asia,SMB,2024-01-29,Organic
CUST00188,Customer 00188,Italy,Europe,Mid-Market,2024-05-23,Paid Search
CUST00189,Customer 00189,United States,North America,SMB,2025-06-15,Referral
CUST00190,Customer 00190,Thailand,Asia,SMB,2025-07-01,Social
CUST00191,Customer 00191,Australia,Oceania,SMB,2024-12-26,Referral
CUST00192,Customer 00192,Italy,Europe,SMB,2025-07-07,Organic
CUST00193,Customer 00193,Italy,Europe,SMB,2025-06-23,Partner
CUST00194,Customer 00194,Brazil,South America,SMB,2025-03-26,Partner
CUST00195,Customer 00195,Spain,Europe,Mid-Market,2024-06-01,Organic
CUST00196,Customer 00196,Spain,Europe,Mid-Market,2024-11-04,Social
CUST00197,Customer 00197,Mexico,North America,Enterprise,2025-08-19,Referral
CUST00198,Customer 00198,Brazil,South America,SMB,2024-08-14,Partner
CUST00199,Customer 00199,France,Europe,SMB,2025-04-27,Paid Search
CUST00200,Customer 00200,Japan,Asia,Mid-Market,2025-08-27,Organic
CUST00201,Customer 00201,Canada,North America,SMB,2025-01-24,Partner
CUST00202,Customer 00202,New Zealand,Oceania,SMB,2025-01-05,Paid Search
CUST00203,Customer 00203,Mexico,North America,Mid-Market,2024-05-17,Social
CUST00204,Customer 00204,Italy,Europe,Mid-Market,2024-12-28,Organic
CUST00205,Customer 00205,United Kingdom,Europe,SMB,2024-01-31,Paid Search
CUST00206,Customer 00206,Spain,Europe,Mid-Market,2024-03-23,Referral
CUST00207,Customer 00207,Spain,Europe,Mid-Market,2025-01-31,Referral
CUST00208,Customer 00208,Mexico,North America,Enterprise,2024-06-08,Paid Search
CUST00209,Customer 00209,Spain,Europe,SMB,2024-09-10,Referral
CUST00210,Customer 00210,Canada,North America,Mid-Market,2024-09-20,Referral
CUST00211,Customer 00211,United States,North America,Mid-Market,2024-12-11,Referral
CUST00212,Customer 00212,United States,North America,SMB,2025-05-25,Paid Search
CUST00213,Customer 00213,Italy,Europe,Mid-Market,2024-11-22,Referral
CUST00214,Customer 00214,Brazil,South America,Mid-Market,2025-09-09,Paid Search
CUST00215,Customer 00215,United States,North America,SMB,2024-12-18,Partner
CUST00216,Customer 00216,Mexico,North America,SMB,2025-12-26,Referral
CUST00217,Customer 00217,United Kingdom,Europe,SMB,2025-12-31,Paid Search
CUST00218,Customer 00218,Spain,Europe,Mid-Market,2024-11-08,Organic
CUST00219,Customer 00219,Australia,Oceania,SMB,2025-07-13,Organic
CUST00220,Customer 00220,Japan,Asia,SMB,2024-11-27,Paid Search
CUST00221,Customer 00221,Japan,Asia,SMB,2025-10-01,Referral
CUST00222,Customer 00222,Japan,Asia,Mid-Market,2025-07-13,Partner
CUST00223,Customer 00223,Canada,North America,Mid-Market,2024-09-04,Social
CUST00224,Customer 00224,Australia,Oceania,SMB,2024-08-22,Referral
CUST00225,Customer 00225,Thailand,Asia,SMB,2025-10-05,Referral
CUST00226,Customer 00226,Australia,Oceania,SMB,2025-01-30,Referral
CUST00227,Customer 00227,United Kingdom,Europe,SMB,2025-05-22,Paid Search
CUST00228,Customer 00228,Mexico,North America,Mid-Market,2025-05-09,Referral
CUST00229,Customer 00229,Canada,North America,SMB,2024-05-01,Paid Search
CUST00230,Customer 00230,Germany,Europe,Mid-Market,2024-06-21,Paid Search
CUST00231,Customer 00231,Germany,Europe,Mid-Market,2025-10-20,Social
CUST00232,Customer 00232,Singapore,Asia,Enterprise,2024-07-23,Referral
CUST00233,Customer 00233,New Zealand,Oceania,SMB,2025-09-26,Organic
CUST00234,Customer 00234,Mexico,North America,SMB,2024-09-17,Paid Search
CUST00235,Customer 00235,Australia,Oceania,SMB,2025-09-10,Social
CUST00236,Customer 00236,Argentina,South America,Enterprise,2025-02-26,Organic
CUST00237,Customer 00237,Japan,Asia,Mid-Market,2024-03-13,Social
CUST00238,Customer 00238,Canada,North America,Mid-Market,2024-07-16,Social
CUST00239,Customer 00239,United Kingdom,Europe,Mid-Market,2025-11-27,Referral
CUST00240,Customer 00240,France,Europe,SMB,2024-06-01,Paid Search
CUST00241,Customer 00241,Brazil,South America,Mid-Market,2024-06-15,Organic
CUST00242,Customer 00242,United States,North America,Mid-Market,2024-04-19,Organic
CUST00243,Customer 00243,United Kingdom,Europe,SMB,2025-03-21,Paid Search
CUST00244,Customer 00244,United States,North America,Enterprise,2025-08-14,Partner
CUST00245,Customer 00245,United States,North America,Enterprise,2025-11-15,Social
CUST00246,Customer 00246,Brazil,South America,Enterprise,2025-10-09,Organic
CUST00247,Customer 00247,United States,North America,Mid-Market,2025-10-08,Paid Search
CUST00248,Customer 00248,India,Asia,SMB,2025-10-23,Paid Search
CUST00249,Customer 00249,Japan,Asia,Mid-Market,2025-02-19,Paid Search
CUST00250,Customer 00250,India,Asia,SMB,2025-08-23,Paid Search
CUST00251,Customer 00251,United States,North America,Mid-Market,2025-04-08,Social
CUST00252,Customer 00252,Brazil,South America,SMB,2024-04-10,Paid Search
CUST00253,Customer 00253,Japan,Asia,Enterprise,2024-01-18,Organic
CUST00254,Customer 00254,Germany,Europe,SMB,2024-03-12,Referral
CUST00255,Customer 00255,Germany,Europe,SMB,2024-09-09,Organic
CUST00256,Customer 00256,Mexico,North America,SMB,2024-12-30,Social
CUST00257,Customer 00257,Chile,South America,Mid-Market,2025-04-11,Social
CUST00258,Customer 00258,Germany,Europe,SMB,2025-01-16,Organic
CUST00259,Customer 00259,France,Europe,SMB,2024-09-24,Referral
CUST00260,Customer 00260,Canada,North America,SMB,2025-06-19,Partner
CUST00261,Customer 00261,Spain,Europe,SMB,2025-09-21,Paid Search
CUST00262,Customer 00262,Chile,South America,Enterprise,2024-06-11,Paid Search
CUST00263,Customer 00263,South Korea,Asia,SMB,2024-07-10,Social
CUST00264,Customer 00264,Germany,Europe,SMB,2025-11-11,Organic
CUST00265,Customer 00265,Australia,Oceania,SMB,2025-12-10,Paid Search
CUST00266,Customer 00266,United Kingdom,Europe,SMB,2024-08-14,Organic
CUST00267,Customer 00267,South Korea,Asia,SMB,2025-01-07,Paid Search
CUST00268,Customer 00268,Spain,Europe,SMB,2025-02-26,Partner
CUST00269,Customer 00269,France,Europe,SMB,2025-04-09,Referral
CUST00270,Customer 00270,United Kingdom,Europe,SMB,2025-09-23,Referral
CUST00271,Customer 00271,France,Europe,SMB,2024-03-18,Organic
CUST00272,Customer 00272,France,Europe,Mid-Market,2025-01-17,Partner
CUST00273,Customer 00273,France,Europe,SMB,2024-06-07,Organic
CUST00274,Customer 00274,Mexico,North America,Mid-Market,2025-07-04,Paid Search
CUST00275,Customer 00275,Canada,North America,Mid-Market,2025-03-12,Organic
CUST00276,Customer 00276,South Korea,Asia,Enterprise,2025-07-01,Paid Search
CUST00277,Customer 00277,South Korea,Asia,SMB,2025-10-23,Referral
CUST00278,Customer 00278,Canada,North America,Mid-Market,2025-07-31,Paid Search
CUST00279,Customer 00279,Chile,South America,Enterprise,2025-09-16,Paid Search
CUST00280,Customer 00280,Brazil,South America,Enterprise,2025-08-15,Paid Search
CUST00281,Customer 00281,Spain,Europe,Mid-Market,2025-04-02,Referral
CUST00282,Customer 00282,Germany,Europe,SMB,2024-10-13,Paid Search
CUST00283,Customer 00283,France,Europe,Enterprise,2024-09-02,Partner
CUST00284,Customer 00284,Spain,Europe,Mid-Market,2024-09-22,Organic
CUST00285,Customer 00285,Mexico,North America,SMB,2025-03-20,Organic
CUST00286,Customer 00286,Japan,Asia,SMB,2025-08-10,Organic
CUST00287,Customer 00287,Spain,Europe,Enterprise,2024-09-25,Organic
CUST00288,Customer 00288,India,Asia,SMB,2025-02-27,Paid Search
CUST00289,Customer 00289,Mexico,North America,Mid-Market,2024-10-29,Organic
CUST00290,Customer 00290,United Kingdom,Europe,SMB,2025-03-20,Organic
CUST00291,Customer 00291,Brazil,South America,Mid-Market,2025-08-21,Organic
CUST00292,Customer 00292,Spain,Europe,SMB,2024-10-28,Paid Search
CUST00293,Customer 00293,New Zealand,Oceania,Mid-Market,2024-10-17,Referral
CUST00294,Customer 00294,Germany,Europe,SMB,2024-05-27,Paid Search
CUST00295,Customer 00295,Brazil,South America,Enterprise,2024-12-30,Social
CUST00296,Customer 00296,Australia,Oceania,SMB,2024-11-30,Organic
CUST00297,Customer 00297,Australia,Oceania,SMB,2024-04-27,Paid Search
CUST00298,Customer 00298,Argentina,South America,SMB,2025-12-09,Organic
CUST00299,Customer 00299,Mexico,North America,SMB,2025-09-20,Partner
CUST00300,Customer 00300,Mexico,North America,Enterprise,2024-07-31,Organic
CUST00301,Customer 00301,United States,North America,SMB,2025-11-21,Social
CUST00302,Customer 00302,United Kingdom,Europe,SMB,2024-07-17,Referral
CUST00303,Customer 00303,Mexico,North America,Mid-Market,2024-11-02,Referral
CUST00304,Customer 00304,Mexico,North America,SMB,2024-04-05,Paid Search
CUST00305,Customer 00305,Brazil,South America,SMB,2025-03-23,Paid Search
CUST00306,Customer 00306,India,Asia,Mid-Market,2024-12-17,Organic
CUST00307,Customer 00307,India,Asia,SMB,2024-07-14,Social
CUST00308,Customer 00308,Canada,North America,Mid-Market,2024-07-29,Partner
CUST00309,Customer 00309,Singapore,Asia,Mid-Market,2025-11-14,Organic
CUST00310,Customer 00310,France,Europe,SMB,2025-05-17,Organic
CUST00311,Customer 00311,India,Asia,Mid-Market,2024-04-21,Paid Search
CUST00312,Customer 00312,Japan,Asia,Enterprise,2024-04-08,Partner
CUST00313,Customer 00313,France,Europe,SMB,2024-02-21,Paid Search
CUST00314,Customer 00314,Singapore,Asia,Mid-Market,2024-06-29,Referral
CUST00315,Customer 00315,India,Asia,SMB,2025-06-23,Organic
CUST00316,Customer 00316,South Korea,Asia,SMB,2024-02-15,Social
CUST00317,Customer 00317,Singapore,Asia,Mid-Market,2024-07-01,Organic
CUST00318,Customer 00318,United States,North America,SMB,2024-01-31,Paid Search
CUST00319,Customer 00319,Thailand,Asia,SMB,2025-04-19,Social
CUST00320,Customer 00320,New Zealand,Oceania,SMB,2025-08-18,Referral
CUST00321,Customer 00321,Australia,Oceania,Mid-Market,2025-01-21,Paid Search
CUST00322,Customer 00322,India,Asia,Mid-Market,2025-10-24,Partner
CUST00323,Customer 00323,India,Asia,SMB,2025-05-18,Organic
CUST00324,Customer 00324,Canada,North America,SMB,2025-07-12,Organic
CUST00325,Customer 00325,Argentina,South America,Enterprise,2024-08-17,Organic
CUST00326,Customer 00326,Canada,North America,SMB,2025-09-24,Organic
CUST00327,Customer 00327,Argentina,South America,SMB,2025-04-06,Referral
CUST00328,Customer 00328,Canada,North America,SMB,2024-03-04,Paid Search
CUST00329,Customer 00329,United States,North America,Mid-Market,2024-03-01,Paid Search
CUST00330,Customer 00330,India,Asia,SMB,2025-10-18,Partner
CUST00331,Customer 00331,Mexico,North America,Mid-Market,2024-07-20,Paid Search
CUST00332,Customer 00332,Spain,Europe,Mid-Market,2024-12-06,Organic
CUST00333,Customer 00333,Mexico,North America,SMB,2025-07-09,Paid Search
CUST00334,Customer 00334,Chile,South America,Mid-Market,2025-07-15,Partner
CUST00335,Customer 00335,United Kingdom,Europe,SMB,2024-01-20,Paid Search
CUST00336,Customer 00336,Mexico,North America,SMB,2025-03-26,Social
CUST00337,Customer 00337,Spain,Europe,Mid-Market,2025-10-29,Partner
CUST00338,Customer 00338,Mexico,North America,SMB,2024-09-12,Partner
CUST00339,Customer 00339,Germany,Europe,Enterprise,2025-01-31,Partner
CUST00340,Customer 00340,Australia,Oceania,Mid-Market,2024-07-12,Referral
CUST00341,Customer 00341,United Kingdom,Europe,SMB,2025-06-11,Social
CUST00342,Customer 00342,New Zealand,Oceania,Enterprise,2024-03-27,Referral
CUST00343,Customer 00343,Chile,South America,SMB,2025-01-14,Paid Search
CUST00344,Customer 00344,United States,North America,SMB,2024-10-28,Organic
CUST00345,Customer 00345,Mexico,North America,SMB,2025-04-13,Partner
CUST00346,Customer 00346,Mexico,North America,Enterprise,2024-12-27,Paid Search
CUST00347,Customer 00347,New Zealand,Oceania,SMB,2025-12-18,Partner
CUST00348,Customer 00348,India,Asia,SMB,2025-12-19,Social
CUST00349,Customer 00349,United States,North America,SMB,2024-07-26,Paid Search
CUST00350,Customer 00350,France,Europe,SMB,2024-01-28,Paid Search
CUST00351,Customer 00351,Mexico,North America,SMB,2024-12-26,Organic
CUST00352,Customer 00352,Italy,Europe,Mid-Market,2025-03-07,Paid Search
CUST00353,Customer 00353,Canada,North America,Enterprise,2025-07-03,Referral
CUST00354,Customer 00354,United States,North America,Mid-Market,2025-01-18,Paid Search
CUST00355,Customer 00355,Singapore,Asia,SMB,2025-03-04,Paid Search
CUST00356,Customer 00356,Mexico,North America,SMB,2024-01-17,Paid Search
CUST00357,Customer 00357,Canada,North America,SMB,2025-07-11,Organic
CUST00358,Customer 00358,United States,North America,SMB,2024-08-29,Organic
CUST00359,Customer 00359,Singapore,Asia,Mid-Market,2024-10-08,Organic
CUST00360,Customer 00360,Canada,North America,SMB,2024-11-05,Partner
CUST00361,Customer 00361,New Zealand,Oceania,Mid-Market,2024-02-22,Organic
CUST00362,Customer 00362,Spain,Europe,SMB,2024-12-27,Organic
CUST00363,Customer 00363,France,Europe,Mid-Market,2024-10-05,Paid Search
CUST00364,Customer 00364,Italy,Europe,Enterprise,2024-06-19,Referral
CUST00365,Customer 00365,Mexico,North America,Mid-Market,2024-06-28,Partner
CUST00366,Customer 00366,Japan,Asia,Enterprise,2024-01-25,Paid Search
CUST00367,Customer 00367,United States,North America,Mid-Market,2025-10-10,Referral
CUST00368,Customer 00368,United States,North America,Mid-Market,2024-08-02,Referral
CUST00369,Customer 00369,Japan,Asia,SMB,2025-10-01,Partner
CUST00370,Customer 00370,Brazil,South America,SMB,2025-09-03,Referral
CUST00371,Customer 00371,Mexico,North America,Enterprise,2024-11-30,Referral
CUST00372,Customer 00372,India,Asia,SMB,2025-08-13,Organic
CUST00373,Customer 00373,South Korea,Asia,Enterprise,2024-06-03,Paid Search
CUST00374,Customer 00374,Singapore,Asia,SMB,2024-05-12,Partner
CUST00375,Customer 00375,Spain,Europe,Mid-Market,2025-10-19,Organic
CUST00376,Customer 00376,France,Europe,SMB,2025-04-17,Paid Search
CUST00377,Customer 00377,Australia,Oceania,Enterprise,2025-05-18,Referral
CUST00378,Customer 00378,Japan,Asia,SMB,2025-11-06,Social
CUST00379,Customer 00379,Singapore,Asia,SMB,2024-01-11,Organic
CUST00380,Customer 00380,United States,North America,Enterprise,2024-05-05,Partner
CUST00381,Customer 00381,United States,North America,SMB,2025-12-03,Organic
CUST00382,Customer 00382,New Zealand,Oceania,SMB,2024-04-04,Partner
CUST00383,Customer 00383,Mexico,North America,Enterprise,2024-11-23,Partner
CUST00384,Customer 00384,India,Asia,Mid-Market,2024-01-17,Partner
CUST00385,Customer 00385,South Korea,Asia,SMB,2024-08-26,Social
CUST00386,Customer 00386,Australia,Oceania,Mid-Market,2024-05-06,Social
CUST00387,Customer 00387,United States,North America,SMB,2024-07-05,Social
CUST00388,Customer 00388,Australia,Oceania,SMB,2025-08-17,Paid Search
CUST00389,Customer 00389,Italy,Europe,Mid-Market,2024-07-20,Paid Search
CUST00390,Customer 00390,Brazil,South America,SMB,2025-08-18,Organic
CUST00391,Customer 00391,Canada,North America,SMB,2025-10-16,Organic
CUST00392,Customer 00392,Spain,Europe,SMB,2025-01-30,Referral
CUST00393,Customer 00393,Canada,North America,Enterprise,2025-01-28,Organic
CUST00394,Customer 00394,United States,North America,Mid-Market,2024-08-31,Social
CUST00395,Customer 00395,United Kingdom,Europe,SMB,2025-05-02,Organic
CUST00396,Customer 00396,South Korea,Asia,Enterprise,2025-08-12,Organic
CUST00397,Customer 00397,Chile,South America,Mid-Market,2025-09-22,Organic
CUST00398,Customer 00398,South Korea,Asia,SMB,2024-05-22,Organic
CUST00399,Customer 00399,India,Asia,Enterprise,2025-05-16,Organic
CUST00400,Customer 00400,Thailand,Asia,SMB,2024-04-12,Referral
CUST00401,Customer 00401,South Korea,Asia,SMB,2024-12-24,Organic
CUST00402,Customer 00402,New Zealand,Oceania,SMB,2024-03-06,Partner
CUST00403,Customer 00403,Mexico,North America,SMB,2025-02-06,Paid Search
CUST00404,Customer 00404,Italy,Europe,Mid-Market,2025-09-14,Referral
CUST00405,Customer 00405,Australia,Oceania,Mid-Market,2025-08-20,Referral
CUST00406,Customer 00406,Argentina,South America,Enterprise,2025-06-06,Organic
CUST00407,Customer 00407,Singapore,Asia,SMB,2025-02-26,Organic
CUST00408,Customer 00408,Argentina,South America,SMB,2025-04-01,Partner
CUST00409,Customer 00409,Italy,Europe,SMB,2024-03-13,Referral
CUST00410,Customer 00410,New Zealand,Oceania,SMB,2025-06-15,Organic
CUST00411,Customer 00411,United States,North America,Enterprise,2025-05-13,Referral
CUST00412,Customer 00412,Canada,North America,Mid-Market,2024-04-14,Paid Search
CUST00413,Customer 00413,Germany,Europe,Mid-Market,2025-04-07,Organic
CUST00414,Customer 00414,Argentina,South America,Mid-Market,2024-10-08,Organic
CUST00415,Customer 00415,United Kingdom,Europe,SMB,2025-01-07,Partner
CUST00416,Customer 00416,France,Europe,SMB,2025-08-18,Paid Search
CUST00417,Customer 00417,Spain,Europe,SMB,2024-08-23,Paid Search
CUST00418,Customer 00418,United States,North America,Mid-Market,2025-11-01,Organic
CUST00419,Customer 00419,Germany,Europe,SMB,2024-10-31,Organic
CUST00420,Customer 00420,Australia,Oceania,SMB,2025-01-10,Organic
CUST00421,Customer 00421,Mexico,North America,Mid-Market,2024-01-22,Paid Search
CUST00422,Customer 00422,Germany,Europe,SMB,2024-03-30,Partner
CUST00423,Customer 00423,United Kingdom,Europe,SMB,2024-07-24,Partner
CUST00424,Customer 00424,United Kingdom,Europe,SMB,2025-12-16,Organic
CUST00425,Customer 00425,Mexico,North America,SMB,2024-07-08,Organic
CUST00426,Customer 00426,Brazil,South America,SMB,2024-10-15,Organic
CUST00427,Customer 00427,Germany,Europe,Enterprise,2025-09-16,Partner
CUST00428,Customer 00428,Argentina,South America,Mid-Market,2024-08-21,Paid Search
CUST00429,Customer 00429,Germany,Europe,SMB,2025-08-17,Partner
CUST00430,Customer 00430,Chile,South America,Mid-Market,2024-03-28,Paid Search
CUST00431,Customer 00431,Australia,Oceania,Mid-Market,2024-04-07,Referral
CUST00432,Customer 00432,Canada,North America,Mid-Market,2024-01-10,Referral
CUST00433,Customer 00433,United States,North America,Enterprise,2024-04-01,Referral
CUST00434,Customer 00434,Chile,South America,Mid-Market,2025-03-17,Paid Search
CUST00435,Customer 00435,United Kingdom,Europe,SMB,2024-03-07,Organic
CUST00436,Customer 00436,Germany,Europe,SMB,2025-03-23,Paid Search
CUST00437,Customer 00437,France,Europe,SMB,2025-03-13,Social
CUST00438,Customer 00438,United States,North America,SMB,2024-06-20,Organic
CUST00439,Customer 00439,United States,North America,Enterprise,2024-01-28,Referral
CUST00440,Customer 00440,Mexico,North America,Mid-Market,2024-04-28,Social
CUST00441,Customer 00441,Argentina,South America,SMB,2024-04-14,Referral
CUST00442,Customer 00442,Spain,Europe,Enterprise,2025-01-20,Paid Search
CUST00443,Customer 00443,United States,North America,Mid-Market,2025-11-11,Organic
CUST00444,Customer 00444,Italy,Europe,SMB,2024-11-14,Partner
CUST00445,Customer 00445,South Korea,Asia,Enterprise,2025-04-08,Social
CUST00446,Customer 00446,Canada,North America,SMB,2024-08-09,Social
CUST00447,Customer 00447,New Zealand,Oceania,SMB,2024-03-08,Organic
CUST00448,Customer 00448,Mexico,North America,SMB,2024-06-08,Social
CUST00449,Customer 00449,Italy,Europe,Enterprise,2024-12-16,Paid Search
CUST00450,Customer 00450,Mexico,North America,SMB,2025-09-20,Referral
CUST00451,Customer 00451,United Kingdom,Europe,SMB,2024-06-30,Organic
CUST00452,Customer 00452,Chile,South America,Mid-Market,2025-12-20,Organic
CUST00453,Customer 00453,Mexico,North America,Enterprise,2025-04-11,Referral
CUST00454,Customer 00454,Italy,Europe,SMB,2024-09-16,Paid Search
CUST00455,Customer 00455,Italy,Europe,SMB,2025-03-30,Social
CUST00456,Customer 00456,Germany,Europe,Enterprise,2025-05-25,Organic
CUST00457,Customer 00457,Australia,Oceania,Mid-Market,2025-05-16,Partner
CUST00458,Customer 00458,India,Asia,SMB,2025-09-24,Paid Search
CUST00459,Customer 00459,United States,North America,SMB,2025-04-28,Organic
CUST00460,Customer 00460,Canada,North America,SMB,2024-01-20,Organic
CUST00461,Customer 00461,Canada,North America,Mid-Market,2024-10-02,Partner
CUST00462,Customer 00462,United Kingdom,Europe,Mid-Market,2025-10-25,Partner
CUST00463,Customer 00463,New Zealand,Oceania,Mid-Market,2024-05-31,Organic
CUST00464,Customer 00464,South Korea,Asia,SMB,2024-12-30,Paid Search
CUST00465,Customer 00465,Canada,North America,Mid-Market,2024-12-31,Paid Search
CUST00466,Customer 00466,Canada,North America,SMB,2025-02-10,Referral
CUST00467,Customer 00467,Mexico,North America,Enterprise,2025-09-27,Referral
CUST00468,Customer 00468,Australia,Oceania,SMB,2025-01-29,Partner
CUST00469,Customer 00469,Spain,Europe,SMB,2024-01-01,Organic
CUST00470,Customer 00470,Mexico,North America,SMB,2024-06-26,Organic
CUST00471,Customer 00471,South Korea,Asia,SMB,2025-04-06,Organic
CUST00472,Customer 00472,Japan,Asia,SMB,2025-07-25,Social
CUST00473,Customer 00473,Italy,Europe,Mid-Market,2025-04-17,Paid Search
CUST00474,Customer 00474,Spain,Europe,Enterprise,2025-06-19,Organic
CUST00475,Customer 00475,India,Asia,SMB,2024-06-24,Partner
CUST00476,Customer 00476,India,Asia,SMB,2024-03-11,Referral
CUST00477,Customer 00477,Singapore,Asia,SMB,2025-11-24,Paid Search
CUST00478,Customer 00478,Canada,North America,Mid-Market,2025-02-15,Organic
CUST00479,Customer 00479,Mexico,North America,SMB,2025-06-23,Partner
CUST00480,Customer 00480,Singapore,Asia,SMB,2025-11-30,Referral
CUST00481,Customer 00481,Thailand,Asia,SMB,2024-05-13,Organic
CUST00482,Customer 00482,France,Europe,SMB,2025-09-28,Organic
CUST00483,Customer 00483,Canada,North America,Mid-Market,2024-09-24,Organic
CUST00484,Customer 00484,India,Asia,SMB,2025-04-02,Referral
CUST00485,Customer 00485,France,Europe,SMB,2024-10-09,Organic
CUST00486,Customer 00486,Japan,Asia,Mid-Market,2024-05-25,Paid Search
CUST00487,Customer 00487,South Korea,Asia,SMB,2025-10-04,Paid Search
CUST00488,Customer 00488,France,Europe,Mid-Market,2024-09-10,Social
CUST00489,Customer 00489,United States,North America,SMB,2024-01-19,Paid Search
CUST00490,Customer 00490,United States,North America,Enterprise,2024-04-19,Paid Search
CUST00491,Customer 00491,Canada,North America,Mid-Market,2025-12-03,Paid Search
CUST00492,Customer 00492,Mexico,North America,SMB,2025-08-23,Referral
CUST00493,Customer 00493,Mexico,North America,Enterprise,2025-04-30,Partner
CUST00494,Customer 00494,India,Asia,SMB,2025-07-23,Social
CUST00495,Customer 00495,Mexico,North America,SMB,2025-04-19,Paid Search
CUST00496,Customer 00496,Canada,North America,Mid-Market,2025-10-27,Paid Search
CUST00497,Customer 00497,Thailand,Asia,Mid-Market,2024-03-13,Paid Search
CUST00498,Customer 00498,United States,North America,SMB,2024-02-16,Partner
CUST00499,Customer 00499,South Korea,Asia,SMB,2025-05-22,Referral
CUST00500,Customer 00500,Mexico,North America,SMB,2025-12-06,Paid Search
CUST00501,Customer 00501,United States,North America,Mid-Market,2025-02-28,Paid Search
CUST00502,Customer 00502,Chile,South America,Enterprise,2025-12-07,Organic
CUST00503,Customer 00503,Australia,Oceania,SMB,2024-10-20,Referral
CUST00504,Customer 00504,Mexico,North America,Enterprise,2025-05-07,Organic
CUST00505,Customer 00505,Mexico,North America,SMB,2025-01-07,Paid Search
CUST00506,Customer 00506,Mexico,North America,Mid-Market,2025-10-06,Organic
CUST00507,Customer 00507,Thailand,Asia,Enterprise,2025-04-18,Organic
CUST00508,Customer 00508,Brazil,South America,Mid-Market,2024-11-16,Organic
CUST00509,Customer 00509,Singapore,Asia,SMB,2024-06-27,Referral
CUST00510,Customer 00510,Italy,Europe,SMB,2024-08-17,Referral
CUST00511,Customer 00511,Germany,Europe,SMB,2024-02-24,Paid Search
CUST00512,Customer 00512,Brazil,South America,Mid-Market,2024-04-22,Paid Search
CUST00513,Customer 00513,Germany,Europe,Enterprise,2025-01-06,Partner
CUST00514,Customer 00514,Thailand,Asia,SMB,2024-01-24,Partner
CUST00515,Customer 00515,Japan,Asia,SMB,2024-12-10,Referral
CUST00516,Customer 00516,United Kingdom,Europe,SMB,2024-01-31,Referral
CUST00517,Customer 00517,Singapore,Asia,Mid-Market,2024-04-28,Partner
CUST00518,Customer 00518,Canada,North America,Mid-Market,2025-05-20,Referral
CUST00519,Customer 00519,Italy,Europe,SMB,2024-01-22,Organic
CUST00520,Customer 00520,Chile,South America,Mid-Market,2024-09-03,Paid Search
CUST00521,Customer 00521,Argentina,South America,SMB,2024-05-19,Organic
CUST00522,Customer 00522,Thailand,Asia,Mid-Market,2024-02-09,Partner
CUST00523,Customer 00523,Germany,Europe,SMB,2024-06-01,Referral
CUST00524,Customer 00524,Mexico,North America,SMB,2024-03-23,Social
CUST00525,Customer 00525,Germany,Europe,Mid-Market,2024-02-28,Organic
CUST00526,Customer 00526,India,Asia,Mid-Market,2025-05-01,Paid Search
CUST00527,Customer 00527,Australia,Oceania,SMB,2024-04-01,Referral
CUST00528,Customer 00528,Australia,Oceania,Mid-Market,2025-11-17,Partner
CUST00529,Customer 00529,Mexico,North America,SMB,2024-12-21,Partner
CUST00530,Customer 00530,Japan,Asia,SMB,2024-10-25,Organic
CUST00531,Customer 00531,Mexico,North America,Enterprise,2025-10-02,Social
CUST00532,Customer 00532,Canada,North America,Enterprise,2025-07-22,Social
CUST00533,Customer 00533,India,Asia,SMB,2024-11-03,Social
CUST00534,Customer 00534,Canada,North America,Enterprise,2025-12-12,Referral
CUST00535,Customer 00535,France,Europe,Mid-Market,2025-01-22,Partner
CUST00536,Customer 00536,France,Europe,SMB,2025-06-01,Organic
CUST00537,Customer 00537,Canada,North America,SMB,2025-12-09,Organic
CUST00538,Customer 00538,Italy,Europe,SMB,2025-06-12,Organic
CUST00539,Customer 00539,United Kingdom,Europe,Mid-Market,2025-03-07,Paid Search
CUST00540,Customer 00540,Brazil,South America,Enterprise,2025-03-26,Social
CUST00541,Customer 00541,New Zealand,Oceania,SMB,2025-04-23,Referral
CUST00542,Customer 00542,Mexico,North America,SMB,2025-12-15,Paid Search
CUST00543,Customer 00543,Brazil,South America,SMB,2025-05-27,Partner
CUST00544,Customer 00544,New Zealand,Oceania,SMB,2024-08-07,Referral
CUST00545,Customer 00545,Spain,Europe,Mid-Market,2024-01-17,Paid Search
CUST00546,Customer 00546,South Korea,Asia,SMB,2025-07-26,Referral
CUST00547,Customer 00547,Japan,Asia,Mid-Market,2024-12-22,Paid Search
CUST00548,Customer 00548,France,Europe,SMB,2024-10-30,Referral
CUST00549,Customer 00549,Canada,North America,Mid-Market,2025-11-14,Partner
CUST00550,Customer 00550,India,Asia,Mid-Market,2024-04-23,Paid Search
CUST00551,Customer 00551,Japan,Asia,Mid-Market,2024-01-28,Paid Search
CUST00552,Customer 00552,Germany,Europe,SMB,2025-06-24,Referral
CUST00553,Customer 00553,Germany,Europe,Mid-Market,2025-11-06,Social
CUST00554,Customer 00554,New Zealand,Oceania,Mid-Market,2025-08-29,Paid Search
CUST00555,Customer 00555,Germany,Europe,Mid-Market,2025-09-28,Partner
CUST00556,Customer 00556,United Kingdom,Europe,Mid-Market,2025-09-23,Referral
CUST00557,Customer 00557,Singapore,Asia,Enterprise,2025-05-16,Organic
CUST00558,Customer 00558,India,Asia,SMB,2025-11-04,Paid Search
CUST00559,Customer 00559,Mexico,North America,SMB,2024-09-06,Organic
CUST00560,Customer 00560,Thailand,Asia,Enterprise,2025-06-28,Organic
CUST00561,Customer 00561,Italy,Europe,SMB,2024-03-08,Organic
CUST00562,Customer 00562,Italy,Europe,Enterprise,2025-01-20,Referral
CUST00563,Customer 00563,Brazil,South America,Mid-Market,2024-07-31,Referral
CUST00564,Customer 00564,Mexico,North America,Enterprise,2025-11-17,Paid Search
CUST00565,Customer 00565,Mexico,North America,Mid-Market,2024-11-14,Paid Search
CUST00566,Customer 00566,Canada,North America,Mid-Market,2024-06-02,Paid Search
CUST00567,Customer 00567,Mexico,North America,Mid-Market,2025-02-20,Partner
CUST00568,Customer 00568,Spain,Europe,SMB,2024-02-26,Social
CUST00569,Customer 00569,South Korea,Asia,SMB,2024-04-02,Partner
CUST00570,Customer 00570,United States,North America,SMB,2024-11-11,Organic
CUST00571,Customer 00571,Japan,Asia,SMB,2025-04-06,Social
CUST00572,Customer 00572,Brazil,South America,Enterprise,2025-03-01,Partner
CUST00573,Customer 00573,Japan,Asia,SMB,2024-02-10,Organic
CUST00574,Customer 00574,Mexico,North America,Mid-Market,2025-05-12,Paid Search
CUST00575,Customer 00575,Brazil,South America,SMB,2024-02-12,Paid Search
CUST00576,Customer 00576,Mexico,North America,SMB,2025-08-19,Referral
CUST00577,Customer 00577,Australia,Oceania,Enterprise,2024-01-29,Paid Search
CUST00578,Customer 00578,Canada,North America,SMB,2024-01-20,Organic
CUST00579,Customer 00579,Argentina,South America,Mid-Market,2025-01-13,Organic
CUST00580,Customer 00580,India,Asia,SMB,2025-08-09,Paid Search
CUST00581,Customer 00581,India,Asia,SMB,2025-07-13,Referral
CUST00582,Customer 00582,United States,North America,SMB,2025-03-14,Paid Search
CUST00583,Customer 00583,Germany,Europe,Mid-Market,2024-05-10,Organic
CUST00584,Customer 00584,South Korea,Asia,SMB,2025-11-27,Referral
CUST00585,Customer 00585,New Zealand,Oceania,Mid-Market,2024-01-16,Social
CUST00586,Customer 00586,Mexico,North America,Mid-Market,2024-09-11,Organic
CUST00587,Customer 00587,Spain,Europe,SMB,2025-07-05,Paid Search
CUST00588,Customer 00588,Japan,Asia,SMB,2025-03-27,Paid Search
CUST00589,Customer 00589,Spain,Europe,SMB,2025-07-31,Organic
CUST00590,Customer 00590,Germany,Europe,Mid-Market,2025-07-14,Partner
CUST00591,Customer 00591,Australia,Oceania,SMB,2025-11-17,Social
CUST00592,Customer 00592,South Korea,Asia,SMB,2025-01-12,Paid Search
CUST00593,Customer 00593,Singapore,Asia,SMB,2025-08-23,Paid Search
CUST00594,Customer 00594,Mexico,North America,SMB,2024-04-23,Organic
CUST00595,Customer 00595,Spain,Europe,Mid-Market,2024-05-07,Referral
CUST00596,Customer 00596,Singapore,Asia,SMB,2024-02-06,Organic
CUST00597,Customer 00597,United States,North America,SMB,2024-05-29,Paid Search
CUST00598,Customer 00598,Canada,North America,SMB,2024-03-22,Organic
CUST00599,Customer 00599,New Zealand,Oceania,Mid-Market,2025-08-25,Referral
CUST00600,Customer 00600,Mexico,North America,Mid-Market,2024-12-27,Social
CUST00601,Customer 00601,Thailand,Asia,SMB,2024-11-20,Organic
CUST00602,Customer 00602,United States,North America,SMB,2025-04-12,Partner
CUST00603,Customer 00603,Australia,Oceania,Mid-Market,2024-09-19,Partner
CUST00604,Customer 00604,Canada,North America,SMB,2025-02-21,Organic
CUST00605,Customer 00605,Australia,Oceania,Mid-Market,2024-01-03,Social
CUST00606,Customer 00606,Canada,North America,SMB,2025-06-05,Referral
CUST00607,Customer 00607,Chile,South America,SMB,2025-09-29,Paid Search
CUST00608,Customer 00608,United Kingdom,Europe,SMB,2024-01-29,Referral
CUST00609,Customer 00609,Canada,North America,SMB,2024-02-28,Organic
CUST00610,Customer 00610,Thailand,Asia,Mid-Market,2024-04-09,Organic
CUST00611,Customer 00611,Canada,North America,SMB,2025-03-20,Paid Search
CUST00612,Customer 00612,Canada,North America,SMB,2025-07-10,Referral
CUST00613,Customer 00613,Australia,Oceania,SMB,2025-08-24,Social
CUST00614,Customer 00614,New Zealand,Oceania,SMB,2025-07-25,Paid Search
CUST00615,Customer 00615,Singapore,Asia,Mid-Market,2025-02-25,Organic
CUST00616,Customer 00616,United States,North America,Mid-Market,2025-05-28,Organic
CUST00617,Customer 00617,United States,North America,Enterprise,2024-07-23,Social
CUST00618,Customer 00618,South Korea,Asia,SMB,2025-06-28,Organic
CUST00619,Customer 00619,Germany,Europe,SMB,2024-05-13,Social
CUST00620,Customer 00620,Germany,Europe,SMB,2025-12-05,Organic
CUST00621,Customer 00621,United States,North America,Enterprise,2024-01-31,Organic
CUST00622,Customer 00622,India,Asia,SMB,2025-11-21,Organic
CUST00623,Customer 00623,Australia,Oceania,SMB,2024-12-02,Paid Search
CUST00624,Customer 00624,Singapore,Asia,Mid-Market,2025-04-16,Paid Search
CUST00625,Customer 00625,New Zealand,Oceania,SMB,2024-04-26,Social
CUST00626,Customer 00626,Singapore,Asia,SMB,2024-08-21,Paid Search
CUST00627,Customer 00627,Canada,North America,SMB,2025-09-22,Organic
CUST00628,Customer 00628,Spain,Europe,Mid-Market,2024-01-11,Referral
CUST00629,Customer 00629,United States,North America,Mid-Market,2024-05-20,Paid Search
CUST00630,Customer 00630,Chile,South America,SMB,2025-04-06,Referral
CUST00631,Customer 00631,Australia,Oceania,Mid-Market,2025-08-10,Partner
CUST00632,Customer 00632,Chile,South America,SMB,2024-11-11,Social
CUST00633,Customer 00633,France,Europe,SMB,2024-03-04,Referral
CUST00634,Customer 00634,Japan,Asia,Enterprise,2024-04-17,Paid Search
CUST00635,Customer 00635,Germany,Europe,Mid-Market,2025-10-12,Paid Search
CUST00636,Customer 00636,United Kingdom,Europe,Enterprise,2024-06-06,Paid Search
CUST00637,Customer 00637,Canada,North America,Mid-Market,2025-02-26,Paid Search
CUST00638,Customer 00638,Mexico,North America,SMB,2025-11-15,Organic
CUST00639,Customer 00639,United States,North America,SMB,2024-10-01,Organic
CUST00640,Customer 00640,Argentina,South America,SMB,2024-02-18,Social
CUST00641,Customer 00641,Mexico,North America,SMB,2025-08-17,Social
CUST00642,Customer 00642,Chile,South America,SMB,2025-07-29,Organic
CUST00643,Customer 00643,Italy,Europe,SMB,2025-04-20,Social
CUST00644,Customer 00644,United Kingdom,Europe,SMB,2025-10-21,Partner
CUST00645,Customer 00645,Mexico,North America,Mid-Market,2025-07-21,Organic
CUST00646,Customer 00646,Brazil,South America,SMB,2025-05-18,Social
CUST00647,Customer 00647,Spain,Europe,SMB,2024-08-31,Social
CUST00648,Customer 00648,Canada,North America,Mid-Market,2024-02-14,Referral
CUST00649,Customer 00649,Canada,North America,Mid-Market,2025-06-14,Partner
CUST00650,Customer 00650,France,Europe,SMB,2025-09-10,Paid Search
CUST00651,Customer 00651,Singapore,Asia,Mid-Market,2025-05-23,Referral
CUST00652,Customer 00652,Brazil,South America,Mid-Market,2025-04-22,Referral
CUST00653,Customer 00653,Mexico,North America,Enterprise,2025-06-09,Referral
CUST00654,Customer 00654,France,Europe,SMB,2024-07-21,Paid Search
CUST00655,Customer 00655,Argentina,South America,SMB,2024-03-26,Referral
CUST00656,Customer 00656,India,Asia,Mid-Market,2025-04-05,Partner
CUST00657,Customer 00657,Argentina,South America,SMB,2025-11-20,Partner
CUST00658,Customer 00658,Japan,Asia,Mid-Market,2024-04-09,Organic
CUST00659,Customer 00659,United States,North America,Mid-Market,2024-02-22,Paid Search
CUST00660,Customer 00660,Thailand,Asia,Mid-Market,2025-06-01,Organic
CUST00661,Customer 00661,South Korea,Asia,Enterprise,2024-11-04,Referral
CUST00662,Customer 00662,Argentina,South America,Mid-Market,2025-10-22,Organic
CUST00663,Customer 00663,Germany,Europe,Enterprise,2024-12-10,Social
CUST00664,Customer 00664,Spain,Europe,Mid-Market,2025-01-16,Referral
CUST00665,Customer 00665,South Korea,Asia,SMB,2024-02-15,Paid Search
CUST00666,Customer 00666,Canada,North America,Mid-Market,2025-11-26,Referral
CUST00667,Customer 00667,Argentina,South America,Mid-Market,2024-08-29,Organic
CUST00668,Customer 00668,Australia,Oceania,Enterprise,2024-11-16,Organic
CUST00669,Customer 00669,Singapore,Asia,SMB,2025-04-04,Organic
CUST00670,Customer 00670,India,Asia,SMB,2025-09-18,Referral
CUST00671,Customer 00671,Italy,Europe,Mid-Market,2025-08-04,Partner
CUST00672,Customer 00672,Mexico,North America,SMB,2025-07-19,Organic
CUST00673,Customer 00673,New Zealand,Oceania,Mid-Market,2024-03-18,Partner
CUST00674,Customer 00674,Canada,North America,SMB,2024-03-05,Organic
CUST00675,Customer 00675,Mexico,North America,SMB,2025-08-30,Paid Search
CUST00676,Customer 00676,Thailand,Asia,SMB,2025-10-29,Referral
CUST00677,Customer 00677,Australia,Oceania,Mid-Market,2025-03-31,Partner
CUST00678,Customer 00678,Japan,Asia,SMB,2025-10-27,Social
CUST00679,Customer 00679,France,Europe,Mid-Market,2024-08-20,Referral
CUST00680,Customer 00680,South Korea,Asia,Mid-Market,2024-09-13,Paid Search
CUST00681,Customer 00681,United Kingdom,Europe,Mid-Market,2024-05-04,Organic
CUST00682,Customer 00682,Italy,Europe,SMB,2025-08-03,Organic
CUST00683,Customer 00683,United Kingdom,Europe,SMB,2025-05-04,Social
CUST00684,Customer 00684,Thailand,Asia,Mid-Market,2024-06-13,Referral
CUST00685,Customer 00685,Mexico,North America,SMB,2025-12-31,Paid Search
CUST00686,Customer 00686,India,Asia,SMB,2024-01-23,Organic
CUST00687,Customer 00687,Thailand,Asia,Enterprise,2025-07-17,Organic
CUST00688,Customer 00688,New Zealand,Oceania,SMB,2024-06-01,Partner
CUST00689,Customer 00689,United States,North America,SMB,2025-07-27,Paid Search
CUST00690,Customer 00690,Canada,North America,Enterprise,2024-12-19,Social
CUST00691,Customer 00691,Thailand,Asia,SMB,2024-06-20,Paid Search
CUST00692,Customer 00692,Chile,South America,SMB,2024-02-12,Partner
CUST00693,Customer 00693,United Kingdom,Europe,SMB,2025-03-30,Organic
CUST00694,Customer 00694,Singapore,Asia,Mid-Market,2024-04-26,Organic
CUST00695,Customer 00695,Australia,Oceania,Enterprise,2024-11-24,Organic
CUST00696,Customer 00696,Canada,North America,Mid-Market,2025-11-25,Organic
CUST00697,Customer 00697,Canada,North America,Enterprise,2025-10-10,Social
CUST00698,Customer 00698,Canada,North America,SMB,2024-12-26,Partner
CUST00699,Customer 00699,United States,North America,Mid-Market,2025-06-18,Paid Search
CUST00700,Customer 00700,Thailand,Asia,SMB,2025-08-24,Paid Search
CUST00701,Customer 00701,United Kingdom,Europe,Enterprise,2025-03-19,Paid Search
CUST00702,Customer 00702,Japan,Asia,Enterprise,2024-05-31,Referral
CUST00703,Customer 00703,France,Europe,SMB,2025-08-16,Organic
CUST00704,Customer 00704,Argentina,South America,Mid-Market,2024-03-05,Paid Search
CUST00705,Customer 00705,Japan,Asia,Mid-Market,2025-01-16,Organic
CUST00706,Customer 00706,Canada,North America,SMB,2025-07-24,Social
CUST00707,Customer 00707,Mexico,North America,Mid-Market,2025-02-21,Paid Search
CUST00708,Customer 00708,Mexico,North America,Enterprise,2024-09-11,Referral
CUST00709,Customer 00709,Japan,Asia,SMB,2024-10-31,Social
CUST00710,Customer 00710,Singapore,Asia,SMB,2024-12-02,Paid Search
CUST00711,Customer 00711,New Zealand,Oceania,Enterprise,2025-06-27,Organic
CUST00712,Customer 00712,Mexico,North America,SMB,2025-12-26,Paid Search
CUST00713,Customer 00713,Chile,South America,SMB,2025-07-23,Referral
CUST00714,Customer 00714,Australia,Oceania,Mid-Market,2024-08-19,Paid Search
CUST00715,Customer 00715,United States,North America,Mid-Market,2024-03-22,Organic
CUST00716,Customer 00716,Italy,Europe,SMB,2024-12-11,Organic
CUST00717,Customer 00717,United States,North America,SMB,2025-09-19,Referral
CUST00718,Customer 00718,Italy,Europe,Mid-Market,2025-04-09,Referral
CUST00719,Customer 00719,Mexico,North America,SMB,2024-08-23,Organic
CUST00720,Customer 00720,New Zealand,Oceania,Mid-Market,2024-03-06,Partner
CUST00721,Customer 00721,Canada,North America,Enterprise,2024-07-03,Paid Search
CUST00722,Customer 00722,Thailand,Asia,SMB,2025-06-07,Organic
CUST00723,Customer 00723,United Kingdom,Europe,Enterprise,2025-05-04,Paid Search
CUST00724,Customer 00724,New Zealand,Oceania,Mid-Market,2024-11-26,Referral
CUST00725,Customer 00725,Spain,Europe,Enterprise,2024-09-01,Referral
CUST00726,Customer 00726,Germany,Europe,SMB,2024-05-07,Paid Search
CUST00727,Customer 00727,Italy,Europe,SMB,2025-12-11,Organic
CUST00728,Customer 00728,Italy,Europe,Mid-Market,2024-11-10,Paid Search
CUST00729,Customer 00729,Singapore,Asia,Enterprise,2025-07-14,Paid Search
CUST00730,Customer 00730,United States,North America,Enterprise,2024-12-02,Paid Search
CUST00731,Customer 00731,South Korea,Asia,SMB,2025-02-20,Paid Search
CUST00732,Customer 00732,France,Europe,SMB,2025-04-13,Paid Search
CUST00733,Customer 00733,Spain,Europe,SMB,2024-09-17,Organic
CUST00734,Customer 00734,South Korea,Asia,Mid-Market,2025-11-16,Organic
CUST00735,Customer 00735,France,Europe,Mid-Market,2024-11-30,Organic
CUST00736,Customer 00736,Canada,North America,Mid-Market,2025-07-13,Referral
CUST00737,Customer 00737,Germany,Europe,SMB,2025-10-31,Paid Search
CUST00738,Customer 00738,Singapore,Asia,Enterprise,2024-10-06,Referral
CUST00739,Customer 00739,India,Asia,SMB,2024-06-20,Organic
CUST00740,Customer 00740,Thailand,Asia,SMB,2025-12-09,Paid Search
CUST00741,Customer 00741,Italy,Europe,Mid-Market,2025-07-28,Organic
CUST00742,Customer 00742,France,Europe,SMB,2025-08-01,Organic
CUST00743,Customer 00743,Chile,South America,Mid-Market,2025-11-22,Partner
CUST00744,Customer 00744,Germany,Europe,Mid-Market,2024-01-21,Organic
CUST00745,Customer 00745,Canada,North America,SMB,2025-11-21,Organic
CUST00746,Customer 00746,India,Asia,SMB,2024-03-26,Paid Search
CUST00747,Customer 00747,India,Asia,SMB,2024-04-16,Organic
CUST00748,Customer 00748,Japan,Asia,Mid-Market,2024-06-08,Social
CUST00749,Customer 00749,United States,North America,SMB,2024-03-23,Social
CUST00750,Customer 00750,Chile,South America,SMB,2024-03-02,Paid Search
CUST00751,Customer 00751,Thailand,Asia,SMB,2024-04-01,Organic
CUST00752,Customer 00752,South Korea,Asia,Mid-Market,2024-12-20,Paid Search
CUST00753,Customer 00753,Italy,Europe,SMB,2024-09-29,Paid Search
CUST00754,Customer 00754,Singapore,Asia,SMB,2024-09-06,Paid Search
CUST00755,Customer 00755,Canada,North America,SMB,2024-05-05,Organic
CUST00756,Customer 00756,France,Europe,SMB,2025-12-12,Organic
CUST00757,Customer 00757,Thailand,Asia,SMB,2024-08-31,Organic
CUST00758,Customer 00758,New Zealand,Oceania,SMB,2024-12-11,Paid Search
CUST00759,Customer 00759,United Kingdom,Europe,Mid-Market,2024-04-13,Referral
CUST00760,Customer 00760,India,Asia,SMB,2024-06-04,Partner
CUST00761,Customer 00761,Canada,North America,SMB,2024-06-20,Organic
CUST00762,Customer 00762,Italy,Europe,Enterprise,2025-12-10,Partner
CUST00763,Customer 00763,United Kingdom,Europe,SMB,2024-05-08,Organic
CUST00764,Customer 00764,Italy,Europe,SMB,2025-01-10,Organic
CUST00765,Customer 00765,New Zealand,Oceania,SMB,2025-02-01,Referral
CUST00766,Customer 00766,Germany,Europe,SMB,2024-02-23,Organic
CUST00767,Customer 00767,Spain,Europe,SMB,2024-09-13,Social
CUST00768,Customer 00768,Spain,Europe,Enterprise,2024-02-29,Social
CUST00769,Customer 00769,United Kingdom,Europe,SMB,2024-05-07,Organic
CUST00770,Customer 00770,Mexico,North America,Mid-Market,2025-05-08,Organic
CUST00771,Customer 00771,Germany,Europe,Enterprise,2025-02-19,Organic
CUST00772,Customer 00772,United States,North America,SMB,2024-12-27,Social
CUST00773,Customer 00773,United States,North America,Mid-Market,2024-06-05,Organic
CUST00774,Customer 00774,Argentina,South America,SMB,2025-04-01,Partner
CUST00775,Customer 00775,Spain,Europe,SMB,2025-10-23,Organic
CUST00776,Customer 00776,Argentina,South America,Mid-Market,2025-09-13,Referral
CUST00777,Customer 00777,Mexico,North America,SMB,2024-05-06,Organic
CUST00778,Customer 00778,Germany,Europe,Enterprise,2025-05-13,Partner
CUST00779,Customer 00779,Mexico,North America,Mid-Market,2024-06-27,Referral
CUST00780,Customer 00780,Brazil,South America,SMB,2025-09-21,Organic
CUST00781,Customer 00781,Singapore,Asia,SMB,2024-12-11,Organic
CUST00782,Customer 00782,New Zealand,Oceania,Mid-Market,2025-06-26,Paid Search
CUST00783,Customer 00783,Thailand,Asia,SMB,2025-01-29,Paid Search
CUST00784,Customer 00784,Mexico,North America,SMB,2025-05-07,Partner
CUST00785,Customer 00785,New Zealand,Oceania,SMB,2025-11-14,Paid Search
CUST00786,Customer 00786,Singapore,Asia,SMB,2024-04-08,Social
CUST00787,Customer 00787,Argentina,South America,Enterprise,2025-10-22,Organic
CUST00788,Customer 00788,Singapore,Asia,SMB,2024-12-18,Partner
CUST00789,Customer 00789,Mexico,North America,SMB,2024-04-13,Social
CUST00790,Customer 00790,Canada,North America,Mid-Market,2024-11-12,Referral
CUST00791,Customer 00791,United Kingdom,Europe,Mid-Market,2024-02-10,Social
CUST00792,Customer 00792,Singapore,Asia,Enterprise,2025-01-30,Paid Search
CUST00793,Customer 00793,India,Asia,Enterprise,2024-12-11,Referral
CUST00794,Customer 00794,Germany,Europe,SMB,2024-10-12,Organic
CUST00795,Customer 00795,United Kingdom,Europe,SMB,2024-11-20,Organic
CUST00796,Customer 00796,Japan,Asia,Mid-Market,2025-03-29,Referral
CUST00797,Customer 00797,Italy,Europe,SMB,2025-08-27,Partner
CUST00798,Customer 00798,Spain,Europe,Mid-Market,2024-10-13,Social
CUST00799,Customer 00799,Mexico,North America,SMB,2024-01-13,Referral
CUST00800,Customer 00800,Mexico,North America,Enterprise,2025-02-11,Partner
CUST00801,Customer 00801,Canada,North America,Mid-Market,2025-11-21,Partner
CUST00802,Customer 00802,Thailand,Asia,Mid-Market,2024-10-15,Partner
CUST00803,Customer 00803,Chile,South America,SMB,2024-03-30,Organic
CUST00804,Customer 00804,United States,North America,Enterprise,2025-10-21,Paid Search
CUST00805,Customer 00805,Italy,Europe,Mid-Market,2024-11-02,Paid Search
CUST00806,Customer 00806,United Kingdom,Europe,Mid-Market,2024-09-29,Partner
CUST00807,Customer 00807,Mexico,North America,Mid-Market,2024-08-03,Referral
CUST00808,Customer 00808,United Kingdom,Europe,SMB,2025-06-18,Partner
CUST00809,Customer 00809,United States,North America,SMB,2024-04-16,Social
CUST00810,Customer 00810,Australia,Oceania,SMB,2025-03-24,Referral
CUST00811,Customer 00811,Germany,Europe,Mid-Market,2024-09-11,Partner
CUST00812,Customer 00812,France,Europe,Mid-Market,2024-10-08,Referral
CUST00813,Customer 00813,Australia,Oceania,SMB,2024-06-06,Referral
CUST00814,Customer 00814,Mexico,North America,Enterprise,2025-08-13,Paid Search
CUST00815,Customer 00815,United Kingdom,Europe,SMB,2024-11-27,Social
CUST00816,Customer 00816,Chile,South America,Mid-Market,2025-11-09,Partner
CUST00817,Customer 00817,Chile,South America,SMB,2025-08-28,Partner
CUST00818,Customer 00818,Canada,North America,SMB,2025-07-09,Paid Search
CUST00819,Customer 00819,Canada,North America,SMB,2024-11-25,Paid Search
CUST00820,Customer 00820,Japan,Asia,Mid-Market,2025-11-24,Partner
CUST00821,Customer 00821,Italy,Europe,Mid-Market,2025-03-03,Social
CUST00822,Customer 00822,Canada,North America,SMB,2024-11-14,Social
CUST00823,Customer 00823,South Korea,Asia,SMB,2024-09-10,Referral
CUST00824,Customer 00824,United States,North America,Mid-Market,2025-10-29,Referral
CUST00825,Customer 00825,Brazil,South America,SMB,2024-07-04,Organic
CUST00826,Customer 00826,Germany,Europe,Mid-Market,2025-10-02,Partner
CUST00827,Customer 00827,Mexico,North America,SMB,2024-06-16,Paid Search
CUST00828,Customer 00828,United Kingdom,Europe,Enterprise,2025-07-11,Partner
CUST00829,Customer 00829,Brazil,South America,Mid-Market,2024-07-25,Organic
CUST00830,Customer 00830,Japan,Asia,SMB,2025-09-02,Social
CUST00831,Customer 00831,Canada,North America,Mid-Market,2025-09-02,Paid Search
CUST00832,Customer 00832,Mexico,North America,SMB,2025-06-17,Organic
CUST00833,Customer 00833,Thailand,Asia,Enterprise,2025-12-26,Referral
CUST00834,Customer 00834,Canada,North America,Mid-Market,2025-01-09,Referral
CUST00835,Customer 00835,Mexico,North America,SMB,2025-09-05,Partner
CUST00836,Customer 00836,United States,North America,Mid-Market,2025-02-07,Referral
CUST00837,Customer 00837,Mexico,North America,SMB,2024-01-29,Referral
CUST00838,Customer 00838,Australia,Oceania,Enterprise,2024-11-01,Organic
CUST00839,Customer 00839,Japan,Asia,Enterprise,2024-01-24,Partner
CUST00840,Customer 00840,Mexico,North America,Mid-Market,2025-04-30,Social
CUST00841,Customer 00841,Spain,Europe,SMB,2024-04-21,Partner
CUST00842,Customer 00842,United States,North America,Mid-Market,2024-08-25,Organic
CUST00843,Customer 00843,Canada,North America,SMB,2025-09-29,Partner
CUST00844,Customer 00844,India,Asia,SMB,2025-06-24,Organic
CUST00845,Customer 00845,Germany,Europe,Enterprise,2024-09-02,Social
CUST00846,Customer 00846,Argentina,South America,SMB,2025-01-04,Organic
CUST00847,Customer 00847,Singapore,Asia,SMB,2025-02-28,Organic
CUST00848,Customer 00848,United States,North America,SMB,2024-09-15,Organic
CUST00849,Customer 00849,Spain,Europe,Enterprise,2025-07-02,Partner
CUST00850,Customer 00850,New Zealand,Oceania,Enterprise,2024-04-17,Referral
CUST00851,Customer 00851,United Kingdom,Europe,SMB,2024-11-07,Referral
CUST00852,Customer 00852,United Kingdom,Europe,SMB,2024-07-05,Paid Search
CUST00853,Customer 00853,Argentina,South America,Mid-Market,2025-05-11,Partner
CUST00854,Customer 00854,Australia,Oceania,SMB,2025-04-12,Paid Search
CUST00855,Customer 00855,Italy,Europe,Enterprise,2025-08-12,Organic
CUST00856,Customer 00856,South Korea,Asia,Enterprise,2024-09-27,Partner
CUST00857,Customer 00857,Canada,North America,Mid-Market,2024-06-17,Paid Search
CUST00858,Customer 00858,Argentina,South America,SMB,2024-01-25,Referral
CUST00859,Customer 00859,Thailand,Asia,Mid-Market,2025-09-21,Paid Search
CUST00860,Customer 00860,Canada,North America,Enterprise,2024-08-29,Referral
CUST00861,Customer 00861,United States,North America,SMB,2025-07-05,Organic
CUST00862,Customer 00862,United States,North America,Enterprise,2024-09-24,Paid Search
CUST00863,Customer 00863,Mexico,North America,SMB,2024-08-30,Paid Search
CUST00864,Customer 00864,Canada,North America,Enterprise,2024-06-20,Referral
CUST00865,Customer 00865,Italy,Europe,Mid-Market,2025-07-25,Organic
CUST00866,Customer 00866,Australia,Oceania,SMB,2024-07-28,Organic
CUST00867,Customer 00867,Brazil,South America,SMB,2024-08-04,Paid Search
CUST00868,Customer 00868,Canada,North America,SMB,2025-05-30,Paid Search
CUST00869,Customer 00869,Italy,Europe,SMB,2025-01-13,Organic
CUST00870,Customer 00870,France,Europe,Enterprise,2025-06-29,Referral
CUST00871,Customer 00871,Canada,North America,SMB,2024-03-16,Paid Search
CUST00872,Customer 00872,Spain,Europe,Enterprise,2025-12-01,Paid Search
CUST00873,Customer 00873,Australia,Oceania,SMB,2024-06-22,Referral
CUST00874,Customer 00874,Japan,Asia,Mid-Market,2024-03-27,Paid Search
CUST00875,Customer 00875,United States,North America,Enterprise,2024-03-20,Referral
CUST00876,Customer 00876,Chile,South America,Mid-Market,2024-08-15,Referral
CUST00877,Customer 00877,Singapore,Asia,Enterprise,2024-11-05,Partner
CUST00878,Customer 00878,Thailand,Asia,Enterprise,2024-02-26,Paid Search
CUST00879,Customer 00879,Mexico,North America,Mid-Market,2025-03-31,Paid Search
CUST00880,Customer 00880,Canada,North America,Mid-Market,2025-03-24,Organic
CUST00881,Customer 00881,India,Asia,SMB,2025-07-22,Paid Search
CUST00882,Customer 00882,United States,North America,SMB,2024-01-12,Partner
CUST00883,Customer 00883,New Zealand,Oceania,SMB,2024-03-11,Organic
CUST00884,Customer 00884,Japan,Asia,Mid-Market,2024-05-30,Organic
CUST00885,Customer 00885,Germany,Europe,Mid-Market,2024-11-16,Referral
CUST00886,Customer 00886,Thailand,Asia,Mid-Market,2025-03-05,Referral
CUST00887,Customer 00887,Japan,Asia,Enterprise,2024-05-27,Social
CUST00888,Customer 00888,Italy,Europe,SMB,2024-09-19,Organic
CUST00889,Customer 00889,Spain,Europe,Enterprise,2025-01-10,Partner
CUST00890,Customer 00890,Canada,North America,SMB,2025-02-01,Referral
CUST00891,Customer 00891,South Korea,Asia,SMB,2025-01-19,Partner
CUST00892,Customer 00892,Australia,Oceania,Mid-Market,2025-04-13,Paid Search
CUST00893,Customer 00893,Italy,Europe,SMB,2025-07-06,Paid Search
CUST00894,Customer 00894,Spain,Europe,Mid-Market,2025-09-05,Organic
CUST00895,Customer 00895,Mexico,North America,Mid-Market,2025-12-06,Partner
CUST00896,Customer 00896,Brazil,South America,Mid-Market,2024-10-14,Organic
CUST00897,Customer 00897,Japan,Asia,SMB,2024-08-27,Organic
CUST00898,Customer 00898,Germany,Europe,SMB,2024-07-22,Organic
CUST00899,Customer 00899,Spain,Europe,SMB,2024-09-12,Partner
CUST00900,Customer 00900,United States,North America,SMB,2025-01-28,Organic
CUST00901,Customer 00901,Singapore,Asia,SMB,2025-03-17,Paid Search
CUST00902,Customer 00902,Singapore,Asia,SMB,2024-02-20,Referral
CUST00903,Customer 00903,Italy,Europe,Mid-Market,2025-12-31,Partner
CUST00904,Customer 00904,Thailand,Asia,Enterprise,2024-01-31,Partner
CUST00905,Customer 00905,Australia,Oceania,Mid-Market,2024-10-20,Paid Search
CUST00906,Customer 00906,Mexico,North America,SMB,2024-11-26,Organic
CUST00907,Customer 00907,Japan,Asia,Mid-Market,2024-09-09,Organic
CUST00908,Customer 00908,Germany,Europe,SMB,2024-06-08,Organic
CUST00909,Customer 00909,India,Asia,SMB,2025-01-22,Paid Search
CUST00910,Customer 00910,Japan,Asia,SMB,2024-01-06,Paid Search
CUST00911,Customer 00911,Canada,North America,Enterprise,2025-06-27,Paid Search
CUST00912,Customer 00912,Chile,South America,Mid-Market,2025-05-11,Paid Search
CUST00913,Customer 00913,New Zealand,Oceania,SMB,2025-07-17,Referral
CUST00914,Customer 00914,New Zealand,Oceania,Mid-Market,2025-08-19,Organic
CUST00915,Customer 00915,Australia,Oceania,Enterprise,2025-10-10,Social
CUST00916,Customer 00916,Australia,Oceania,SMB,2024-04-18,Partner
CUST00917,Customer 00917,Spain,Europe,Mid-Market,2025-09-02,Paid Search
CUST00918,Customer 00918,France,Europe,SMB,2025-02-16,Paid Search
CUST00919,Customer 00919,South Korea,Asia,SMB,2024-03-31,Social
CUST00920,Customer 00920,Canada,North America,Enterprise,2025-12-20,Social
CUST00921,Customer 00921,Spain,Europe,SMB,2025-08-16,Paid Search
CUST00922,Customer 00922,Chile,South America,Mid-Market,2024-07-15,Organic
CUST00923,Customer 00923,Mexico,North America,SMB,2025-10-13,Social
CUST00924,Customer 00924,Canada,North America,Mid-Market,2025-06-18,Referral
CUST00925,Customer 00925,Germany,Europe,Mid-Market,2024-11-22,Referral
CUST00926,Customer 00926,India,Asia,Enterprise,2024-04-28,Organic
CUST00927,Customer 00927,United Kingdom,Europe,Mid-Market,2025-06-18,Partner
CUST00928,Customer 00928,Chile,South America,Mid-Market,2025-11-12,Referral
CUST00929,Customer 00929,Mexico,North America,SMB,2024-05-20,Paid Search
CUST00930,Customer 00930,United States,North America,SMB,2024-01-01,Referral
CUST00931,Customer 00931,Singapore,Asia,Mid-Market,2024-06-16,Paid Search
CUST00932,Customer 00932,Thailand,Asia,SMB,2024-08-03,Paid Search
CUST00933,Customer 00933,India,Asia,SMB,2024-10-04,Referral
CUST00934,Customer 00934,Canada,North America,Enterprise,2025-12-14,Referral
CUST00935,Customer 00935,Mexico,North America,SMB,2025-12-05,Social
CUST00936,Customer 00936,Germany,Europe,SMB,2025-05-05,Referral
CUST00937,Customer 00937,Australia,Oceania,Enterprise,2024-06-07,Paid Search
CUST00938,Customer 00938,United Kingdom,Europe,Mid-Market,2024-06-03,Organic
CUST00939,Customer 00939,Chile,South America,Mid-Market,2024-02-29,Paid Search
CUST00940,Customer 00940,France,Europe,SMB,2025-08-01,Organic
CUST00941,Customer 00941,South Korea,Asia,SMB,2024-06-10,Referral
CUST00942,Customer 00942,Brazil,South America,Mid-Market,2025-10-18,Paid Search
CUST00943,Customer 00943,France,Europe,SMB,2025-03-14,Paid Search
CUST00944,Customer 00944,Singapore,Asia,Mid-Market,2024-12-22,Organic
CUST00945,Customer 00945,India,Asia,SMB,2025-11-10,Paid Search
CUST00946,Customer 00946,Italy,Europe,SMB,2024-04-24,Organic
CUST00947,Customer 00947,Mexico,North America,SMB,2024-12-04,Referral
CUST00948,Customer 00948,Chile,South America,SMB,2024-07-08,Organic
CUST00949,Customer 00949,Brazil,South America,SMB,2024-05-12,Social
CUST00950,Customer 00950,Japan,Asia,Mid-Market,2025-11-20,Paid Search
CUST00951,Customer 00951,Mexico,North America,Mid-Market,2025-03-18,Partner
CUST00952,Customer 00952,Germany,Europe,SMB,2024-04-27,Partner
CUST00953,Customer 00953,United Kingdom,Europe,Mid-Market,2024-03-19,Partner
CUST00954,Customer 00954,United Kingdom,Europe,SMB,2024-08-16,Partner
CUST00955,Customer 00955,Australia,Oceania,SMB,2025-09-01,Organic
CUST00956,Customer 00956,Argentina,South America,Enterprise,2024-04-16,Paid Search
CUST00957,Customer 00957,Mexico,North America,Mid-Market,2025-06-26,Referral
CUST00958,Customer 00958,United States,North America,Mid-Market,2024-03-18,Paid Search
CUST00959,Customer 00959,Thailand,Asia,SMB,2024-09-03,Referral
CUST00960,Customer 00960,Mexico,North America,SMB,2025-01-16,Referral
CUST00961,Customer 00961,United States,North America,Mid-Market,2024-04-04,Organic
CUST00962,Customer 00962,Thailand,Asia,Mid-Market,2024-10-16,Organic
CUST00963,Customer 00963,France,Europe,Mid-Market,2024-07-14,Referral
CUST00964,Customer 00964,Germany,Europe,Enterprise,2024-02-03,Referral
CUST00965,Customer 00965,Australia,Oceania,SMB,2024-01-01,Partner
CUST00966,Customer 00966,South Korea,Asia,Mid-Market,2024-04-16,Referral
CUST00967,Customer 00967,New Zealand,Oceania,Mid-Market,2025-07-01,Organic
CUST00968,Customer 00968,Italy,Europe,SMB,2024-01-28,Organic
CUST00969,Customer 00969,Mexico,North America,SMB,2025-01-04,Paid Search
CUST00970,Customer 00970,France,Europe,Mid-Market,2024-01-18,Paid Search
CUST00971,Customer 00971,Thailand,Asia,SMB,2024-06-06,Partner
CUST00972,Customer 00972,Italy,Europe,Mid-Market,2024-05-10,Referral
CUST00973,Customer 00973,Germany,Europe,Mid-Market,2024-09-05,Partner
CUST00974,Customer 00974,Australia,Oceania,SMB,2025-06-27,Paid Search
CUST00975,Customer 00975,Japan,Asia,SMB,2024-11-03,Organic
CUST00976,Customer 00976,United States,North America,Mid-Market,2024-01-11,Paid Search
CUST00977,Customer 00977,Japan,Asia,SMB,2024-04-15,Organic
CUST00978,Customer 00978,Thailand,Asia,Enterprise,2024-08-10,Organic
CUST00979,Customer 00979,United States,North America,SMB,2024-07-22,Paid Search
CUST00980,Customer 00980,Italy,Europe,Enterprise,2025-02-16,Paid Search
CUST00981,Customer 00981,New Zealand,Oceania,SMB,2024-09-13,Organic
CUST00982,Customer 00982,Brazil,South America,SMB,2025-06-27,Referral
CUST00983,Customer 00983,Mexico,North America,Mid-Market,2024-07-03,Referral
CUST00984,Customer 00984,Singapore,Asia,SMB,2025-05-10,Organic
CUST00985,Customer 00985,France,Europe,SMB,2024-03-14,Referral
CUST00986,Customer 00986,New Zealand,Oceania,SMB,2025-12-23,Organic
CUST00987,Customer 00987,South Korea,Asia,Mid-Market,2025-12-22,Paid Search
CUST00988,Customer 00988,United Kingdom,Europe,Mid-Market,2024-07-20,Referral
CUST00989,Customer 00989,Thailand,Asia,SMB,2024-06-20,Paid Search
CUST00990,Customer 00990,Mexico,North America,SMB,2024-01-01,Referral
CUST00991,Customer 00991,Mexico,North America,SMB,2025-12-14,Paid Search
CUST00992,Customer 00992,Mexico,North America,Enterprise,2024-01-28,Organic
CUST00993,Customer 00993,United States,North America,SMB,2024-01-02,Paid Search
CUST00994,Customer 00994,France,Europe,Mid-Market,2024-03-12,Paid Search
CUST00995,Customer 00995,Australia,Oceania,SMB,2024-08-03,Organic
CUST00996,Customer 00996,South Korea,Asia,Mid-Market,2025-12-13,Paid Search
CUST00997,Customer 00997,Mexico,North America,Enterprise,2024-05-01,Organic
CUST00998,Customer 00998,Italy,Europe,SMB,2025-02-20,Paid Search
CUST00999,Customer 00999,New Zealand,Oceania,Mid-Market,2025-04-20,Referral
CUST01000,Customer 01000,South Korea,Asia,SMB,2025-08-07,Partner
CUST01001,Customer 01001,Germany,Europe,Mid-Market,2025-05-26,Partner
CUST01002,Customer 01002,Japan,Asia,SMB,2025-12-21,Referral
CUST01003,Customer 01003,Italy,Europe,SMB,2025-04-28,Partner
CUST01004,Customer 01004,Germany,Europe,SMB,2025-09-09,Referral
CUST01005,Customer 01005,Mexico,North America,SMB,2024-08-21,Referral
CUST01006,Customer 01006,India,Asia,Enterprise,2024-10-24,Partner
CUST01007,Customer 01007,New Zealand,Oceania,Mid-Market,2025-06-22,Partner
CUST01008,Customer 01008,South Korea,Asia,SMB,2025-10-02,Partner
CUST01009,Customer 01009,Mexico,North America,SMB,2024-01-04,Social
CUST01010,Customer 01010,South Korea,Asia,Mid-Market,2024-11-13,Paid Search
CUST01011,Customer 01011,Canada,North America,SMB,2025-08-09,Social
CUST01012,Customer 01012,Mexico,North America,SMB,2024-03-24,Paid Search
CUST01013,Customer 01013,Japan,Asia,Mid-Market,2024-09-14,Organic
CUST01014,Customer 01014,New Zealand,Oceania,SMB,2025-02-04,Organic
CUST01015,Customer 01015,Thailand,Asia,SMB,2024-03-01,Referral
CUST01016,Customer 01016,Germany,Europe,SMB,2025-10-31,Organic
CUST01017,Customer 01017,Canada,North America,SMB,2024-09-25,Organic
CUST01018,Customer 01018,Brazil,South America,Mid-Market,2025-07-27,Paid Search
CUST01019,Customer 01019,United Kingdom,Europe,Mid-Market,2024-11-08,Referral
CUST01020,Customer 01020,South Korea,Asia,Enterprise,2024-10-20,Organic
CUST01021,Customer 01021,Brazil,South America,SMB,2025-12-07,Referral
CUST01022,Customer 01022,Canada,North America,Mid-Market,2025-09-16,Referral
CUST01023,Customer 01023,Australia,Oceania,Enterprise,2025-01-12,Partner
CUST01024,Customer 01024,Mexico,North America,Mid-Market,2024-12-05,Referral
CUST01025,Customer 01025,United States,North America,Enterprise,2025-07-24,Organic
CUST01026,Customer 01026,India,Asia,Enterprise,2025-05-15,Social
CUST01027,Customer 01027,Australia,Oceania,Mid-Market,2025-12-16,Partner
CUST01028,Customer 01028,Singapore,Asia,Enterprise,2024-08-31,Paid Search
CUST01029,Customer 01029,Canada,North America,Mid-Market,2024-03-23,Organic
CUST01030,Customer 01030,Thailand,Asia,SMB,2024-05-22,Paid Search
CUST01031,Customer 01031,Canada,North America,Enterprise,2025-01-20,Partner
CUST01032,Customer 01032,United States,North America,Mid-Market,2024-08-17,Partner
CUST01033,Customer 01033,Mexico,North America,SMB,2025-08-14,Partner
CUST01034,Customer 01034,Australia,Oceania,SMB,2025-10-01,Social
CUST01035,Customer 01035,Japan,Asia,SMB,2024-05-16,Referral
CUST01036,Customer 01036,Canada,North America,Enterprise,2025-12-24,Organic
CUST01037,Customer 01037,Japan,Asia,SMB,2025-04-06,Organic
CUST01038,Customer 01038,Singapore,Asia,SMB,2024-07-11,Organic
CUST01039,Customer 01039,Singapore,Asia,SMB,2024-05-27,Organic
CUST01040,Customer 01040,Spain,Europe,SMB,2024-04-30,Organic
CUST01041,Customer 01041,France,Europe,Enterprise,2024-12-10,Paid Search
CUST01042,Customer 01042,Mexico,North America,SMB,2024-02-21,Partner
CUST01043,Customer 01043,Canada,North America,SMB,2024-04-05,Organic
CUST01044,Customer 01044,Mexico,North America,SMB,2025-07-05,Partner
CUST01045,Customer 01045,Germany,Europe,Mid-Market,2024-12-23,Social
CUST01046,Customer 01046,India,Asia,Mid-Market,2025-01-20,Organic
CUST01047,Customer 01047,Italy,Europe,SMB,2024-08-25,Organic
CUST01048,Customer 01048,Canada,North America,SMB,2025-02-10,Paid Search
CUST01049,Customer 01049,Brazil,South America,Enterprise,2024-09-07,Partner
CUST01050,Customer 01050,Spain,Europe,Mid-Market,2024-02-03,Referral
CUST01051,Customer 01051,United States,North America,Mid-Market,2025-02-19,Organic
CUST01052,Customer 01052,United Kingdom,Europe,SMB,2024-02-29,Referral
CUST01053,Customer 01053,South Korea,Asia,Enterprise,2025-05-18,Partner
CUST01054,Customer 01054,Spain,Europe,Mid-Market,2025-10-30,Organic
CUST01055,Customer 01055,Thailand,Asia,SMB,2025-05-02,Referral
CUST01056,Customer 01056,Canada,North America,Enterprise,2025-02-25,Paid Search
CUST01057,Customer 01057,Australia,Oceania,Enterprise,2025-12-05,Organic
CUST01058,Customer 01058,Germany,Europe,Mid-Market,2024-06-09,Social
CUST01059,Customer 01059,Mexico,North America,Mid-Market,2025-07-19,Organic
CUST01060,Customer 01060,Canada,North America,SMB,2024-05-31,Partner
CUST01061,Customer 01061,Australia,Oceania,SMB,2024-01-01,Referral
CUST01062,Customer 01062,Mexico,North America,SMB,2024-06-25,Organic
CUST01063,Customer 01063,Thailand,Asia,Mid-Market,2025-01-02,Referral
CUST01064,Customer 01064,United States,North America,SMB,2024-02-16,Organic
CUST01065,Customer 01065,Thailand,Asia,SMB,2024-07-22,Organic
CUST01066,Customer 01066,Australia,Oceania,Enterprise,2024-02-06,Organic
CUST01067,Customer 01067,Japan,Asia,SMB,2024-06-26,Partner
CUST01068,Customer 01068,Mexico,North America,Mid-Market,2025-06-10,Social
CUST01069,Customer 01069,France,Europe,SMB,2024-04-21,Organic
CUST01070,Customer 01070,India,Asia,SMB,2024-07-11,Paid Search
CUST01071,Customer 01071,Chile,South America,SMB,2024-04-09,Social
CUST01072,Customer 01072,Canada,North America,SMB,2024-10-08,Referral
CUST01073,Customer 01073,India,Asia,SMB,2025-07-10,Organic
CUST01074,Customer 01074,New Zealand,Oceania,SMB,2025-01-27,Paid Search
CUST01075,Customer 01075,Brazil,South America,Mid-Market,2024-05-26,Paid Search
CUST01076,Customer 01076,South Korea,Asia,SMB,2024-08-21,Paid Search
CUST01077,Customer 01077,United States,North America,SMB,2025-05-04,Paid Search
CUST01078,Customer 01078,Singapore,Asia,SMB,2024-12-15,Referral
CUST01079,Customer 01079,Canada,North America,SMB,2024-12-02,Referral
CUST01080,Customer 01080,Thailand,Asia,SMB,2025-09-24,Paid Search
CUST01081,Customer 01081,United Kingdom,Europe,SMB,2025-08-21,Referral
CUST01082,Customer 01082,New Zealand,Oceania,Mid-Market,2024-06-27,Paid Search
CUST01083,Customer 01083,Australia,Oceania,Mid-Market,2025-05-29,Partner
CUST01084,Customer 01084,Argentina,South America,Enterprise,2025-08-01,Organic
CUST01085,Customer 01085,New Zealand,Oceania,Mid-Market,2025-10-19,Paid Search
CUST01086,Customer 01086,United States,North America,SMB,2024-07-11,Paid Search
CUST01087,Customer 01087,Mexico,North America,SMB,2025-06-16,Paid Search
CUST01088,Customer 01088,Mexico,North America,SMB,2024-05-16,Referral
CUST01089,Customer 01089,South Korea,Asia,Mid-Market,2024-11-20,Referral
CUST01090,Customer 01090,Japan,Asia,SMB,2024-02-23,Paid Search
CUST01091,Customer 01091,Spain,Europe,SMB,2025-03-17,Paid Search
CUST01092,Customer 01092,Mexico,North America,Enterprise,2025-05-15,Referral
CUST01093,Customer 01093,Japan,Asia,SMB,2024-11-22,Referral
CUST01094,Customer 01094,Singapore,Asia,SMB,2024-10-27,Partner
CUST01095,Customer 01095,United States,North America,Enterprise,2024-06-25,Partner
CUST01096,Customer 01096,Japan,Asia,SMB,2025-07-17,Referral
CUST01097,Customer 01097,Germany,Europe,SMB,2025-10-27,Organic
CUST01098,Customer 01098,Argentina,South America,SMB,2024-04-06,Partner
CUST01099,Customer 01099,Argentina,South America,SMB,2024-07-20,Paid Search
CUST01100,Customer 01100,United Kingdom,Europe,Enterprise,2025-03-17,Referral
CUST01101,Customer 01101,Italy,Europe,Mid-Market,2024-09-24,Social
CUST01102,Customer 01102,Thailand,Asia,SMB,2024-01-10,Organic
CUST01103,Customer 01103,United States,North America,SMB,2024-01-16,Organic
CUST01104,Customer 01104,Brazil,South America,SMB,2024-06-19,Organic
CUST01105,Customer 01105,France,Europe,Mid-Market,2025-12-08,Social
CUST01106,Customer 01106,Mexico,North America,SMB,2025-03-21,Paid Search
CUST01107,Customer 01107,Germany,Europe,SMB,2024-07-05,Partner
CUST01108,Customer 01108,India,Asia,Mid-Market,2024-02-10,Organic
CUST01109,Customer 01109,Australia,Oceania,Enterprise,2025-07-06,Organic
CUST01110,Customer 01110,Italy,Europe,Enterprise,2024-10-02,Organic
CUST01111,Customer 01111,United Kingdom,Europe,Mid-Market,2024-10-14,Partner
CUST01112,Customer 01112,Thailand,Asia,SMB,2025-02-14,Organic
CUST01113,Customer 01113,United States,North America,Mid-Market,2024-06-15,Social
CUST01114,Customer 01114,Australia,Oceania,Enterprise,2025-06-15,Referral
CUST01115,Customer 01115,New Zealand,Oceania,SMB,2024-08-17,Social
CUST01116,Customer 01116,Germany,Europe,SMB,2025-05-30,Paid Search
CUST01117,Customer 01117,Spain,Europe,SMB,2025-01-13,Paid Search
CUST01118,Customer 01118,Mexico,North America,Enterprise,2024-04-18,Organic
CUST01119,Customer 01119,India,Asia,Enterprise,2025-03-31,Paid Search
CUST01120,Customer 01120,Chile,South America,Mid-Market,2024-02-24,Referral
CUST01121,Customer 01121,Canada,North America,SMB,2025-06-06,Organic
CUST01122,Customer 01122,France,Europe,Enterprise,2024-10-02,Social
CUST01123,Customer 01123,Chile,South America,SMB,2025-05-05,Organic
CUST01124,Customer 01124,United Kingdom,Europe,SMB,2024-06-25,Organic
CUST01125,Customer 01125,Japan,Asia,Mid-Market,2024-10-24,Referral
CUST01126,Customer 01126,Mexico,North America,Mid-Market,2024-08-11,Paid Search
CUST01127,Customer 01127,Mexico,North America,Enterprise,2024-07-02,Organic
CUST01128,Customer 01128,United States,North America,SMB,2024-09-07,Social
CUST01129,Customer 01129,Mexico,North America,SMB,2024-02-09,Organic
CUST01130,Customer 01130,New Zealand,Oceania,SMB,2024-10-17,Referral
CUST01131,Customer 01131,Australia,Oceania,SMB,2024-03-31,Organic
CUST01132,Customer 01132,Canada,North America,Enterprise,2025-01-14,Organic
CUST01133,Customer 01133,Spain,Europe,SMB,2024-03-07,Paid Search
CUST01134,Customer 01134,United States,North America,SMB,2024-01-07,Partner
CUST01135,Customer 01135,New Zealand,Oceania,SMB,2024-11-16,Paid Search
CUST01136,Customer 01136,Thailand,Asia,Mid-Market,2024-08-05,Organic
CUST01137,Customer 01137,Thailand,Asia,Enterprise,2025-10-02,Organic
CUST01138,Customer 01138,Japan,Asia,SMB,2024-07-12,Social
CUST01139,Customer 01139,France,Europe,SMB,2024-10-18,Organic
CUST01140,Customer 01140,Mexico,North America,Enterprise,2024-06-21,Referral
CUST01141,Customer 01141,Singapore,Asia,Mid-Market,2025-10-12,Organic
CUST01142,Customer 01142,Canada,North America,SMB,2025-07-30,Organic
CUST01143,Customer 01143,Argentina,South America,SMB,2024-05-05,Organic
CUST01144,Customer 01144,Argentina,South America,Enterprise,2024-07-02,Organic
CUST01145,Customer 01145,South Korea,Asia,Mid-Market,2024-05-16,Paid Search
CUST01146,Customer 01146,Singapore,Asia,SMB,2024-04-20,Paid Search
CUST01147,Customer 01147,Canada,North America,SMB,2024-06-24,Partner
CUST01148,Customer 01148,Argentina,South America,SMB,2025-09-14,Organic
CUST01149,Customer 01149,South Korea,Asia,SMB,2024-12-01,Paid Search
CUST01150,Customer 01150,Chile,South America,SMB,2024-10-06,Paid Search
CUST01151,Customer 01151,United Kingdom,Europe,SMB,2024-05-19,Organic
CUST01152,Customer 01152,Chile,South America,SMB,2024-05-14,Organic
CUST01153,Customer 01153,United Kingdom,Europe,SMB,2025-02-09,Organic
CUST01154,Customer 01154,Italy,Europe,SMB,2025-07-03,Organic
CUST01155,Customer 01155,Canada,North America,SMB,2025-02-11,Paid Search
CUST01156,Customer 01156,United Kingdom,Europe,Mid-Market,2025-04-25,Organic
CUST01157,Customer 01157,Germany,Europe,SMB,2024-07-10,Paid Search
CUST01158,Customer 01158,France,Europe,Enterprise,2025-11-22,Paid Search
CUST01159,Customer 01159,South Korea,Asia,Enterprise,2025-08-24,Paid Search
CUST01160,Customer 01160,United States,North America,Enterprise,2025-10-03,Organic
CUST01161,Customer 01161,France,Europe,SMB,2025-05-03,Paid Search
CUST01162,Customer 01162,Mexico,North America,SMB,2025-05-22,Paid Search
CUST01163,Customer 01163,Chile,South America,Mid-Market,2024-02-21,Social
CUST01164,Customer 01164,United Kingdom,Europe,SMB,2024-04-27,Organic
CUST01165,Customer 01165,United Kingdom,Europe,SMB,2024-04-06,Organic
CUST01166,Customer 01166,Argentina,South America,SMB,2024-12-19,Partner
CUST01167,Customer 01167,Chile,South America,Mid-Market,2025-03-05,Organic
CUST01168,Customer 01168,Canada,North America,Mid-Market,2024-03-27,Organic
CUST01169,Customer 01169,Brazil,South America,SMB,2025-07-03,Partner
CUST01170,Customer 01170,United Kingdom,Europe,Enterprise,2025-02-05,Paid Search
CUST01171,Customer 01171,Japan,Asia,Mid-Market,2025-03-11,Referral
CUST01172,Customer 01172,Mexico,North America,SMB,2025-11-01,Organic
CUST01173,Customer 01173,India,Asia,SMB,2025-03-03,Organic
CUST01174,Customer 01174,Canada,North America,SMB,2024-01-03,Organic
CUST01175,Customer 01175,United States,North America,Enterprise,2025-07-15,Partner
CUST01176,Customer 01176,Mexico,North America,Mid-Market,2025-10-02,Paid Search
CUST01177,Customer 01177,South Korea,Asia,Mid-Market,2024-03-02,Referral
CUST01178,Customer 01178,India,Asia,Mid-Market,2025-01-29,Social
CUST01179,Customer 01179,Spain,Europe,SMB,2024-12-09,Social
CUST01180,Customer 01180,United Kingdom,Europe,Enterprise,2024-04-20,Organic
CUST01181,Customer 01181,Canada,North America,Enterprise,2024-07-20,Referral
CUST01182,Customer 01182,Germany,Europe,Mid-Market,2025-09-17,Referral
CUST01183,Customer 01183,Germany,Europe,SMB,2024-10-13,Partner
CUST01184,Customer 01184,Spain,Europe,SMB,2025-01-27,Social
CUST01185,Customer 01185,United Kingdom,Europe,SMB,2025-07-22,Referral
CUST01186,Customer 01186,Argentina,South America,SMB,2024-11-23,Referral
CUST01187,Customer 01187,Thailand,Asia,Mid-Market,2025-10-13,Organic
CUST01188,Customer 01188,Australia,Oceania,Mid-Market,2024-12-31,Paid Search
CUST01189,Customer 01189,France,Europe,Enterprise,2025-12-21,Referral
CUST01190,Customer 01190,Mexico,North America,SMB,2024-04-17,Referral
CUST01191,Customer 01191,India,Asia,SMB,2025-10-11,Referral
CUST01192,Customer 01192,Singapore,Asia,SMB,2024-03-23,Paid Search
CUST01193,Customer 01193,Chile,South America,Enterprise,2025-08-17,Paid Search
CUST01194,Customer 01194,Australia,Oceania,Mid-Market,2025-04-28,Social
CUST01195,Customer 01195,Brazil,South America,SMB,2025-02-13,Paid Search
CUST01196,Customer 01196,United Kingdom,Europe,Mid-Market,2025-10-05,Partner
CUST01197,Customer 01197,Germany,Europe,Mid-Market,2025-04-13,Referral
CUST01198,Customer 01198,United States,North America,SMB,2025-05-22,Paid Search
CUST01199,Customer 01199,Japan,Asia,SMB,2025-07-05,Paid Search
CUST01200,Customer 01200,Mexico,North America,SMB,2025-09-06,Paid Search
CUST01201,Customer 01201,United States,North America,SMB,2024-06-18,Partner
CUST01202,Customer 01202,Mexico,North America,Mid-Market,2025-09-09,Organic
CUST01203,Customer 01203,Argentina,South America,SMB,2025-03-06,Social
CUST01204,Customer 01204,Mexico,North America,Mid-Market,2024-01-24,Partner
CUST01205,Customer 01205,France,Europe,Mid-Market,2025-11-02,Paid Search
CUST01206,Customer 01206,Spain,Europe,SMB,2025-07-17,Organic
CUST01207,Customer 01207,Canada,North America,Enterprise,2025-10-13,Organic
CUST01208,Customer 01208,South Korea,Asia,SMB,2025-07-18,Organic
CUST01209,Customer 01209,Thailand,Asia,Mid-Market,2024-09-09,Organic
CUST01210,Customer 01210,Singapore,Asia,SMB,2024-09-12,Organic
CUST01211,Customer 01211,Mexico,North America,Mid-Market,2024-07-21,Social
CUST01212,Customer 01212,Brazil,South America,SMB,2024-10-26,Referral
CUST01213,Customer 01213,Canada,North America,SMB,2024-01-26,Partner
CUST01214,Customer 01214,Japan,Asia,SMB,2025-06-28,Referral
CUST01215,Customer 01215,Thailand,Asia,Mid-Market,2025-07-03,Referral
CUST01216,Customer 01216,Mexico,North America,Mid-Market,2025-12-22,Partner
CUST01217,Customer 01217,South Korea,Asia,Mid-Market,2025-02-06,Organic
CUST01218,Customer 01218,Mexico,North America,SMB,2025-12-23,Referral
CUST01219,Customer 01219,Mexico,North America,Mid-Market,2024-06-02,Partner
CUST01220,Customer 01220,Italy,Europe,Mid-Market,2024-12-12,Social
CUST01221,Customer 01221,United Kingdom,Europe,SMB,2025-07-25,Paid Search
CUST01222,Customer 01222,France,Europe,SMB,2025-07-31,Partner
CUST01223,Customer 01223,Chile,South America,SMB,2025-07-19,Paid Search
CUST01224,Customer 01224,United States,North America,Mid-Market,2024-12-06,Organic
CUST01225,Customer 01225,Germany,Europe,SMB,2024-02-23,Organic
CUST01226,Customer 01226,Chile,South America,SMB,2025-09-25,Paid Search
CUST01227,Customer 01227,India,Asia,Enterprise,2024-10-05,Organic
CUST01228,Customer 01228,India,Asia,Enterprise,2025-04-19,Organic
CUST01229,Customer 01229,New Zealand,Oceania,SMB,2024-04-07,Organic
CUST01230,Customer 01230,United Kingdom,Europe,Enterprise,2025-11-15,Partner
CUST01231,Customer 01231,Germany,Europe,SMB,2024-07-06,Partner
CUST01232,Customer 01232,Canada,North America,Enterprise,2025-12-29,Partner
CUST01233,Customer 01233,France,Europe,SMB,2025-06-06,Referral
CUST01234,Customer 01234,United States,North America,SMB,2024-08-29,Social
CUST01235,Customer 01235,Germany,Europe,Enterprise,2024-09-27,Paid Search
CUST01236,Customer 01236,Italy,Europe,SMB,2025-12-16,Paid Search
CUST01237,Customer 01237,United Kingdom,Europe,Mid-Market,2025-03-10,Paid Search
CUST01238,Customer 01238,Thailand,Asia,SMB,2025-05-21,Organic
CUST01239,Customer 01239,Germany,Europe,SMB,2025-03-23,Referral
CUST01240,Customer 01240,Italy,Europe,Enterprise,2024-06-23,Paid Search
CUST01241,Customer 01241,Chile,South America,SMB,2024-04-06,Social
CUST01242,Customer 01242,Singapore,Asia,Enterprise,2024-01-03,Organic
CUST01243,Customer 01243,South Korea,Asia,Enterprise,2024-10-23,Organic
CUST01244,Customer 01244,United Kingdom,Europe,SMB,2025-05-14,Paid Search
CUST01245,Customer 01245,Singapore,Asia,SMB,2024-08-08,Organic
CUST01246,Customer 01246,Thailand,Asia,SMB,2024-06-11,Social
CUST01247,Customer 01247,Canada,North America,SMB,2024-10-11,Referral
CUST01248,Customer 01248,United Kingdom,Europe,SMB,2024-06-18,Paid Search
CUST01249,Customer 01249,Chile,South America,SMB,2024-11-13,Referral
CUST01250,Customer 01250,Australia,Oceania,Mid-Market,2025-02-07,Paid Search
CUST01251,Customer 01251,Germany,Europe,SMB,2024-07-18,Organic
CUST01252,Customer 01252,Italy,Europe,Mid-Market,2024-01-23,Paid Search
CUST01253,Customer 01253,Italy,Europe,SMB,2024-03-15,Organic
CUST01254,Customer 01254,United States,North America,SMB,2024-10-31,Referral
CUST01255,Customer 01255,Italy,Europe,SMB,2024-05-09,Partner
CUST01256,Customer 01256,Brazil,South America,SMB,2025-08-07,Organic
CUST01257,Customer 01257,United States,North America,Mid-Market,2024-04-30,Referral
CUST01258,Customer 01258,Chile,South America,SMB,2024-01-20,Referral
CUST01259,Customer 01259,Canada,North America,Mid-Market,2025-03-28,Paid Search
CUST01260,Customer 01260,New Zealand,Oceania,Mid-Market,2025-04-01,Paid Search
CUST01261,Customer 01261,Italy,Europe,SMB,2025-05-06,Paid Search
CUST01262,Customer 01262,India,Asia,Enterprise,2024-04-25,Paid Search
CUST01263,Customer 01263,Thailand,Asia,Enterprise,2025-05-12,Paid Search
CUST01264,Customer 01264,Australia,Oceania,SMB,2025-09-22,Organic
CUST01265,Customer 01265,Mexico,North America,Enterprise,2025-03-18,Paid Search
CUST01266,Customer 01266,Chile,South America,SMB,2024-10-12,Partner
CUST01267,Customer 01267,France,Europe,Mid-Market,2024-12-17,Paid Search
CUST01268,Customer 01268,New Zealand,Oceania,SMB,2025-08-16,Social
CUST01269,Customer 01269,India,Asia,Mid-Market,2024-04-14,Organic
CUST01270,Customer 01270,South Korea,Asia,Mid-Market,2025-06-13,Paid Search
CUST01271,Customer 01271,Australia,Oceania,Enterprise,2024-07-16,Referral
CUST01272,Customer 01272,India,Asia,Enterprise,2025-10-03,Paid Search
CUST01273,Customer 01273,South Korea,Asia,SMB,2024-04-12,Social
CUST01274,Customer 01274,Mexico,North America,Mid-Market,2025-01-12,Paid Search
CUST01275,Customer 01275,Germany,Europe,SMB,2024-10-19,Paid Search
CUST01276,Customer 01276,Thailand,Asia,SMB,2024-12-21,Referral
CUST01277,Customer 01277,Spain,Europe,SMB,2024-10-06,Referral
CUST01278,Customer 01278,United Kingdom,Europe,Enterprise,2024-01-28,Partner
CUST01279,Customer 01279,Chile,South America,Mid-Market,2025-09-19,Partner
CUST01280,Customer 01280,United States,North America,SMB,2025-01-25,Organic
CUST01281,Customer 01281,South Korea,Asia,Enterprise,2025-03-14,Partner
CUST01282,Customer 01282,South Korea,Asia,Mid-Market,2025-01-16,Referral
CUST01283,Customer 01283,Singapore,Asia,SMB,2025-01-21,Referral
CUST01284,Customer 01284,Mexico,North America,SMB,2025-03-19,Paid Search
CUST01285,Customer 01285,New Zealand,Oceania,Mid-Market,2024-11-02,Social
CUST01286,Customer 01286,New Zealand,Oceania,Mid-Market,2024-04-05,Referral
CUST01287,Customer 01287,Singapore,Asia,SMB,2024-01-22,Organic
CUST01288,Customer 01288,Thailand,Asia,SMB,2025-01-29,Paid Search
CUST01289,Customer 01289,Singapore,Asia,SMB,2024-05-16,Referral
CUST01290,Customer 01290,Canada,North America,SMB,2024-11-27,Social
CUST01291,Customer 01291,India,Asia,SMB,2025-03-18,Paid Search
CUST01292,Customer 01292,United States,North America,SMB,2025-03-11,Partner
CUST01293,Customer 01293,Mexico,North America,SMB,2024-05-03,Paid Search
CUST01294,Customer 01294,Singapore,Asia,Mid-Market,2025-04-27,Paid Search
CUST01295,Customer 01295,Singapore,Asia,SMB,2025-11-18,Referral
CUST01296,Customer 01296,Thailand,Asia,SMB,2024-09-21,Organic
CUST01297,Customer 01297,France,Europe,SMB,2024-03-27,Organic
CUST01298,Customer 01298,France,Europe,Enterprise,2025-01-03,Referral
CUST01299,Customer 01299,United States,North America,SMB,2025-03-26,Organic
CUST01300,Customer 01300,Japan,Asia,SMB,2024-10-15,Organic
CUST01301,Customer 01301,United Kingdom,Europe,SMB,2025-03-14,Organic
CUST01302,Customer 01302,Mexico,North America,Mid-Market,2025-07-13,Organic
CUST01303,Customer 01303,United States,North America,SMB,2025-02-26,Organic
CUST01304,Customer 01304,Singapore,Asia,SMB,2025-08-05,Paid Search
CUST01305,Customer 01305,Brazil,South America,Enterprise,2024-04-16,Social
CUST01306,Customer 01306,New Zealand,Oceania,Mid-Market,2024-08-02,Referral
CUST01307,Customer 01307,Canada,North America,SMB,2025-02-09,Referral
CUST01308,Customer 01308,United States,North America,SMB,2024-07-08,Organic
CUST01309,Customer 01309,Italy,Europe,Enterprise,2025-12-27,Organic
CUST01310,Customer 01310,Australia,Oceania,Enterprise,2025-05-10,Partner
CUST01311,Customer 01311,Thailand,Asia,Mid-Market,2024-10-28,Referral
CUST01312,Customer 01312,Australia,Oceania,Mid-Market,2025-07-19,Partner
CUST01313,Customer 01313,Mexico,North America,Enterprise,2025-12-19,Paid Search
CUST01314,Customer 01314,Italy,Europe,Enterprise,2024-01-08,Referral
CUST01315,Customer 01315,Germany,Europe,SMB,2025-02-11,Paid Search
CUST01316,Customer 01316,Mexico,North America,Enterprise,2024-11-08,Organic
CUST01317,Customer 01317,Mexico,North America,Mid-Market,2025-07-05,Partner
CUST01318,Customer 01318,United Kingdom,Europe,Mid-Market,2024-08-12,Paid Search
CUST01319,Customer 01319,United States,North America,SMB,2024-08-25,Paid Search
CUST01320,Customer 01320,Argentina,South America,SMB,2025-07-14,Organic
CUST01321,Customer 01321,South Korea,Asia,Mid-Market,2025-10-13,Referral
CUST01322,Customer 01322,India,Asia,Mid-Market,2024-04-14,Partner
CUST01323,Customer 01323,France,Europe,SMB,2025-03-25,Paid Search
CUST01324,Customer 01324,Mexico,North America,Mid-Market,2025-07-22,Social
CUST01325,Customer 01325,Singapore,Asia,SMB,2024-04-30,Organic
CUST01326,Customer 01326,Chile,South America,SMB,2025-04-28,Partner
CUST01327,Customer 01327,Japan,Asia,Mid-Market,2025-12-17,Referral
CUST01328,Customer 01328,Mexico,North America,Mid-Market,2025-09-08,Social
CUST01329,Customer 01329,Singapore,Asia,SMB,2024-05-22,Referral
CUST01330,Customer 01330,France,Europe,SMB,2025-12-24,Paid Search
CUST01331,Customer 01331,Mexico,North America,SMB,2024-09-18,Paid Search
CUST01332,Customer 01332,South Korea,Asia,Mid-Market,2024-12-14,Partner
CUST01333,Customer 01333,Canada,North America,Enterprise,2024-08-01,Partner
CUST01334,Customer 01334,Australia,Oceania,Mid-Market,2025-05-26,Referral
CUST01335,Customer 01335,New Zealand,Oceania,Mid-Market,2024-04-01,Referral
CUST01336,Customer 01336,Brazil,South America,SMB,2025-06-02,Paid Search
CUST01337,Customer 01337,Germany,Europe,SMB,2024-02-10,Organic
CUST01338,Customer 01338,United States,North America,Enterprise,2025-09-09,Organic
CUST01339,Customer 01339,Argentina,South America,SMB,2024-08-26,Referral
CUST01340,Customer 01340,India,Asia,SMB,2025-01-13,Referral
CUST01341,Customer 01341,Italy,Europe,SMB,2024-06-15,Referral
CUST01342,Customer 01342,Brazil,South America,Mid-Market,2024-03-19,Referral
CUST01343,Customer 01343,South Korea,Asia,SMB,2024-01-18,Paid Search
CUST01344,Customer 01344,Mexico,North America,SMB,2025-12-16,Organic
CUST01345,Customer 01345,New Zealand,Oceania,Mid-Market,2024-04-09,Organic
CUST01346,Customer 01346,United States,North America,SMB,2024-02-11,Organic
CUST01347,Customer 01347,India,Asia,SMB,2025-01-10,Referral
CUST01348,Customer 01348,South Korea,Asia,Mid-Market,2025-12-04,Partner
CUST01349,Customer 01349,Singapore,Asia,Enterprise,2024-03-01,Social
CUST01350,Customer 01350,Spain,Europe,SMB,2024-07-05,Organic
CUST01351,Customer 01351,United States,North America,SMB,2025-02-10,Partner
CUST01352,Customer 01352,Argentina,South America,SMB,2024-12-26,Referral
CUST01353,Customer 01353,India,Asia,SMB,2024-04-16,Paid Search
CUST01354,Customer 01354,Singapore,Asia,Enterprise,2025-11-25,Referral
CUST01355,Customer 01355,Brazil,South America,Mid-Market,2024-09-18,Social
CUST01356,Customer 01356,Italy,Europe,SMB,2025-05-09,Paid Search
CUST01357,Customer 01357,Canada,North America,Mid-Market,2024-11-30,Referral
CUST01358,Customer 01358,India,Asia,SMB,2025-03-04,Organic
CUST01359,Customer 01359,Canada,North America,SMB,2025-10-23,Organic
CUST01360,Customer 01360,United Kingdom,Europe,Enterprise,2024-08-26,Organic
CUST01361,Customer 01361,Mexico,North America,SMB,2025-08-18,Organic
CUST01362,Customer 01362,Singapore,Asia,SMB,2024-08-01,Referral
CUST01363,Customer 01363,Canada,North America,Enterprise,2024-08-19,Organic
CUST01364,Customer 01364,Spain,Europe,SMB,2024-01-24,Referral
CUST01365,Customer 01365,Singapore,Asia,SMB,2024-09-10,Partner
CUST01366,Customer 01366,Mexico,North America,SMB,2025-03-04,Partner
CUST01367,Customer 01367,Spain,Europe,SMB,2025-04-12,Organic
CUST01368,Customer 01368,Spain,Europe,SMB,2024-11-10,Organic
CUST01369,Customer 01369,Spain,Europe,SMB,2024-09-17,Paid Search
CUST01370,Customer 01370,South Korea,Asia,SMB,2024-06-12,Organic
CUST01371,Customer 01371,United Kingdom,Europe,SMB,2025-10-22,Paid Search
CUST01372,Customer 01372,New Zealand,Oceania,Mid-Market,2024-10-07,Referral
CUST01373,Customer 01373,Japan,Asia,Enterprise,2024-08-11,Referral
CUST01374,Customer 01374,Chile,South America,Mid-Market,2025-11-18,Organic
CUST01375,Customer 01375,New Zealand,Oceania,Mid-Market,2025-04-10,Organic
CUST01376,Customer 01376,Spain,Europe,Mid-Market,2025-09-12,Partner
CUST01377,Customer 01377,Mexico,North America,SMB,2024-10-11,Social
CUST01378,Customer 01378,Argentina,South America,SMB,2024-11-10,Referral
CUST01379,Customer 01379,United States,North America,SMB,2025-06-17,Referral
CUST01380,Customer 01380,Thailand,Asia,SMB,2025-12-17,Referral
CUST01381,Customer 01381,South Korea,Asia,Enterprise,2025-07-30,Organic
CUST01382,Customer 01382,Spain,Europe,SMB,2024-12-03,Partner
CUST01383,Customer 01383,Canada,North America,Enterprise,2025-03-13,Organic
CUST01384,Customer 01384,New Zealand,Oceania,SMB,2024-09-12,Referral
CUST01385,Customer 01385,Australia,Oceania,SMB,2024-11-29,Organic
CUST01386,Customer 01386,Germany,Europe,SMB,2024-10-10,Referral
CUST01387,Customer 01387,Mexico,North America,SMB,2024-03-13,Partner
CUST01388,Customer 01388,Japan,Asia,SMB,2025-10-01,Referral
CUST01389,Customer 01389,Australia,Oceania,Mid-Market,2024-04-10,Paid Search
CUST01390,Customer 01390,Italy,Europe,SMB,2024-07-14,Referral
CUST01391,Customer 01391,New Zealand,Oceania,Mid-Market,2024-07-04,Referral
CUST01392,Customer 01392,Brazil,South America,Enterprise,2024-06-11,Referral
CUST01393,Customer 01393,United Kingdom,Europe,SMB,2024-12-29,Paid Search
CUST01394,Customer 01394,United Kingdom,Europe,Enterprise,2025-12-03,Paid Search
CUST01395,Customer 01395,Brazil,South America,SMB,2024-08-28,Referral
CUST01396,Customer 01396,Italy,Europe,SMB,2025-06-20,Organic
CUST01397,Customer 01397,Canada,North America,SMB,2025-06-19,Referral
CUST01398,Customer 01398,New Zealand,Oceania,Mid-Market,2025-07-12,Organic
CUST01399,Customer 01399,United States,North America,SMB,2025-03-31,Referral
CUST01400,Customer 01400,Thailand,Asia,Mid-Market,2025-06-25,Paid Search
CUST01401,Customer 01401,India,Asia,Enterprise,2025-07-10,Partner
CUST01402,Customer 01402,Italy,Europe,SMB,2025-05-14,Organic
CUST01403,Customer 01403,New Zealand,Oceania,Mid-Market,2025-02-12,Paid Search
CUST01404,Customer 01404,Singapore,Asia,Mid-Market,2024-03-07,Organic
CUST01405,Customer 01405,France,Europe,SMB,2025-01-06,Partner
CUST01406,Customer 01406,India,Asia,SMB,2025-07-04,Organic
CUST01407,Customer 01407,Australia,Oceania,SMB,2024-09-06,Paid Search
CUST01408,Customer 01408,Italy,Europe,SMB,2024-06-30,Organic
CUST01409,Customer 01409,Chile,South America,Mid-Market,2025-03-10,Partner
CUST01410,Customer 01410,United States,North America,SMB,2024-04-06,Organic
CUST01411,Customer 01411,Brazil,South America,SMB,2025-06-09,Referral
CUST01412,Customer 01412,New Zealand,Oceania,Mid-Market,2025-12-19,Organic
CUST01413,Customer 01413,Argentina,South America,Mid-Market,2024-12-19,Paid Search
CUST01414,Customer 01414,New Zealand,Oceania,Enterprise,2024-01-21,Organic
CUST01415,Customer 01415,Italy,Europe,SMB,2024-07-17,Referral
CUST01416,Customer 01416,Canada,North America,Mid-Market,2024-01-24,Organic
CUST01417,Customer 01417,Canada,North America,SMB,2024-12-01,Social
CUST01418,Customer 01418,Canada,North America,Mid-Market,2024-08-14,Paid Search
CUST01419,Customer 01419,Argentina,South America,SMB,2025-07-19,Referral
CUST01420,Customer 01420,New Zealand,Oceania,SMB,2025-09-09,Organic
CUST01421,Customer 01421,United States,North America,Enterprise,2024-11-13,Organic
CUST01422,Customer 01422,Thailand,Asia,Mid-Market,2025-12-15,Partner
CUST01423,Customer 01423,Thailand,Asia,Mid-Market,2024-11-24,Partner
CUST01424,Customer 01424,Singapore,Asia,SMB,2024-03-27,Referral
CUST01425,Customer 01425,Singapore,Asia,Mid-Market,2025-10-25,Partner
CUST01426,Customer 01426,Singapore,Asia,SMB,2024-10-16,Organic
CUST01427,Customer 01427,Spain,Europe,SMB,2025-10-09,Social
CUST01428,Customer 01428,Germany,Europe,SMB,2025-06-20,Paid Search
CUST01429,Customer 01429,Canada,North America,SMB,2025-11-17,Partner
CUST01430,Customer 01430,South Korea,Asia,SMB,2025-04-16,Referral
CUST01431,Customer 01431,New Zealand,Oceania,Mid-Market,2025-03-09,Organic
CUST01432,Customer 01432,United States,North America,SMB,2024-06-19,Referral
CUST01433,Customer 01433,Germany,Europe,Mid-Market,2024-07-23,Social
CUST01434,Customer 01434,United Kingdom,Europe,Enterprise,2024-08-28,Organic
CUST01435,Customer 01435,Italy,Europe,SMB,2024-08-14,Paid Search
CUST01436,Customer 01436,New Zealand,Oceania,Mid-Market,2025-03-10,Referral
CUST01437,Customer 01437,Germany,Europe,SMB,2025-09-28,Paid Search
CUST01438,Customer 01438,United States,North America,Enterprise,2024-01-26,Paid Search
CUST01439,Customer 01439,Australia,Oceania,SMB,2025-03-28,Referral
CUST01440,Customer 01440,New Zealand,Oceania,SMB,2025-07-08,Social
CUST01441,Customer 01441,Germany,Europe,SMB,2024-11-20,Paid Search
CUST01442,Customer 01442,Germany,Europe,Enterprise,2024-07-20,Social
CUST01443,Customer 01443,United Kingdom,Europe,SMB,2024-11-12,Organic
CUST01444,Customer 01444,France,Europe,Mid-Market,2025-08-28,Organic
CUST01445,Customer 01445,Italy,Europe,SMB,2025-10-30,Organic
CUST01446,Customer 01446,United States,North America,Mid-Market,2025-05-14,Paid Search
CUST01447,Customer 01447,New Zealand,Oceania,SMB,2024-12-20,Referral
CUST01448,Customer 01448,United States,North America,SMB,2025-04-16,Organic
CUST01449,Customer 01449,Canada,North America,SMB,2025-05-09,Paid Search
CUST01450,Customer 01450,Spain,Europe,SMB,2025-07-14,Referral
CUST01451,Customer 01451,Argentina,South America,Mid-Market,2024-04-15,Referral
CUST01452,Customer 01452,Mexico,North America,Mid-Market,2024-02-24,Referral
CUST01453,Customer 01453,Brazil,South America,SMB,2024-09-09,Referral
CUST01454,Customer 01454,New Zealand,Oceania,SMB,2024-07-09,Social
CUST01455,Customer 01455,India,Asia,SMB,2025-03-25,Referral
CUST01456,Customer 01456,Italy,Europe,Mid-Market,2025-01-16,Social
CUST01457,Customer 01457,France,Europe,Mid-Market,2025-11-02,Social
CUST01458,Customer 01458,South Korea,Asia,Enterprise,2025-07-22,Partner
CUST01459,Customer 01459,Australia,Oceania,Enterprise,2024-04-17,Organic
CUST01460,Customer 01460,Thailand,Asia,SMB,2025-09-12,Paid Search
CUST01461,Customer 01461,Canada,North America,SMB,2025-07-17,Paid Search
CUST01462,Customer 01462,Canada,North America,Enterprise,2024-10-06,Organic
CUST01463,Customer 01463,United Kingdom,Europe,SMB,2024-02-12,Referral
CUST01464,Customer 01464,India,Asia,SMB,2025-08-03,Organic
CUST01465,Customer 01465,United States,North America,SMB,2024-05-21,Referral
CUST01466,Customer 01466,Mexico,North America,Mid-Market,2024-06-10,Partner
CUST01467,Customer 01467,Thailand,Asia,Mid-Market,2024-12-09,Paid Search
CUST01468,Customer 01468,Spain,Europe,Enterprise,2024-03-01,Social
CUST01469,Customer 01469,Canada,North America,SMB,2024-10-18,Partner
CUST01470,Customer 01470,France,Europe,SMB,2024-06-29,Partner
CUST01471,Customer 01471,Australia,Oceania,SMB,2024-02-08,Organic
CUST01472,Customer 01472,United Kingdom,Europe,Mid-Market,2025-10-22,Social
CUST01473,Customer 01473,France,Europe,SMB,2024-07-09,Organic
CUST01474,Customer 01474,Japan,Asia,Enterprise,2025-02-01,Partner
CUST01475,Customer 01475,Mexico,North America,SMB,2025-08-20,Organic
CUST01476,Customer 01476,Canada,North America,Mid-Market,2024-12-17,Organic
CUST01477,Customer 01477,India,Asia,Mid-Market,2024-08-02,Paid Search
CUST01478,Customer 01478,New Zealand,Oceania,SMB,2025-06-27,Referral
CUST01479,Customer 01479,South Korea,Asia,Mid-Market,2025-05-20,Partner
CUST01480,Customer 01480,Japan,Asia,SMB,2024-01-08,Referral
CUST01481,Customer 01481,South Korea,Asia,Mid-Market,2025-08-21,Referral
CUST01482,Customer 01482,Spain,Europe,Mid-Market,2024-03-27,Organic
CUST01483,Customer 01483,Mexico,North America,Mid-Market,2025-06-23,Social
CUST01484,Customer 01484,Italy,Europe,SMB,2024-03-13,Paid Search
CUST01485,Customer 01485,Canada,North America,Enterprise,2024-02-17,Social
CUST01486,Customer 01486,Germany,Europe,Enterprise,2024-03-29,Partner
CUST01487,Customer 01487,New Zealand,Oceania,Mid-Market,2025-06-25,Paid Search
CUST01488,Customer 01488,Thailand,Asia,Enterprise,2024-11-27,Paid Search
CUST01489,Customer 01489,Chile,South America,SMB,2025-03-15,Referral
CUST01490,Customer 01490,South Korea,Asia,SMB,2024-07-24,Social
CUST01491,Customer 01491,Spain,Europe,SMB,2024-03-28,Referral
CUST01492,Customer 01492,Argentina,South America,SMB,2025-07-28,Partner
CUST01493,Customer 01493,United States,North America,SMB,2025-08-31,Social
CUST01494,Customer 01494,Canada,North America,Mid-Market,2025-09-05,Paid Search
CUST01495,Customer 01495,Japan,Asia,SMB,2024-02-17,Paid Search
CUST01496,Customer 01496,Mexico,North America,SMB,2025-11-07,Referral
CUST01497,Customer 01497,Chile,South America,Mid-Market,2025-01-31,Organic
CUST01498,Customer 01498,Canada,North America,Mid-Market,2024-05-23,Partner
CUST01499,Customer 01499,Japan,Asia,Enterprise,2024-05-25,Organic
CUST01500,Customer 01500,United States,North America,SMB,2025-01-02,Referral
CUST01501,Customer 01501,United States,North America,Mid-Market,2025-03-17,Paid Search
CUST01502,Customer 01502,Australia,Oceania,SMB,2024-02-05,Partner
CUST01503,Customer 01503,Japan,Asia,SMB,2024-12-28,Paid Search
CUST01504,Customer 01504,Japan,Asia,Mid-Market,2024-06-24,Referral
CUST01505,Customer 01505,Chile,South America,SMB,2025-11-01,Organic
CUST01506,Customer 01506,Mexico,North America,Mid-Market,2025-03-25,Partner
CUST01507,Customer 01507,Canada,North America,SMB,2024-09-28,Paid Search
CUST01508,Customer 01508,India,Asia,SMB,2024-11-04,Referral
CUST01509,Customer 01509,Spain,Europe,SMB,2025-09-04,Partner
CUST01510,Customer 01510,Canada,North America,SMB,2025-05-19,Paid Search
CUST01511,Customer 01511,United Kingdom,Europe,SMB,2024-10-10,Organic
CUST01512,Customer 01512,United Kingdom,Europe,SMB,2025-09-05,Organic
CUST01513,Customer 01513,Canada,North America,SMB,2025-03-30,Referral
CUST01514,Customer 01514,Mexico,North America,Mid-Market,2024-02-13,Organic
CUST01515,Customer 01515,Chile,South America,SMB,2025-04-05,Paid Search
CUST01516,Customer 01516,Singapore,Asia,Mid-Market,2025-11-17,Organic
CUST01517,Customer 01517,Italy,Europe,Mid-Market,2025-09-23,Paid Search
CUST01518,Customer 01518,New Zealand,Oceania,SMB,2024-01-31,Paid Search
CUST01519,Customer 01519,France,Europe,SMB,2025-10-06,Paid Search
CUST01520,Customer 01520,Spain,Europe,Mid-Market,2025-12-18,Referral
CUST01521,Customer 01521,South Korea,Asia,Enterprise,2024-04-28,Referral
CUST01522,Customer 01522,United States,North America,SMB,2025-04-11,Paid Search
CUST01523,Customer 01523,Chile,South America,Mid-Market,2025-07-05,Social
CUST01524,Customer 01524,Mexico,North America,SMB,2024-02-01,Paid Search
CUST01525,Customer 01525,Canada,North America,SMB,2025-08-28,Partner
CUST01526,Customer 01526,France,Europe,SMB,2024-10-14,Referral
CUST01527,Customer 01527,Thailand,Asia,SMB,2024-08-06,Paid Search
CUST01528,Customer 01528,Thailand,Asia,SMB,2024-07-07,Referral
CUST01529,Customer 01529,Germany,Europe,SMB,2025-01-04,Organic
CUST01530,Customer 01530,South Korea,Asia,SMB,2025-08-06,Social
CUST01531,Customer 01531,India,Asia,Mid-Market,2025-08-23,Referral
CUST01532,Customer 01532,France,Europe,SMB,2024-06-13,Organic
CUST01533,Customer 01533,Canada,North America,Mid-Market,2025-08-27,Paid Search
CUST01534,Customer 01534,United States,North America,Enterprise,2025-08-26,Referral
CUST01535,Customer 01535,United Kingdom,Europe,SMB,2024-02-14,Organic
CUST01536,Customer 01536,Singapore,Asia,SMB,2024-08-16,Organic
CUST01537,Customer 01537,Canada,North America,SMB,2024-01-11,Social
CUST01538,Customer 01538,Mexico,North America,Enterprise,2025-12-24,Paid Search
CUST01539,Customer 01539,Brazil,South America,SMB,2024-12-11,Organic
CUST01540,Customer 01540,South Korea,Asia,SMB,2024-07-16,Organic
CUST01541,Customer 01541,Brazil,South America,Enterprise,2025-10-15,Referral
CUST01542,Customer 01542,Germany,Europe,SMB,2025-05-15,Referral
CUST01543,Customer 01543,Singapore,Asia,SMB,2025-11-18,Referral
CUST01544,Customer 01544,France,Europe,Enterprise,2025-08-07,Social
CUST01545,Customer 01545,India,Asia,Enterprise,2025-11-29,Organic
CUST01546,Customer 01546,Singapore,Asia,SMB,2024-06-07,Organic
CUST01547,Customer 01547,Spain,Europe,SMB,2024-05-29,Organic
CUST01548,Customer 01548,Canada,North America,SMB,2024-02-25,Paid Search
CUST01549,Customer 01549,South Korea,Asia,SMB,2024-09-07,Organic
CUST01550,Customer 01550,India,Asia,SMB,2025-02-06,Paid Search
CUST01551,Customer 01551,Germany,Europe,SMB,2025-02-17,Partner
CUST01552,Customer 01552,Japan,Asia,Mid-Market,2025-05-09,Organic
CUST01553,Customer 01553,South Korea,Asia,Mid-Market,2025-06-19,Social
CUST01554,Customer 01554,Thailand,Asia,Enterprise,2025-08-20,Social
CUST01555,Customer 01555,Germany,Europe,Mid-Market,2025-01-15,Paid Search
CUST01556,Customer 01556,Canada,North America,SMB,2024-07-18,Partner
CUST01557,Customer 01557,Australia,Oceania,SMB,2024-11-17,Referral
CUST01558,Customer 01558,South Korea,Asia,SMB,2025-09-29,Paid Search
CUST01559,Customer 01559,United States,North America,SMB,2025-08-19,Referral
CUST01560,Customer 01560,Argentina,South America,SMB,2025-10-31,Organic
CUST01561,Customer 01561,New Zealand,Oceania,Mid-Market,2025-01-29,Paid Search
CUST01562,Customer 01562,Canada,North America,SMB,2025-07-23,Partner
CUST01563,Customer 01563,Chile,South America,SMB,2024-10-28,Referral
CUST01564,Customer 01564,New Zealand,Oceania,SMB,2024-01-06,Paid Search
CUST01565,Customer 01565,Canada,North America,Enterprise,2025-06-27,Referral
CUST01566,Customer 01566,Japan,Asia,Mid-Market,2024-03-04,Social
CUST01567,Customer 01567,Spain,Europe,SMB,2025-04-09,Organic
CUST01568,Customer 01568,France,Europe,SMB,2025-12-30,Paid Search
CUST01569,Customer 01569,Thailand,Asia,Enterprise,2024-01-19,Organic
CUST01570,Customer 01570,Thailand,Asia,SMB,2025-06-20,Social
CUST01571,Customer 01571,Singapore,Asia,Mid-Market,2025-09-26,Paid Search
CUST01572,Customer 01572,Mexico,North America,Mid-Market,2025-04-03,Organic
CUST01573,Customer 01573,Mexico,North America,Mid-Market,2025-05-19,Referral
CUST01574,Customer 01574,Chile,South America,SMB,2025-10-20,Paid Search
CUST01575,Customer 01575,Germany,Europe,Enterprise,2025-07-22,Organic
CUST01576,Customer 01576,Germany,Europe,SMB,2024-01-29,Partner
CUST01577,Customer 01577,United States,North America,SMB,2025-07-19,Referral
CUST01578,Customer 01578,Brazil,South America,SMB,2025-07-07,Organic
CUST01579,Customer 01579,New Zealand,Oceania,SMB,2024-06-15,Social
CUST01580,Customer 01580,Brazil,South America,SMB,2025-04-23,Organic
CUST01581,Customer 01581,Brazil,South America,Mid-Market,2025-09-07,Organic
CUST01582,Customer 01582,Thailand,Asia,Enterprise,2025-09-12,Paid Search
CUST01583,Customer 01583,Japan,Asia,SMB,2025-09-28,Organic
CUST01584,Customer 01584,Thailand,Asia,Mid-Market,2025-07-22,Referral
CUST01585,Customer 01585,Mexico,North America,Enterprise,2024-03-30,Paid Search
CUST01586,Customer 01586,New Zealand,Oceania,SMB,2024-12-20,Organic
CUST01587,Customer 01587,Thailand,Asia,Mid-Market,2024-06-19,Social
CUST01588,Customer 01588,Mexico,North America,Enterprise,2024-02-21,Paid Search
CUST01589,Customer 01589,India,Asia,Mid-Market,2024-07-11,Paid Search
CUST01590,Customer 01590,Germany,Europe,SMB,2025-10-26,Organic
CUST01591,Customer 01591,France,Europe,Enterprise,2025-03-13,Partner
CUST01592,Customer 01592,United Kingdom,Europe,Mid-Market,2025-07-12,Organic
CUST01593,Customer 01593,New Zealand,Oceania,SMB,2025-01-02,Organic
CUST01594,Customer 01594,India,Asia,SMB,2024-09-17,Partner
CUST01595,Customer 01595,Brazil,South America,SMB,2024-12-18,Organic
CUST01596,Customer 01596,United States,North America,SMB,2025-12-20,Partner
CUST01597,Customer 01597,France,Europe,SMB,2024-07-28,Referral
CUST01598,Customer 01598,Spain,Europe,SMB,2024-08-15,Partner
CUST01599,Customer 01599,Argentina,South America,Mid-Market,2025-09-11,Organic
CUST01600,Customer 01600,Thailand,Asia,Mid-Market,2024-09-27,Social
CUST01601,Customer 01601,Australia,Oceania,SMB,2025-10-22,Organic
CUST01602,Customer 01602,Germany,Europe,SMB,2025-12-13,Organic
CUST01603,Customer 01603,Mexico,North America,SMB,2024-02-18,Partner
CUST01604,Customer 01604,Brazil,South America,SMB,2025-05-03,Organic
CUST01605,Customer 01605,Germany,Europe,Mid-Market,2024-03-09,Paid Search
CUST01606,Customer 01606,Singapore,Asia,SMB,2025-10-04,Referral
CUST01607,Customer 01607,Australia,Oceania,Enterprise,2024-03-25,Organic
CUST01608,Customer 01608,India,Asia,SMB,2025-10-10,Organic
CUST01609,Customer 01609,Singapore,Asia,SMB,2025-07-16,Paid Search
CUST01610,Customer 01610,Singapore,Asia,Enterprise,2025-01-27,Paid Search
CUST01611,Customer 01611,Singapore,Asia,SMB,2024-05-31,Referral
CUST01612,Customer 01612,Canada,North America,SMB,2024-07-14,Referral
CUST01613,Customer 01613,United States,North America,SMB,2024-11-11,Paid Search
CUST01614,Customer 01614,Japan,Asia,Mid-Market,2025-09-11,Paid Search
CUST01615,Customer 01615,Argentina,South America,SMB,2025-10-18,Organic
CUST01616,Customer 01616,France,Europe,Mid-Market,2025-01-01,Paid Search
CUST01617,Customer 01617,United Kingdom,Europe,Mid-Market,2024-06-19,Organic
CUST01618,Customer 01618,United States,North America,Enterprise,2025-02-16,Referral
CUST01619,Customer 01619,New Zealand,Oceania,Mid-Market,2025-08-30,Organic
CUST01620,Customer 01620,Spain,Europe,Mid-Market,2025-01-30,Referral
CUST01621,Customer 01621,Italy,Europe,Mid-Market,2025-10-12,Organic
CUST01622,Customer 01622,Canada,North America,SMB,2024-01-08,Organic
CUST01623,Customer 01623,Argentina,South America,Mid-Market,2025-01-01,Organic
CUST01624,Customer 01624,United Kingdom,Europe,Mid-Market,2024-02-03,Paid Search
CUST01625,Customer 01625,South Korea,Asia,SMB,2025-03-23,Referral
CUST01626,Customer 01626,United States,North America,Mid-Market,2025-03-26,Referral
CUST01627,Customer 01627,India,Asia,SMB,2024-08-16,Social
CUST01628,Customer 01628,Italy,Europe,SMB,2025-08-03,Paid Search
CUST01629,Customer 01629,Italy,Europe,SMB,2025-11-26,Organic
CUST01630,Customer 01630,India,Asia,SMB,2024-11-30,Partner
CUST01631,Customer 01631,South Korea,Asia,SMB,2024-11-13,Referral
CUST01632,Customer 01632,Brazil,South America,SMB,2024-05-19,Organic
CUST01633,Customer 01633,Canada,North America,SMB,2024-01-21,Organic
CUST01634,Customer 01634,Mexico,North America,SMB,2024-10-24,Paid Search
CUST01635,Customer 01635,Australia,Oceania,Mid-Market,2024-11-18,Paid Search
CUST01636,Customer 01636,South Korea,Asia,SMB,2025-07-15,Referral
CUST01637,Customer 01637,India,Asia,Enterprise,2025-09-22,Organic
CUST01638,Customer 01638,Australia,Oceania,Mid-Market,2024-03-20,Social
CUST01639,Customer 01639,Italy,Europe,SMB,2024-04-21,Paid Search
CUST01640,Customer 01640,Canada,North America,SMB,2025-02-13,Partner
CUST01641,Customer 01641,Mexico,North America,SMB,2024-10-01,Organic
CUST01642,Customer 01642,Spain,Europe,SMB,2025-05-28,Referral
CUST01643,Customer 01643,Thailand,Asia,SMB,2024-08-23,Partner
CUST01644,Customer 01644,Germany,Europe,Mid-Market,2024-10-30,Organic
CUST01645,Customer 01645,Germany,Europe,Mid-Market,2024-11-20,Paid Search
CUST01646,Customer 01646,India,Asia,SMB,2025-03-15,Organic
CUST01647,Customer 01647,Singapore,Asia,Mid-Market,2024-02-20,Paid Search
CUST01648,Customer 01648,Canada,North America,SMB,2025-10-07,Partner
CUST01649,Customer 01649,New Zealand,Oceania,Mid-Market,2024-09-04,Referral
CUST01650,Customer 01650,Brazil,South America,Enterprise,2024-06-04,Partner
CUST01651,Customer 01651,India,Asia,SMB,2025-04-13,Organic
CUST01652,Customer 01652,South Korea,Asia,Mid-Market,2024-04-08,Partner
CUST01653,Customer 01653,South Korea,Asia,Mid-Market,2025-03-07,Referral
CUST01654,Customer 01654,Italy,Europe,SMB,2024-02-14,Organic
CUST01655,Customer 01655,Australia,Oceania,SMB,2024-07-11,Partner
CUST01656,Customer 01656,Singapore,Asia,Mid-Market,2025-06-14,Organic
CUST01657,Customer 01657,Spain,Europe,SMB,2024-09-28,Organic
CUST01658,Customer 01658,Argentina,South America,SMB,2025-10-20,Partner
CUST01659,Customer 01659,Thailand,Asia,Mid-Market,2024-09-17,Organic
CUST01660,Customer 01660,United Kingdom,Europe,SMB,2025-05-19,Organic
CUST01661,Customer 01661,Germany,Europe,SMB,2024-01-22,Organic
CUST01662,Customer 01662,Mexico,North America,Enterprise,2025-12-14,Partner
CUST01663,Customer 01663,Canada,North America,SMB,2025-03-26,Organic
CUST01664,Customer 01664,Germany,Europe,SMB,2025-06-01,Paid Search
CUST01665,Customer 01665,Australia,Oceania,Mid-Market,2024-08-25,Organic
CUST01666,Customer 01666,Brazil,South America,SMB,2024-07-29,Paid Search
CUST01667,Customer 01667,Brazil,South America,Mid-Market,2024-11-15,Organic
CUST01668,Customer 01668,Italy,Europe,Mid-Market,2024-07-05,Partner
CUST01669,Customer 01669,Italy,Europe,SMB,2024-01-16,Partner
CUST01670,Customer 01670,Brazil,South America,SMB,2025-05-02,Partner
CUST01671,Customer 01671,India,Asia,Enterprise,2025-06-07,Referral
CUST01672,Customer 01672,United States,North America,Enterprise,2025-05-09,Paid Search
CUST01673,Customer 01673,Mexico,North America,SMB,2025-02-08,Organic
CUST01674,Customer 01674,France,Europe,SMB,2025-01-17,Paid Search
CUST01675,Customer 01675,United States,North America,SMB,2025-12-21,Paid Search
CUST01676,Customer 01676,New Zealand,Oceania,Enterprise,2025-01-20,Referral
CUST01677,Customer 01677,Mexico,North America,Mid-Market,2025-05-30,Organic
CUST01678,Customer 01678,India,Asia,SMB,2024-10-31,Referral
CUST01679,Customer 01679,Chile,South America,Enterprise,2024-01-25,Organic
CUST01680,Customer 01680,Mexico,North America,SMB,2024-09-12,Paid Search
CUST01681,Customer 01681,United States,North America,SMB,2025-06-11,Social
CUST01682,Customer 01682,Chile,South America,Mid-Market,2025-04-08,Organic
CUST01683,Customer 01683,Canada,North America,SMB,2025-05-22,Organic
CUST01684,Customer 01684,South Korea,Asia,Mid-Market,2025-06-30,Organic
CUST01685,Customer 01685,Germany,Europe,SMB,2024-06-08,Paid Search
CUST01686,Customer 01686,France,Europe,Mid-Market,2025-08-17,Paid Search
CUST01687,Customer 01687,Mexico,North America,Enterprise,2025-06-06,Social
CUST01688,Customer 01688,Mexico,North America,SMB,2024-08-13,Partner
CUST01689,Customer 01689,United States,North America,SMB,2025-01-03,Referral
CUST01690,Customer 01690,Japan,Asia,Mid-Market,2025-09-19,Referral
CUST01691,Customer 01691,Canada,North America,SMB,2024-05-02,Organic
CUST01692,Customer 01692,New Zealand,Oceania,Mid-Market,2024-08-09,Social
CUST01693,Customer 01693,Italy,Europe,Mid-Market,2024-05-20,Paid Search
CUST01694,Customer 01694,Mexico,North America,SMB,2024-08-10,Organic
CUST01695,Customer 01695,Canada,North America,Enterprise,2024-05-29,Social
CUST01696,Customer 01696,United States,North America,SMB,2025-08-12,Paid Search
CUST01697,Customer 01697,Italy,Europe,SMB,2025-12-25,Organic
CUST01698,Customer 01698,Mexico,North America,SMB,2025-12-09,Referral
CUST01699,Customer 01699,Australia,Oceania,Mid-Market,2024-09-18,Organic
CUST01700,Customer 01700,Canada,North America,Enterprise,2025-11-12,Organic
CUST01701,Customer 01701,Australia,Oceania,SMB,2024-02-29,Organic
CUST01702,Customer 01702,Australia,Oceania,SMB,2024-03-22,Referral
CUST01703,Customer 01703,Japan,Asia,SMB,2024-08-25,Organic
CUST01704,Customer 01704,Canada,North America,Mid-Market,2024-07-29,Organic
CUST01705,Customer 01705,India,Asia,SMB,2025-11-01,Paid Search
CUST01706,Customer 01706,New Zealand,Oceania,SMB,2025-07-09,Organic
CUST01707,Customer 01707,France,Europe,SMB,2025-07-04,Paid Search
CUST01708,Customer 01708,South Korea,Asia,SMB,2025-08-12,Paid Search
CUST01709,Customer 01709,Argentina,South America,Mid-Market,2025-06-14,Organic
CUST01710,Customer 01710,Thailand,Asia,SMB,2025-01-03,Organic
CUST01711,Customer 01711,United States,North America,SMB,2024-02-12,Organic
CUST01712,Customer 01712,Japan,Asia,SMB,2024-01-12,Paid Search
CUST01713,Customer 01713,Australia,Oceania,SMB,2025-12-14,Partner
CUST01714,Customer 01714,Argentina,South America,SMB,2025-01-01,Organic
CUST01715,Customer 01715,India,Asia,SMB,2025-11-27,Organic
CUST01716,Customer 01716,Mexico,North America,SMB,2024-01-23,Organic
CUST01717,Customer 01717,Thailand,Asia,SMB,2025-04-09,Referral
CUST01718,Customer 01718,Mexico,North America,SMB,2024-07-24,Paid Search
CUST01719,Customer 01719,United States,North America,Mid-Market,2024-09-23,Referral
CUST01720,Customer 01720,Argentina,South America,SMB,2025-04-25,Referral
CUST01721,Customer 01721,United Kingdom,Europe,SMB,2024-12-28,Organic
CUST01722,Customer 01722,France,Europe,Mid-Market,2024-04-08,Paid Search
CUST01723,Customer 01723,Canada,North America,SMB,2025-12-31,Social
CUST01724,Customer 01724,Mexico,North America,SMB,2025-06-04,Organic
CUST01725,Customer 01725,Thailand,Asia,Mid-Market,2024-09-20,Paid Search
CUST01726,Customer 01726,France,Europe,SMB,2025-03-30,Paid Search
CUST01727,Customer 01727,Japan,Asia,Enterprise,2024-04-20,Organic
CUST01728,Customer 01728,Brazil,South America,SMB,2024-11-10,Partner
CUST01729,Customer 01729,United Kingdom,Europe,Enterprise,2024-11-06,Organic
CUST01730,Customer 01730,Singapore,Asia,Mid-Market,2024-09-29,Organic
CUST01731,Customer 01731,New Zealand,Oceania,SMB,2024-12-19,Referral
CUST01732,Customer 01732,France,Europe,SMB,2025-10-30,Social
CUST01733,Customer 01733,United States,North America,Mid-Market,2024-01-06,Organic
CUST01734,Customer 01734,India,Asia,SMB,2025-02-08,Referral
CUST01735,Customer 01735,Brazil,South America,SMB,2025-11-18,Organic
CUST01736,Customer 01736,United States,North America,Enterprise,2025-10-11,Referral
CUST01737,Customer 01737,Brazil,South America,Mid-Market,2025-10-18,Paid Search
CUST01738,Customer 01738,Italy,Europe,Enterprise,2024-10-28,Paid Search
CUST01739,Customer 01739,Mexico,North America,Mid-Market,2025-02-18,Social
CUST01740,Customer 01740,Mexico,North America,Mid-Market,2025-03-10,Referral
CUST01741,Customer 01741,United Kingdom,Europe,Mid-Market,2025-09-04,Organic
CUST01742,Customer 01742,United Kingdom,Europe,Mid-Market,2025-11-28,Social
CUST01743,Customer 01743,Spain,Europe,Enterprise,2024-07-05,Organic
CUST01744,Customer 01744,Australia,Oceania,Mid-Market,2024-03-31,Referral
CUST01745,Customer 01745,Canada,North America,SMB,2024-07-12,Referral
CUST01746,Customer 01746,Mexico,North America,Mid-Market,2024-07-11,Partner
CUST01747,Customer 01747,Canada,North America,SMB,2024-08-07,Paid Search
CUST01748,Customer 01748,United States,North America,Enterprise,2025-11-01,Referral
CUST01749,Customer 01749,South Korea,Asia,Mid-Market,2024-06-06,Referral
CUST01750,Customer 01750,Thailand,Asia,Mid-Market,2024-11-04,Paid Search
CUST01751,Customer 01751,United States,North America,SMB,2024-09-18,Social
CUST01752,Customer 01752,United Kingdom,Europe,SMB,2024-07-17,Organic
CUST01753,Customer 01753,Brazil,South America,SMB,2024-05-23,Organic
CUST01754,Customer 01754,Brazil,South America,Mid-Market,2025-12-30,Referral
CUST01755,Customer 01755,South Korea,Asia,Mid-Market,2025-04-02,Organic
CUST01756,Customer 01756,Canada,North America,SMB,2024-03-15,Partner
CUST01757,Customer 01757,Germany,Europe,SMB,2025-04-23,Paid Search
CUST01758,Customer 01758,Australia,Oceania,SMB,2025-03-23,Paid Search
CUST01759,Customer 01759,Australia,Oceania,SMB,2024-09-19,Referral
CUST01760,Customer 01760,New Zealand,Oceania,Enterprise,2025-07-30,Partner
CUST01761,Customer 01761,Thailand,Asia,Enterprise,2025-08-09,Referral
CUST01762,Customer 01762,Germany,Europe,Mid-Market,2025-07-29,Organic
CUST01763,Customer 01763,France,Europe,SMB,2025-04-12,Paid Search
CUST01764,Customer 01764,Spain,Europe,SMB,2024-11-18,Partner
CUST01765,Customer 01765,Spain,Europe,Enterprise,2024-05-31,Social
CUST01766,Customer 01766,Italy,Europe,Enterprise,2024-02-02,Referral
CUST01767,Customer 01767,New Zealand,Oceania,SMB,2025-11-02,Referral
CUST01768,Customer 01768,Spain,Europe,Mid-Market,2025-09-06,Paid Search
CUST01769,Customer 01769,France,Europe,SMB,2024-05-27,Paid Search
CUST01770,Customer 01770,Chile,South America,SMB,2025-08-09,Paid Search
CUST01771,Customer 01771,Mexico,North America,Enterprise,2024-02-04,Organic
CUST01772,Customer 01772,United States,North America,Enterprise,2024-06-22,Organic
CUST01773,Customer 01773,United States,North America,Enterprise,2024-04-19,Referral
CUST01774,Customer 01774,Argentina,South America,SMB,2024-09-05,Paid Search
CUST01775,Customer 01775,Mexico,North America,SMB,2024-08-21,Organic
CUST01776,Customer 01776,Mexico,North America,Enterprise,2025-01-09,Partner
CUST01777,Customer 01777,United States,North America,Mid-Market,2024-12-01,Organic
CUST01778,Customer 01778,Japan,Asia,SMB,2024-03-24,Referral
CUST01779,Customer 01779,South Korea,Asia,SMB,2024-04-19,Partner
CUST01780,Customer 01780,India,Asia,SMB,2025-08-22,Partner
CUST01781,Customer 01781,Italy,Europe,Mid-Market,2025-02-04,Partner
CUST01782,Customer 01782,United States,North America,Enterprise,2025-11-05,Partner
CUST01783,Customer 01783,India,Asia,SMB,2024-04-05,Paid Search
CUST01784,Customer 01784,France,Europe,SMB,2024-08-13,Referral
CUST01785,Customer 01785,Italy,Europe,SMB,2024-04-25,Partner
CUST01786,Customer 01786,Chile,South America,Mid-Market,2025-11-06,Paid Search
CUST01787,Customer 01787,India,Asia,SMB,2024-04-26,Referral
CUST01788,Customer 01788,Canada,North America,SMB,2025-08-08,Organic
CUST01789,Customer 01789,Brazil,South America,Mid-Market,2024-05-20,Referral
CUST01790,Customer 01790,Italy,Europe,SMB,2025-06-16,Organic
CUST01791,Customer 01791,Mexico,North America,Mid-Market,2024-11-28,Referral
CUST01792,Customer 01792,Thailand,Asia,Mid-Market,2025-12-09,Paid Search
CUST01793,Customer 01793,France,Europe,SMB,2024-02-21,Organic
CUST01794,Customer 01794,United States,North America,Mid-Market,2024-08-25,Paid Search
CUST01795,Customer 01795,Australia,Oceania,Mid-Market,2025-06-12,Referral
CUST01796,Customer 01796,South Korea,Asia,Mid-Market,2025-10-31,Social
CUST01797,Customer 01797,Canada,North America,Mid-Market,2025-01-29,Organic
CUST01798,Customer 01798,India,Asia,SMB,2024-03-12,Organic
CUST01799,Customer 01799,Mexico,North America,SMB,2025-04-05,Referral
CUST01800,Customer 01800,United States,North America,SMB,2024-12-15,Referral
CUST01801,Customer 01801,Mexico,North America,SMB,2025-07-20,Paid Search
CUST01802,Customer 01802,United States,North America,SMB,2025-02-07,Referral
CUST01803,Customer 01803,United Kingdom,Europe,SMB,2025-10-18,Partner
CUST01804,Customer 01804,United States,North America,Mid-Market,2024-03-30,Organic
CUST01805,Customer 01805,Mexico,North America,SMB,2025-04-01,Paid Search
CUST01806,Customer 01806,Canada,North America,Enterprise,2025-06-23,Organic
CUST01807,Customer 01807,France,Europe,Mid-Market,2024-10-23,Social
CUST01808,Customer 01808,Singapore,Asia,SMB,2024-12-13,Partner
CUST01809,Customer 01809,Thailand,Asia,Mid-Market,2025-05-23,Paid Search
CUST01810,Customer 01810,France,Europe,SMB,2024-11-29,Social
CUST01811,Customer 01811,France,Europe,Enterprise,2024-10-13,Organic
CUST01812,Customer 01812,India,Asia,Enterprise,2025-03-01,Referral
CUST01813,Customer 01813,Mexico,North America,Mid-Market,2025-08-10,Partner
CUST01814,Customer 01814,Italy,Europe,Mid-Market,2024-04-08,Partner
CUST01815,Customer 01815,Argentina,South America,Enterprise,2025-09-30,Referral
CUST01816,Customer 01816,United States,North America,Mid-Market,2024-05-26,Organic
CUST01817,Customer 01817,Mexico,North America,Enterprise,2024-03-12,Organic
CUST01818,Customer 01818,Thailand,Asia,SMB,2024-05-12,Organic
CUST01819,Customer 01819,Thailand,Asia,Enterprise,2024-02-26,Partner
CUST01820,Customer 01820,Mexico,North America,Mid-Market,2025-11-26,Paid Search
CUST01821,Customer 01821,Australia,Oceania,SMB,2024-08-01,Paid Search
CUST01822,Customer 01822,South Korea,Asia,Enterprise,2025-07-19,Organic
CUST01823,Customer 01823,Canada,North America,Mid-Market,2024-05-13,Paid Search
CUST01824,Customer 01824,Canada,North America,Enterprise,2025-01-21,Paid Search
CUST01825,Customer 01825,United States,North America,SMB,2024-11-07,Paid Search
CUST01826,Customer 01826,Italy,Europe,Mid-Market,2025-04-27,Paid Search
CUST01827,Customer 01827,Mexico,North America,Mid-Market,2025-12-23,Organic
CUST01828,Customer 01828,South Korea,Asia,SMB,2025-04-20,Organic
CUST01829,Customer 01829,New Zealand,Oceania,Mid-Market,2025-05-28,Social
CUST01830,Customer 01830,Thailand,Asia,Mid-Market,2024-07-10,Referral
CUST01831,Customer 01831,India,Asia,SMB,2024-03-30,Referral
CUST01832,Customer 01832,New Zealand,Oceania,Mid-Market,2024-03-04,Social
CUST01833,Customer 01833,Thailand,Asia,SMB,2024-08-07,Referral
CUST01834,Customer 01834,United Kingdom,Europe,Mid-Market,2025-02-09,Referral
CUST01835,Customer 01835,Italy,Europe,Enterprise,2024-02-14,Paid Search
CUST01836,Customer 01836,Italy,Europe,SMB,2024-07-11,Organic
CUST01837,Customer 01837,Italy,Europe,SMB,2025-04-06,Paid Search
CUST01838,Customer 01838,Thailand,Asia,SMB,2025-09-30,Partner
CUST01839,Customer 01839,United States,North America,SMB,2025-12-24,Paid Search
CUST01840,Customer 01840,United States,North America,Enterprise,2024-06-21,Organic
CUST01841,Customer 01841,France,Europe,SMB,2024-03-15,Partner
CUST01842,Customer 01842,Canada,North America,SMB,2025-02-22,Organic
CUST01843,Customer 01843,Spain,Europe,SMB,2025-11-16,Referral
CUST01844,Customer 01844,New Zealand,Oceania,Mid-Market,2024-11-03,Referral
CUST01845,Customer 01845,Germany,Europe,Mid-Market,2025-10-22,Paid Search
CUST01846,Customer 01846,Mexico,North America,SMB,2025-06-27,Organic
CUST01847,Customer 01847,Singapore,Asia,SMB,2025-10-18,Paid Search
CUST01848,Customer 01848,Canada,North America,SMB,2025-11-25,Partner
CUST01849,Customer 01849,South Korea,Asia,SMB,2024-03-19,Partner
CUST01850,Customer 01850,United States,North America,SMB,2024-10-27,Partner
CUST01851,Customer 01851,Italy,Europe,Mid-Market,2024-02-06,Organic
CUST01852,Customer 01852,Australia,Oceania,SMB,2024-02-02,Organic
CUST01853,Customer 01853,Canada,North America,SMB,2024-12-13,Referral
CUST01854,Customer 01854,Canada,North America,Mid-Market,2025-04-28,Referral
CUST01855,Customer 01855,Argentina,South America,Mid-Market,2025-10-09,Organic
CUST01856,Customer 01856,New Zealand,Oceania,SMB,2024-04-04,Organic
CUST01857,Customer 01857,France,Europe,SMB,2024-01-25,Organic
CUST01858,Customer 01858,Thailand,Asia,Mid-Market,2024-03-17,Paid Search
CUST01859,Customer 01859,Thailand,Asia,SMB,2025-11-08,Referral
CUST01860,Customer 01860,Japan,Asia,Mid-Market,2025-04-28,Social
CUST01861,Customer 01861,United States,North America,Mid-Market,2024-12-17,Organic
CUST01862,Customer 01862,Australia,Oceania,Enterprise,2024-03-16,Paid Search
CUST01863,Customer 01863,New Zealand,Oceania,SMB,2024-09-28,Paid Search
CUST01864,Customer 01864,Mexico,North America,SMB,2024-04-04,Paid Search
CUST01865,Customer 01865,Canada,North America,Enterprise,2024-01-22,Organic
CUST01866,Customer 01866,Chile,South America,SMB,2024-11-16,Organic
CUST01867,Customer 01867,Australia,Oceania,SMB,2025-01-02,Organic
CUST01868,Customer 01868,United Kingdom,Europe,Mid-Market,2024-11-26,Referral
CUST01869,Customer 01869,Mexico,North America,SMB,2025-09-29,Referral
CUST01870,Customer 01870,Argentina,South America,Mid-Market,2025-10-29,Referral
CUST01871,Customer 01871,Thailand,Asia,Enterprise,2024-03-29,Paid Search
CUST01872,Customer 01872,India,Asia,Mid-Market,2024-07-20,Paid Search
CUST01873,Customer 01873,New Zealand,Oceania,SMB,2025-01-01,Organic
CUST01874,Customer 01874,New Zealand,Oceania,Enterprise,2024-10-20,Organic
CUST01875,Customer 01875,New Zealand,Oceania,Mid-Market,2024-11-14,Organic
CUST01876,Customer 01876,Canada,North America,SMB,2025-06-01,Organic
CUST01877,Customer 01877,Thailand,Asia,Mid-Market,2024-05-11,Social
CUST01878,Customer 01878,Japan,Asia,SMB,2025-08-27,Social
CUST01879,Customer 01879,United States,North America,SMB,2024-07-12,Partner
CUST01880,Customer 01880,Mexico,North America,Mid-Market,2024-09-12,Referral
CUST01881,Customer 01881,United States,North America,SMB,2024-06-11,Referral
CUST01882,Customer 01882,Canada,North America,SMB,2025-04-06,Referral
CUST01883,Customer 01883,Japan,Asia,Mid-Market,2025-05-23,Referral
CUST01884,Customer 01884,Mexico,North America,SMB,2025-04-01,Organic
CUST01885,Customer 01885,Thailand,Asia,SMB,2024-12-26,Social
CUST01886,Customer 01886,Singapore,Asia,SMB,2024-08-09,Partner
CUST01887,Customer 01887,United Kingdom,Europe,Mid-Market,2025-05-17,Organic
CUST01888,Customer 01888,United Kingdom,Europe,Enterprise,2024-03-27,Paid Search
CUST01889,Customer 01889,Argentina,South America,SMB,2024-08-16,Partner
CUST01890,Customer 01890,Thailand,Asia,Mid-Market,2025-05-13,Social
CUST01891,Customer 01891,France,Europe,SMB,2025-05-21,Paid Search
CUST01892,Customer 01892,Mexico,North America,SMB,2024-07-14,Paid Search
CUST01893,Customer 01893,Canada,North America,SMB,2024-09-06,Paid Search
CUST01894,Customer 01894,Spain,Europe,SMB,2024-08-20,Paid Search
CUST01895,Customer 01895,South Korea,Asia,SMB,2025-10-10,Organic
CUST01896,Customer 01896,Spain,Europe,Mid-Market,2025-02-22,Organic
CUST01897,Customer 01897,Canada,North America,Mid-Market,2024-03-27,Paid Search
CUST01898,Customer 01898,Singapore,Asia,Enterprise,2024-04-27,Paid Search
CUST01899,Customer 01899,France,Europe,Enterprise,2024-02-20,Partner
CUST01900,Customer 01900,France,Europe,SMB,2024-06-25,Paid Search
CUST01901,Customer 01901,United States,North America,SMB,2024-06-11,Paid Search
CUST01902,Customer 01902,France,Europe,SMB,2024-11-22,Paid Search
CUST01903,Customer 01903,Chile,South America,SMB,2025-06-30,Partner
CUST01904,Customer 01904,Spain,Europe,Enterprise,2025-10-04,Paid Search
CUST01905,Customer 01905,Mexico,North America,SMB,2025-02-12,Referral
CUST01906,Customer 01906,Japan,Asia,SMB,2025-07-18,Organic
CUST01907,Customer 01907,Singapore,Asia,SMB,2025-04-23,Organic
CUST01908,Customer 01908,Italy,Europe,Enterprise,2024-08-20,Social
CUST01909,Customer 01909,Brazil,South America,SMB,2025-03-23,Organic
CUST01910,Customer 01910,Chile,South America,Mid-Market,2024-08-08,Paid Search
CUST01911,Customer 01911,Spain,Europe,SMB,2024-08-13,Organic
CUST01912,Customer 01912,Spain,Europe,SMB,2025-12-22,Paid Search
CUST01913,Customer 01913,Australia,Oceania,SMB,2025-10-27,Referral
CUST01914,Customer 01914,Mexico,North America,Mid-Market,2025-04-22,Referral
CUST01915,Customer 01915,Italy,Europe,Mid-Market,2025-03-09,Partner
CUST01916,Customer 01916,United Kingdom,Europe,SMB,2025-05-16,Organic
CUST01917,Customer 01917,United States,North America,SMB,2025-07-04,Paid Search
CUST01918,Customer 01918,Canada,North America,SMB,2024-02-10,Social
CUST01919,Customer 01919,Canada,North America,SMB,2024-09-19,Paid Search
CUST01920,Customer 01920,New Zealand,Oceania,SMB,2024-03-17,Partner
CUST01921,Customer 01921,Japan,Asia,SMB,2025-01-21,Referral
CUST01922,Customer 01922,Japan,Asia,Mid-Market,2024-08-03,Organic
CUST01923,Customer 01923,Thailand,Asia,Mid-Market,2024-08-29,Social
CUST01924,Customer 01924,India,Asia,Mid-Market,2025-09-07,Paid Search
CUST01925,Customer 01925,Spain,Europe,Mid-Market,2024-05-29,Referral
CUST01926,Customer 01926,Spain,Europe,Enterprise,2025-10-27,Organic
CUST01927,Customer 01927,Japan,Asia,Enterprise,2024-11-03,Referral
CUST01928,Customer 01928,Mexico,North America,SMB,2024-05-19,Paid Search
CUST01929,Customer 01929,Italy,Europe,SMB,2024-04-14,Organic
CUST01930,Customer 01930,Singapore,Asia,SMB,2025-06-06,Social
CUST01931,Customer 01931,Mexico,North America,Enterprise,2025-10-21,Organic
CUST01932,Customer 01932,United States,North America,SMB,2025-09-30,Paid Search
CUST01933,Customer 01933,Canada,North America,SMB,2024-05-04,Organic
CUST01934,Customer 01934,Argentina,South America,SMB,2025-10-04,Referral
CUST01935,Customer 01935,Canada,North America,Mid-Market,2024-06-13,Paid Search
CUST01936,Customer 01936,Spain,Europe,Mid-Market,2024-12-01,Referral
CUST01937,Customer 01937,Thailand,Asia,Mid-Market,2024-01-05,Referral
CUST01938,Customer 01938,Canada,North America,Mid-Market,2024-07-08,Partner
CUST01939,Customer 01939,United Kingdom,Europe,Enterprise,2024-08-21,Social
CUST01940,Customer 01940,United Kingdom,Europe,SMB,2025-11-30,Partner
CUST01941,Customer 01941,Germany,Europe,Enterprise,2024-07-22,Paid Search
CUST01942,Customer 01942,Singapore,Asia,Mid-Market,2024-07-21,Referral
CUST01943,Customer 01943,Japan,Asia,SMB,2024-07-18,Organic
CUST01944,Customer 01944,Spain,Europe,Enterprise,2024-07-03,Organic
CUST01945,Customer 01945,Chile,South America,Enterprise,2025-01-29,Paid Search
CUST01946,Customer 01946,New Zealand,Oceania,Mid-Market,2024-05-30,Paid Search
CUST01947,Customer 01947,Spain,Europe,Enterprise,2024-07-31,Paid Search
CUST01948,Customer 01948,Australia,Oceania,SMB,2025-01-24,Paid Search
CUST01949,Customer 01949,United Kingdom,Europe,SMB,2025-07-06,Referral
CUST01950,Customer 01950,New Zealand,Oceania,SMB,2024-03-19,Social
CUST01951,Customer 01951,Australia,Oceania,Enterprise,2024-09-11,Organic
CUST01952,Customer 01952,France,Europe,Mid-Market,2025-02-21,Paid Search
CUST01953,Customer 01953,Mexico,North America,Enterprise,2025-11-01,Organic
CUST01954,Customer 01954,Australia,Oceania,Mid-Market,2025-11-20,Organic
CUST01955,Customer 01955,New Zealand,Oceania,Mid-Market,2025-09-29,Social
CUST01956,Customer 01956,Australia,Oceania,SMB,2025-01-04,Organic
CUST01957,Customer 01957,Canada,North America,SMB,2024-03-12,Organic
CUST01958,Customer 01958,United Kingdom,Europe,SMB,2025-12-06,Paid Search
CUST01959,Customer 01959,Chile,South America,Mid-Market,2025-03-30,Organic
CUST01960,Customer 01960,Canada,North America,SMB,2025-10-24,Paid Search
CUST01961,Customer 01961,United States,North America,Enterprise,2025-11-04,Social
CUST01962,Customer 01962,Japan,Asia,Mid-Market,2025-08-02,Referral
CUST01963,Customer 01963,Mexico,North America,SMB,2024-11-03,Paid Search
CUST01964,Customer 01964,France,Europe,Enterprise,2025-03-20,Referral
CUST01965,Customer 01965,Canada,North America,Mid-Market,2025-05-20,Partner
CUST01966,Customer 01966,Germany,Europe,Mid-Market,2025-10-05,Organic
CUST01967,Customer 01967,Mexico,North America,SMB,2024-06-14,Referral
CUST01968,Customer 01968,Brazil,South America,SMB,2025-02-09,Referral
CUST01969,Customer 01969,Japan,Asia,SMB,2025-03-11,Referral
CUST01970,Customer 01970,Mexico,North America,SMB,2024-05-31,Organic
CUST01971,Customer 01971,Thailand,Asia,Mid-Market,2024-10-20,Referral
CUST01972,Customer 01972,Australia,Oceania,Enterprise,2025-11-07,Partner
CUST01973,Customer 01973,United States,North America,Enterprise,2024-01-12,Referral
CUST01974,Customer 01974,India,Asia,SMB,2025-01-02,Organic
CUST01975,Customer 01975,United Kingdom,Europe,Enterprise,2025-03-21,Organic
CUST01976,Customer 01976,Spain,Europe,SMB,2025-10-25,Referral
CUST01977,Customer 01977,Japan,Asia,SMB,2024-07-26,Referral
CUST01978,Customer 01978,Australia,Oceania,Mid-Market,2024-10-14,Social
CUST01979,Customer 01979,Canada,North America,Enterprise,2024-02-28,Paid Search
CUST01980,Customer 01980,Spain,Europe,Enterprise,2024-09-02,Organic
CUST01981,Customer 01981,Argentina,South America,Mid-Market,2025-12-30,Partner
CUST01982,Customer 01982,South Korea,Asia,SMB,2025-07-13,Referral
CUST01983,Customer 01983,Chile,South America,SMB,2024-11-09,Paid Search
CUST01984,Customer 01984,Italy,Europe,SMB,2025-04-08,Referral
CUST01985,Customer 01985,Canada,North America,Mid-Market,2025-12-06,Paid Search
CUST01986,Customer 01986,New Zealand,Oceania,SMB,2024-11-17,Organic
CUST01987,Customer 01987,Singapore,Asia,SMB,2024-08-03,Organic
CUST01988,Customer 01988,United States,North America,SMB,2025-10-04,Organic
CUST01989,Customer 01989,Australia,Oceania,Mid-Market,2025-09-13,Referral
CUST01990,Customer 01990,Spain,Europe,Mid-Market,2025-01-12,Organic
CUST01991,Customer 01991,Germany,Europe,SMB,2024-01-09,Partner
CUST01992,Customer 01992,Mexico,North America,SMB,2024-01-10,Organic
CUST01993,Customer 01993,Singapore,Asia,Mid-Market,2024-03-26,Referral
CUST01994,Customer 01994,France,Europe,Mid-Market,2025-05-21,Paid Search
CUST01995,Customer 01995,India,Asia,SMB,2024-05-08,Organic
CUST01996,Customer 01996,Mexico,North America,SMB,2024-02-16,Referral
CUST01997,Customer 01997,India,Asia,Enterprise,2025-05-13,Social
CUST01998,Customer 01998,Singapore,Asia,Mid-Market,2024-12-17,Social
CUST01999,Customer 01999,Brazil,South America,SMB,2025-01-22,Organic
CUST02000,Customer 02000,Mexico,North America,Mid-Market,2024-05-20,Paid Search
CUST02001,Customer 02001,Brazil,South America,Mid-Market,2024-06-05,Organic
CUST02002,Customer 02002,Thailand,Asia,SMB,2024-06-25,Paid Search
CUST02003,Customer 02003,New Zealand,Oceania,SMB,2025-04-15,Paid Search
CUST02004,Customer 02004,United States,North America,Enterprise,2025-12-17,Social
CUST02005,Customer 02005,Italy,Europe,SMB,2025-10-31,Referral
CUST02006,Customer 02006,Chile,South America,SMB,2024-03-23,Organic
CUST02007,Customer 02007,Japan,Asia,Mid-Market,2025-05-11,Social
CUST02008,Customer 02008,Spain,Europe,SMB,2025-07-07,Referral
CUST02009,Customer 02009,Italy,Europe,Mid-Market,2024-01-30,Organic
CUST02010,Customer 02010,Mexico,North America,SMB,2025-04-10,Partner
CUST02011,Customer 02011,France,Europe,SMB,2024-11-20,Referral
CUST02012,Customer 02012,India,Asia,SMB,2024-05-22,Paid Search
CUST02013,Customer 02013,United Kingdom,Europe,Enterprise,2025-07-31,Organic
CUST02014,Customer 02014,Thailand,Asia,Mid-Market,2025-11-14,Organic
CUST02015,Customer 02015,Singapore,Asia,Mid-Market,2025-03-13,Organic
CUST02016,Customer 02016,Canada,North America,SMB,2024-05-27,Partner
CUST02017,Customer 02017,South Korea,Asia,Mid-Market,2024-11-09,Organic
CUST02018,Customer 02018,France,Europe,SMB,2025-01-11,Paid Search
CUST02019,Customer 02019,United States,North America,Mid-Market,2025-10-21,Social
CUST02020,Customer 02020,Thailand,Asia,SMB,2025-07-31,Social
CUST02021,Customer 02021,Canada,North America,Mid-Market,2025-05-05,Partner
CUST02022,Customer 02022,United Kingdom,Europe,SMB,2025-07-12,Partner
CUST02023,Customer 02023,United Kingdom,Europe,SMB,2025-05-22,Social
CUST02024,Customer 02024,Spain,Europe,Mid-Market,2024-08-21,Partner
CUST02025,Customer 02025,South Korea,Asia,SMB,2024-04-07,Paid Search
CUST02026,Customer 02026,South Korea,Asia,SMB,2025-09-05,Organic
CUST02027,Customer 02027,Chile,South America,Enterprise,2025-02-08,Organic
CUST02028,Customer 02028,Japan,Asia,SMB,2025-12-04,Paid Search
CUST02029,Customer 02029,Mexico,North America,Mid-Market,2025-05-12,Organic
CUST02030,Customer 02030,Mexico,North America,Mid-Market,2024-12-12,Paid Search
CUST02031,Customer 02031,France,Europe,Mid-Market,2025-04-17,Organic
CUST02032,Customer 02032,Canada,North America,SMB,2025-04-21,Referral
CUST02033,Customer 02033,South Korea,Asia,Mid-Market,2025-12-18,Paid Search
CUST02034,Customer 02034,Singapore,Asia,SMB,2024-09-23,Organic
CUST02035,Customer 02035,Spain,Europe,SMB,2024-10-04,Referral
CUST02036,Customer 02036,Canada,North America,Mid-Market,2024-09-15,Organic
CUST02037,Customer 02037,Australia,Oceania,Enterprise,2024-03-19,Paid Search
CUST02038,Customer 02038,Germany,Europe,SMB,2024-12-09,Organic
CUST02039,Customer 02039,Mexico,North America,SMB,2024-11-21,Referral
CUST02040,Customer 02040,Mexico,North America,Mid-Market,2024-05-24,Partner
CUST02041,Customer 02041,Singapore,Asia,SMB,2025-08-18,Organic
CUST02042,Customer 02042,Canada,North America,Mid-Market,2025-05-18,Partner
CUST02043,Customer 02043,Canada,North America,SMB,2024-06-25,Partner
CUST02044,Customer 02044,New Zealand,Oceania,SMB,2024-05-01,Social
CUST02045,Customer 02045,New Zealand,Oceania,Mid-Market,2025-03-27,Partner
CUST02046,Customer 02046,Spain,Europe,Enterprise,2024-01-04,Referral
CUST02047,Customer 02047,Thailand,Asia,SMB,2024-04-20,Organic
CUST02048,Customer 02048,Mexico,North America,Enterprise,2024-11-17,Organic
CUST02049,Customer 02049,United Kingdom,Europe,SMB,2025-12-25,Organic
CUST02050,Customer 02050,Japan,Asia,SMB,2024-02-25,Paid Search
CUST02051,Customer 02051,New Zealand,Oceania,SMB,2025-01-21,Social
CUST02052,Customer 02052,Italy,Europe,SMB,2025-02-15,Organic
CUST02053,Customer 02053,Singapore,Asia,Mid-Market,2024-07-03,Paid Search
CUST02054,Customer 02054,Brazil,South America,SMB,2025-01-15,Social
CUST02055,Customer 02055,Thailand,Asia,SMB,2025-04-08,Organic
CUST02056,Customer 02056,Thailand,Asia,SMB,2024-04-10,Organic
CUST02057,Customer 02057,Australia,Oceania,Mid-Market,2025-11-28,Organic
CUST02058,Customer 02058,Singapore,Asia,Enterprise,2024-06-28,Organic
CUST02059,Customer 02059,Germany,Europe,SMB,2024-09-26,Paid Search
CUST02060,Customer 02060,Spain,Europe,SMB,2024-01-18,Paid Search
CUST02061,Customer 02061,Australia,Oceania,Enterprise,2025-03-09,Referral
CUST02062,Customer 02062,Japan,Asia,SMB,2025-03-10,Organic
CUST02063,Customer 02063,Canada,North America,Mid-Market,2024-03-25,Referral
CUST02064,Customer 02064,France,Europe,Mid-Market,2024-08-02,Organic
CUST02065,Customer 02065,South Korea,Asia,Enterprise,2025-07-14,Paid Search
CUST02066,Customer 02066,New Zealand,Oceania,SMB,2025-06-05,Organic
CUST02067,Customer 02067,Mexico,North America,SMB,2024-08-12,Partner
CUST02068,Customer 02068,New Zealand,Oceania,SMB,2025-04-05,Referral
CUST02069,Customer 02069,India,Asia,SMB,2025-06-30,Organic
CUST02070,Customer 02070,Mexico,North America,SMB,2024-09-30,Referral
CUST02071,Customer 02071,Brazil,South America,Enterprise,2024-05-08,Paid Search
CUST02072,Customer 02072,Thailand,Asia,SMB,2024-01-16,Partner
CUST02073,Customer 02073,Japan,Asia,SMB,2025-11-28,Social
CUST02074,Customer 02074,Argentina,South America,SMB,2024-08-22,Organic
CUST02075,Customer 02075,Singapore,Asia,SMB,2025-08-12,Paid Search
CUST02076,Customer 02076,Canada,North America,SMB,2024-08-25,Organic
CUST02077,Customer 02077,Australia,Oceania,SMB,2025-06-04,Referral
CUST02078,Customer 02078,United Kingdom,Europe,Mid-Market,2024-08-31,Organic
CUST02079,Customer 02079,Singapore,Asia,Mid-Market,2025-03-19,Paid Search
CUST02080,Customer 02080,Spain,Europe,SMB,2025-11-27,Partner
CUST02081,Customer 02081,Singapore,Asia,Mid-Market,2025-07-04,Paid Search
CUST02082,Customer 02082,Spain,Europe,SMB,2024-04-30,Partner
CUST02083,Customer 02083,United States,North America,SMB,2025-01-17,Organic
CUST02084,Customer 02084,France,Europe,Enterprise,2024-07-16,Social
CUST02085,Customer 02085,United States,North America,Enterprise,2024-06-09,Partner
CUST02086,Customer 02086,South Korea,Asia,SMB,2025-08-31,Paid Search
CUST02087,Customer 02087,India,Asia,SMB,2025-12-19,Organic
CUST02088,Customer 02088,Japan,Asia,SMB,2025-11-07,Paid Search
CUST02089,Customer 02089,Mexico,North America,SMB,2025-09-05,Referral
CUST02090,Customer 02090,South Korea,Asia,Mid-Market,2024-12-08,Organic
CUST02091,Customer 02091,Singapore,Asia,SMB,2025-01-19,Social
CUST02092,Customer 02092,Chile,South America,Enterprise,2025-01-29,Partner
CUST02093,Customer 02093,Mexico,North America,Mid-Market,2025-06-22,Social
CUST02094,Customer 02094,Spain,Europe,SMB,2024-02-08,Organic
CUST02095,Customer 02095,New Zealand,Oceania,Enterprise,2025-08-27,Paid Search
CUST02096,Customer 02096,Singapore,Asia,Mid-Market,2025-08-13,Organic
CUST02097,Customer 02097,Germany,Europe,SMB,2025-12-28,Organic
CUST02098,Customer 02098,Japan,Asia,SMB,2025-03-10,Organic
CUST02099,Customer 02099,Italy,Europe,Enterprise,2024-11-30,Organic
CUST02100,Customer 02100,France,Europe,Enterprise,2024-12-16,Referral
CUST02101,Customer 02101,Mexico,North America,SMB,2025-03-29,Organic
CUST02102,Customer 02102,Germany,Europe,Mid-Market,2024-08-09,Organic
CUST02103,Customer 02103,Brazil,South America,Enterprise,2025-07-21,Paid Search
CUST02104,Customer 02104,Australia,Oceania,Enterprise,2024-11-20,Referral
CUST02105,Customer 02105,United States,North America,SMB,2024-07-24,Partner
CUST02106,Customer 02106,Mexico,North America,SMB,2025-06-21,Referral
CUST02107,Customer 02107,Canada,North America,Enterprise,2024-09-03,Organic
CUST02108,Customer 02108,Australia,Oceania,SMB,2024-02-29,Referral
CUST02109,Customer 02109,Singapore,Asia,SMB,2025-01-16,Referral
CUST02110,Customer 02110,France,Europe,Mid-Market,2025-01-05,Organic
CUST02111,Customer 02111,Mexico,North America,SMB,2024-08-01,Organic
CUST02112,Customer 02112,Mexico,North America,Mid-Market,2024-01-26,Social
CUST02113,Customer 02113,Germany,Europe,SMB,2024-12-13,Organic
CUST02114,Customer 02114,United States,North America,Mid-Market,2025-07-18,Organic
CUST02115,Customer 02115,Germany,Europe,SMB,2025-08-08,Organic
CUST02116,Customer 02116,Australia,Oceania,Mid-Market,2024-06-03,Partner
CUST02117,Customer 02117,South Korea,Asia,SMB,2024-11-10,Paid Search
CUST02118,Customer 02118,Spain,Europe,SMB,2025-10-22,Social
CUST02119,Customer 02119,United Kingdom,Europe,Enterprise,2024-09-08,Partner
CUST02120,Customer 02120,Germany,Europe,Mid-Market,2024-12-14,Partner
CUST02121,Customer 02121,India,Asia,SMB,2025-05-11,Organic
CUST02122,Customer 02122,United Kingdom,Europe,SMB,2024-11-30,Paid Search
CUST02123,Customer 02123,Japan,Asia,Mid-Market,2025-09-07,Partner
CUST02124,Customer 02124,United Kingdom,Europe,Enterprise,2024-09-20,Social
CUST02125,Customer 02125,India,Asia,SMB,2024-12-25,Partner
CUST02126,Customer 02126,Japan,Asia,Enterprise,2025-01-12,Social
CUST02127,Customer 02127,Singapore,Asia,SMB,2025-06-28,Referral
CUST02128,Customer 02128,Japan,Asia,Mid-Market,2024-09-04,Paid Search
CUST02129,Customer 02129,France,Europe,SMB,2024-07-20,Paid Search
CUST02130,Customer 02130,France,Europe,SMB,2024-09-20,Paid Search
CUST02131,Customer 02131,Germany,Europe,Enterprise,2024-06-18,Organic
CUST02132,Customer 02132,Canada,North America,SMB,2024-05-22,Paid Search
CUST02133,Customer 02133,Australia,Oceania,Enterprise,2025-08-21,Organic
CUST02134,Customer 02134,New Zealand,Oceania,SMB,2024-09-09,Organic
CUST02135,Customer 02135,Mexico,North America,SMB,2024-07-16,Paid Search
CUST02136,Customer 02136,Canada,North America,Enterprise,2025-08-16,Referral
CUST02137,Customer 02137,Japan,Asia,Mid-Market,2025-07-30,Referral
CUST02138,Customer 02138,Canada,North America,SMB,2024-06-28,Referral
CUST02139,Customer 02139,Canada,North America,Mid-Market,2024-08-10,Referral
CUST02140,Customer 02140,Argentina,South America,SMB,2025-08-23,Paid Search
CUST02141,Customer 02141,Chile,South America,Enterprise,2024-07-22,Paid Search
CUST02142,Customer 02142,Thailand,Asia,SMB,2025-09-21,Paid Search
CUST02143,Customer 02143,Canada,North America,SMB,2025-03-27,Organic
CUST02144,Customer 02144,Brazil,South America,SMB,2025-05-02,Referral
CUST02145,Customer 02145,India,Asia,Mid-Market,2025-01-25,Partner
CUST02146,Customer 02146,New Zealand,Oceania,Enterprise,2024-01-23,Organic
CUST02147,Customer 02147,United Kingdom,Europe,Mid-Market,2025-08-25,Partner
CUST02148,Customer 02148,Australia,Oceania,SMB,2025-02-14,Organic
CUST02149,Customer 02149,Canada,North America,SMB,2024-05-06,Paid Search
CUST02150,Customer 02150,Spain,Europe,SMB,2025-09-01,Partner
CUST02151,Customer 02151,Canada,North America,Enterprise,2024-08-02,Referral
CUST02152,Customer 02152,France,Europe,SMB,2024-09-24,Referral
CUST02153,Customer 02153,Mexico,North America,Mid-Market,2025-04-12,Referral
CUST02154,Customer 02154,United States,North America,SMB,2024-07-25,Organic
CUST02155,Customer 02155,Mexico,North America,Enterprise,2024-01-05,Referral
CUST02156,Customer 02156,Argentina,South America,SMB,2024-08-22,Referral
CUST02157,Customer 02157,Germany,Europe,SMB,2025-05-14,Organic
CUST02158,Customer 02158,Japan,Asia,Enterprise,2024-11-05,Organic
CUST02159,Customer 02159,South Korea,Asia,Enterprise,2025-06-04,Social
CUST02160,Customer 02160,Italy,Europe,Mid-Market,2024-02-21,Organic
CUST02161,Customer 02161,India,Asia,Mid-Market,2024-07-07,Partner
CUST02162,Customer 02162,South Korea,Asia,Mid-Market,2024-06-22,Organic
CUST02163,Customer 02163,Thailand,Asia,SMB,2024-02-16,Paid Search
CUST02164,Customer 02164,South Korea,Asia,SMB,2025-04-17,Referral
CUST02165,Customer 02165,Chile,South America,Mid-Market,2024-06-02,Referral
CUST02166,Customer 02166,India,Asia,Mid-Market,2024-12-11,Paid Search
CUST02167,Customer 02167,Argentina,South America,SMB,2025-12-25,Paid Search
CUST02168,Customer 02168,South Korea,Asia,SMB,2024-06-29,Paid Search
CUST02169,Customer 02169,India,Asia,Mid-Market,2024-05-22,Referral
CUST02170,Customer 02170,United States,North America,SMB,2025-11-11,Paid Search
CUST02171,Customer 02171,Thailand,Asia,Mid-Market,2024-09-18,Paid Search
CUST02172,Customer 02172,Thailand,Asia,Mid-Market,2024-08-04,Paid Search
CUST02173,Customer 02173,United States,North America,SMB,2025-06-10,Paid Search
CUST02174,Customer 02174,Italy,Europe,SMB,2024-04-04,Organic
CUST02175,Customer 02175,Singapore,Asia,SMB,2024-10-03,Organic
CUST02176,Customer 02176,Canada,North America,SMB,2024-05-25,Partner
CUST02177,Customer 02177,Singapore,Asia,Mid-Market,2025-10-13,Social
CUST02178,Customer 02178,Chile,South America,Mid-Market,2024-08-04,Organic
CUST02179,Customer 02179,Singapore,Asia,Enterprise,2025-02-18,Organic
CUST02180,Customer 02180,New Zealand,Oceania,SMB,2025-01-16,Social
CUST02181,Customer 02181,Mexico,North America,Mid-Market,2024-12-26,Paid Search
CUST02182,Customer 02182,New Zealand,Oceania,SMB,2024-02-18,Paid Search
CUST02183,Customer 02183,Chile,South America,Mid-Market,2024-07-11,Referral
CUST02184,Customer 02184,France,Europe,SMB,2025-09-16,Paid Search
CUST02185,Customer 02185,Mexico,North America,Mid-Market,2025-02-04,Paid Search
CUST02186,Customer 02186,Italy,Europe,SMB,2025-10-03,Social
CUST02187,Customer 02187,Chile,South America,SMB,2025-02-12,Referral
CUST02188,Customer 02188,Canada,North America,Enterprise,2024-08-20,Referral
CUST02189,Customer 02189,Singapore,Asia,SMB,2024-09-09,Organic
CUST02190,Customer 02190,Australia,Oceania,SMB,2025-07-20,Organic
CUST02191,Customer 02191,Spain,Europe,Mid-Market,2024-06-22,Partner
CUST02192,Customer 02192,Mexico,North America,SMB,2025-03-14,Social
CUST02193,Customer 02193,United States,North America,SMB,2025-11-14,Partner
CUST02194,Customer 02194,Germany,Europe,SMB,2025-09-10,Organic
CUST02195,Customer 02195,Mexico,North America,SMB,2024-10-10,Partner
CUST02196,Customer 02196,Chile,South America,Enterprise,2024-07-21,Organic
CUST02197,Customer 02197,United Kingdom,Europe,Mid-Market,2025-03-30,Referral
CUST02198,Customer 02198,United States,North America,SMB,2025-03-22,Referral
CUST02199,Customer 02199,Thailand,Asia,SMB,2025-06-12,Paid Search
CUST02200,Customer 02200,Canada,North America,Enterprise,2024-02-23,Paid Search
CUST02201,Customer 02201,Italy,Europe,Enterprise,2025-01-29,Referral
CUST02202,Customer 02202,New Zealand,Oceania,SMB,2024-01-07,Partner
CUST02203,Customer 02203,Argentina,South America,Mid-Market,2025-12-25,Organic
CUST02204,Customer 02204,Germany,Europe,SMB,2025-10-01,Organic
CUST02205,Customer 02205,Thailand,Asia,SMB,2025-06-24,Referral
CUST02206,Customer 02206,Mexico,North America,Enterprise,2024-08-03,Organic
CUST02207,Customer 02207,Mexico,North America,Enterprise,2025-06-29,Organic
CUST02208,Customer 02208,South Korea,Asia,SMB,2024-11-21,Organic
CUST02209,Customer 02209,Spain,Europe,Enterprise,2025-04-19,Organic
CUST02210,Customer 02210,Spain,Europe,Mid-Market,2024-06-18,Paid Search
CUST02211,Customer 02211,Australia,Oceania,Mid-Market,2024-12-12,Social
CUST02212,Customer 02212,India,Asia,Mid-Market,2025-10-02,Partner
CUST02213,Customer 02213,Brazil,South America,SMB,2024-05-18,Paid Search
CUST02214,Customer 02214,South Korea,Asia,Enterprise,2024-10-08,Organic
CUST02215,Customer 02215,Australia,Oceania,SMB,2024-08-01,Referral
CUST02216,Customer 02216,United Kingdom,Europe,SMB,2024-05-10,Paid Search
CUST02217,Customer 02217,Italy,Europe,SMB,2024-10-17,Partner
CUST02218,Customer 02218,Australia,Oceania,Mid-Market,2025-03-20,Paid Search
CUST02219,Customer 02219,Australia,Oceania,SMB,2024-02-10,Referral
CUST02220,Customer 02220,Japan,Asia,SMB,2024-05-30,Organic
CUST02221,Customer 02221,India,Asia,Mid-Market,2025-08-20,Partner
CUST02222,Customer 02222,Japan,Asia,SMB,2024-07-09,Partner
CUST02223,Customer 02223,South Korea,Asia,SMB,2024-09-02,Paid Search
CUST02224,Customer 02224,United Kingdom,Europe,SMB,2025-05-06,Social
CUST02225,Customer 02225,Chile,South America,Mid-Market,2025-06-29,Organic
CUST02226,Customer 02226,India,Asia,SMB,2025-12-02,Organic
CUST02227,Customer 02227,Mexico,North America,SMB,2024-04-26,Partner
CUST02228,Customer 02228,United Kingdom,Europe,SMB,2025-07-05,Referral
CUST02229,Customer 02229,France,Europe,Enterprise,2025-06-13,Organic
CUST02230,Customer 02230,Canada,North America,Mid-Market,2024-03-31,Organic
CUST02231,Customer 02231,India,Asia,SMB,2025-10-02,Organic
CUST02232,Customer 02232,Canada,North America,Enterprise,2024-08-16,Organic
CUST02233,Customer 02233,United Kingdom,Europe,Mid-Market,2024-11-05,Paid Search
CUST02234,Customer 02234,Australia,Oceania,Mid-Market,2025-08-05,Organic
CUST02235,Customer 02235,Mexico,North America,SMB,2025-01-18,Paid Search
CUST02236,Customer 02236,Argentina,South America,SMB,2024-07-20,Referral
CUST02237,Customer 02237,Germany,Europe,Mid-Market,2024-08-23,Referral
CUST02238,Customer 02238,Singapore,Asia,SMB,2025-06-24,Social
CUST02239,Customer 02239,Thailand,Asia,SMB,2024-05-13,Organic
CUST02240,Customer 02240,Mexico,North America,SMB,2024-12-10,Organic
CUST02241,Customer 02241,South Korea,Asia,SMB,2025-06-30,Organic
CUST02242,Customer 02242,Spain,Europe,Mid-Market,2025-10-08,Paid Search
CUST02243,Customer 02243,India,Asia,SMB,2025-08-26,Paid Search
CUST02244,Customer 02244,Singapore,Asia,Mid-Market,2024-09-19,Organic
CUST02245,Customer 02245,Japan,Asia,Mid-Market,2024-05-25,Referral
CUST02246,Customer 02246,Italy,Europe,SMB,2025-11-14,Social
CUST02247,Customer 02247,Thailand,Asia,SMB,2025-03-12,Organic
CUST02248,Customer 02248,United States,North America,SMB,2024-10-24,Organic
CUST02249,Customer 02249,India,Asia,SMB,2025-10-21,Partner
CUST02250,Customer 02250,Thailand,Asia,Mid-Market,2025-06-14,Partner
CUST02251,Customer 02251,Canada,North America,Mid-Market,2024-12-14,Organic
CUST02252,Customer 02252,United States,North America,Enterprise,2024-05-22,Referral
CUST02253,Customer 02253,India,Asia,Enterprise,2024-02-29,Organic
CUST02254,Customer 02254,Canada,North America,SMB,2025-01-23,Referral
CUST02255,Customer 02255,Australia,Oceania,Mid-Market,2024-03-24,Referral
CUST02256,Customer 02256,United States,North America,SMB,2024-08-14,Organic
CUST02257,Customer 02257,Australia,Oceania,SMB,2025-05-13,Organic
CUST02258,Customer 02258,United States,North America,SMB,2024-01-10,Referral
CUST02259,Customer 02259,Spain,Europe,SMB,2025-12-24,Referral
CUST02260,Customer 02260,South Korea,Asia,Mid-Market,2024-11-15,Partner
CUST02261,Customer 02261,Mexico,North America,Mid-Market,2025-09-28,Paid Search
CUST02262,Customer 02262,Australia,Oceania,SMB,2024-05-06,Partner
CUST02263,Customer 02263,Japan,Asia,SMB,2024-12-02,Referral
CUST02264,Customer 02264,France,Europe,Mid-Market,2025-12-01,Referral
CUST02265,Customer 02265,Canada,North America,Mid-Market,2025-04-07,Organic
CUST02266,Customer 02266,Germany,Europe,Mid-Market,2025-08-14,Organic
CUST02267,Customer 02267,United States,North America,SMB,2025-05-15,Referral
CUST02268,Customer 02268,Mexico,North America,SMB,2025-06-24,Organic
CUST02269,Customer 02269,Canada,North America,Mid-Market,2024-09-23,Organic
CUST02270,Customer 02270,Chile,South America,Mid-Market,2024-11-27,Organic
CUST02271,Customer 02271,United States,North America,SMB,2024-02-06,Social
CUST02272,Customer 02272,Mexico,North America,SMB,2024-07-08,Referral
CUST02273,Customer 02273,Mexico,North America,SMB,2024-02-17,Partner
CUST02274,Customer 02274,Chile,South America,Mid-Market,2024-08-25,Social
CUST02275,Customer 02275,Argentina,South America,SMB,2025-06-14,Referral
CUST02276,Customer 02276,Spain,Europe,Mid-Market,2024-05-29,Paid Search
CUST02277,Customer 02277,Canada,North America,Enterprise,2024-12-15,Paid Search
CUST02278,Customer 02278,United Kingdom,Europe,SMB,2025-02-07,Referral
CUST02279,Customer 02279,Brazil,South America,SMB,2024-04-29,Partner
CUST02280,Customer 02280,United States,North America,SMB,2025-08-16,Partner
CUST02281,Customer 02281,South Korea,Asia,SMB,2025-07-17,Paid Search
CUST02282,Customer 02282,France,Europe,Enterprise,2024-05-16,Partner
CUST02283,Customer 02283,India,Asia,Enterprise,2024-01-27,Paid Search
CUST02284,Customer 02284,United States,North America,SMB,2024-01-04,Paid Search
CUST02285,Customer 02285,France,Europe,Enterprise,2024-08-02,Organic
CUST02286,Customer 02286,Italy,Europe,SMB,2024-04-01,Organic
CUST02287,Customer 02287,Brazil,South America,Mid-Market,2024-01-13,Organic
CUST02288,Customer 02288,United States,North America,Mid-Market,2024-12-02,Referral
CUST02289,Customer 02289,Italy,Europe,SMB,2025-01-18,Organic
CUST02290,Customer 02290,India,Asia,SMB,2024-01-14,Social
CUST02291,Customer 02291,Australia,Oceania,Mid-Market,2025-03-13,Organic
CUST02292,Customer 02292,Mexico,North America,SMB,2024-10-21,Organic
CUST02293,Customer 02293,Canada,North America,Enterprise,2024-05-26,Paid Search
CUST02294,Customer 02294,India,Asia,SMB,2024-03-22,Organic
CUST02295,Customer 02295,South Korea,Asia,SMB,2025-07-08,Organic
CUST02296,Customer 02296,Germany,Europe,Enterprise,2024-03-19,Organic
CUST02297,Customer 02297,United States,North America,SMB,2024-05-26,Paid Search
CUST02298,Customer 02298,Germany,Europe,SMB,2025-06-04,Organic
CUST02299,Customer 02299,United Kingdom,Europe,SMB,2025-04-05,Referral
CUST02300,Customer 02300,Mexico,North America,SMB,2025-12-31,Organic
CUST02301,Customer 02301,New Zealand,Oceania,SMB,2024-01-30,Organic
CUST02302,Customer 02302,United States,North America,SMB,2024-05-22,Organic
CUST02303,Customer 02303,Japan,Asia,SMB,2025-04-28,Organic
CUST02304,Customer 02304,India,Asia,SMB,2024-06-16,Partner
CUST02305,Customer 02305,Japan,Asia,Enterprise,2024-10-05,Paid Search
CUST02306,Customer 02306,Japan,Asia,Enterprise,2024-08-04,Referral
CUST02307,Customer 02307,Mexico,North America,SMB,2025-08-13,Partner
CUST02308,Customer 02308,South Korea,Asia,Enterprise,2025-07-27,Organic
CUST02309,Customer 02309,Mexico,North America,Enterprise,2025-08-12,Partner
CUST02310,Customer 02310,Brazil,South America,Enterprise,2025-01-04,Referral
CUST02311,Customer 02311,Australia,Oceania,Mid-Market,2024-12-22,Referral
CUST02312,Customer 02312,Germany,Europe,SMB,2025-02-21,Partner
CUST02313,Customer 02313,Thailand,Asia,SMB,2024-02-19,Organic
CUST02314,Customer 02314,Spain,Europe,Enterprise,2025-02-03,Paid Search
CUST02315,Customer 02315,Japan,Asia,SMB,2024-07-21,Paid Search
CUST02316,Customer 02316,Thailand,Asia,Enterprise,2025-11-16,Referral
CUST02317,Customer 02317,United Kingdom,Europe,Mid-Market,2024-05-14,Organic
CUST02318,Customer 02318,United States,North America,SMB,2024-01-26,Organic
CUST02319,Customer 02319,Japan,Asia,SMB,2025-12-05,Social
CUST02320,Customer 02320,Australia,Oceania,Enterprise,2024-04-25,Paid Search
CUST02321,Customer 02321,Italy,Europe,SMB,2025-01-13,Organic
CUST02322,Customer 02322,Germany,Europe,Mid-Market,2024-10-06,Organic
CUST02323,Customer 02323,India,Asia,Enterprise,2024-07-15,Referral
CUST02324,Customer 02324,Italy,Europe,SMB,2024-12-22,Organic
CUST02325,Customer 02325,Japan,Asia,SMB,2025-06-19,Organic
CUST02326,Customer 02326,Australia,Oceania,SMB,2024-03-24,Social
CUST02327,Customer 02327,Spain,Europe,Mid-Market,2025-04-28,Organic
CUST02328,Customer 02328,Spain,Europe,SMB,2025-10-14,Organic
CUST02329,Customer 02329,Canada,North America,SMB,2024-07-31,Referral
CUST02330,Customer 02330,Thailand,Asia,SMB,2025-05-10,Organic
CUST02331,Customer 02331,Mexico,North America,SMB,2025-11-03,Organic
CUST02332,Customer 02332,Singapore,Asia,SMB,2025-11-12,Referral
CUST02333,Customer 02333,Chile,South America,SMB,2025-04-18,Referral
CUST02334,Customer 02334,Germany,Europe,Mid-Market,2025-11-18,Paid Search
CUST02335,Customer 02335,India,Asia,SMB,2025-07-22,Partner
CUST02336,Customer 02336,Mexico,North America,Mid-Market,2025-01-09,Partner
CUST02337,Customer 02337,Brazil,South America,Enterprise,2024-04-01,Referral
CUST02338,Customer 02338,South Korea,Asia,Mid-Market,2025-09-15,Referral
CUST02339,Customer 02339,Canada,North America,Mid-Market,2024-07-28,Partner
CUST02340,Customer 02340,Italy,Europe,SMB,2025-06-22,Organic
CUST02341,Customer 02341,Italy,Europe,Mid-Market,2025-04-16,Paid Search
CUST02342,Customer 02342,Germany,Europe,SMB,2024-09-20,Organic
CUST02343,Customer 02343,Canada,North America,SMB,2025-07-20,Organic
CUST02344,Customer 02344,South Korea,Asia,Mid-Market,2025-04-25,Social
CUST02345,Customer 02345,Mexico,North America,SMB,2025-06-28,Organic
CUST02346,Customer 02346,Spain,Europe,SMB,2025-11-27,Paid Search
CUST02347,Customer 02347,Chile,South America,Mid-Market,2024-07-19,Organic
CUST02348,Customer 02348,Chile,South America,SMB,2025-07-12,Referral
CUST02349,Customer 02349,Spain,Europe,SMB,2024-01-30,Partner
CUST02350,Customer 02350,United Kingdom,Europe,SMB,2025-06-02,Paid Search
CUST02351,Customer 02351,France,Europe,SMB,2024-04-23,Partner
CUST02352,Customer 02352,Argentina,South America,SMB,2024-06-11,Paid Search
CUST02353,Customer 02353,Italy,Europe,SMB,2024-05-22,Social
CUST02354,Customer 02354,Canada,North America,SMB,2025-08-30,Partner
CUST02355,Customer 02355,Thailand,Asia,Mid-Market,2024-09-30,Organic
CUST02356,Customer 02356,Mexico,North America,Enterprise,2024-10-11,Partner
CUST02357,Customer 02357,Japan,Asia,Mid-Market,2024-09-21,Organic
CUST02358,Customer 02358,Mexico,North America,SMB,2025-04-01,Paid Search
CUST02359,Customer 02359,New Zealand,Oceania,Mid-Market,2025-10-31,Organic
CUST02360,Customer 02360,United Kingdom,Europe,Enterprise,2025-05-10,Paid Search
CUST02361,Customer 02361,Brazil,South America,Enterprise,2024-03-15,Social
CUST02362,Customer 02362,France,Europe,SMB,2025-01-11,Partner
CUST02363,Customer 02363,Thailand,Asia,SMB,2024-03-19,Referral
CUST02364,Customer 02364,Brazil,South America,SMB,2024-05-01,Social
CUST02365,Customer 02365,Canada,North America,Mid-Market,2024-05-23,Paid Search
CUST02366,Customer 02366,Canada,North America,SMB,2025-05-24,Organic
CUST02367,Customer 02367,Japan,Asia,Enterprise,2025-10-01,Partner
CUST02368,Customer 02368,Thailand,Asia,SMB,2024-06-29,Organic
CUST02369,Customer 02369,Singapore,Asia,Mid-Market,2025-11-19,Partner
CUST02370,Customer 02370,United States,North America,SMB,2024-07-12,Organic
CUST02371,Customer 02371,Japan,Asia,SMB,2024-08-12,Organic
CUST02372,Customer 02372,Japan,Asia,SMB,2024-04-02,Paid Search
CUST02373,Customer 02373,Japan,Asia,Mid-Market,2024-02-04,Paid Search
CUST02374,Customer 02374,Thailand,Asia,SMB,2025-03-29,Organic
CUST02375,Customer 02375,Japan,Asia,SMB,2024-10-24,Organic
CUST02376,Customer 02376,United Kingdom,Europe,Mid-Market,2024-03-26,Organic
CUST02377,Customer 02377,Argentina,South America,Enterprise,2025-02-16,Partner
CUST02378,Customer 02378,United States,North America,Mid-Market,2024-09-09,Paid Search
CUST02379,Customer 02379,United Kingdom,Europe,Mid-Market,2024-10-14,Organic
CUST02380,Customer 02380,Canada,North America,SMB,2025-10-12,Organic
CUST02381,Customer 02381,Brazil,South America,Enterprise,2024-10-21,Organic
CUST02382,Customer 02382,United Kingdom,Europe,SMB,2024-11-27,Paid Search
CUST02383,Customer 02383,United Kingdom,Europe,Enterprise,2025-05-17,Paid Search
CUST02384,Customer 02384,Germany,Europe,Mid-Market,2025-10-15,Organic
CUST02385,Customer 02385,Italy,Europe,SMB,2025-06-23,Social
CUST02386,Customer 02386,Canada,North America,SMB,2024-12-26,Organic
CUST02387,Customer 02387,Australia,Oceania,Mid-Market,2024-08-11,Paid Search
CUST02388,Customer 02388,United Kingdom,Europe,Mid-Market,2024-05-10,Referral
CUST02389,Customer 02389,United States,North America,Mid-Market,2024-03-31,Paid Search
CUST02390,Customer 02390,Italy,Europe,Enterprise,2025-07-08,Organic
CUST02391,Customer 02391,United States,North America,SMB,2025-06-22,Paid Search
CUST02392,Customer 02392,Canada,North America,SMB,2024-09-15,Referral
CUST02393,Customer 02393,India,Asia,Mid-Market,2025-11-17,Partner
CUST02394,Customer 02394,Germany,Europe,SMB,2025-12-07,Paid Search
CUST02395,Customer 02395,United States,North America,Mid-Market,2025-03-29,Partner
CUST02396,Customer 02396,Australia,Oceania,Enterprise,2024-07-10,Paid Search
CUST02397,Customer 02397,Singapore,Asia,SMB,2025-01-05,Referral
CUST02398,Customer 02398,Germany,Europe,Mid-Market,2025-08-23,Organic
CUST02399,Customer 02399,France,Europe,Mid-Market,2025-01-05,Partner
CUST02400,Customer 02400,United States,North America,SMB,2024-12-27,Organic
CUST02401,Customer 02401,Mexico,North America,Mid-Market,2025-01-24,Paid Search
CUST02402,Customer 02402,Mexico,North America,Mid-Market,2025-09-07,Paid Search
CUST02403,Customer 02403,United States,North America,SMB,2024-10-27,Social
CUST02404,Customer 02404,Brazil,South America,SMB,2024-05-13,Paid Search
CUST02405,Customer 02405,Chile,South America,SMB,2025-01-10,Organic
CUST02406,Customer 02406,Italy,Europe,Mid-Market,2025-04-08,Social
CUST02407,Customer 02407,Mexico,North America,SMB,2025-11-14,Partner
CUST02408,Customer 02408,India,Asia,SMB,2024-03-23,Referral
CUST02409,Customer 02409,Japan,Asia,Enterprise,2025-11-20,Paid Search
CUST02410,Customer 02410,Australia,Oceania,Mid-Market,2025-08-11,Paid Search
CUST02411,Customer 02411,Canada,North America,Mid-Market,2025-06-03,Social
CUST02412,Customer 02412,Australia,Oceania,Enterprise,2024-06-21,Organic
CUST02413,Customer 02413,India,Asia,SMB,2024-05-30,Partner
CUST02414,Customer 02414,Canada,North America,SMB,2024-11-08,Referral
CUST02415,Customer 02415,Thailand,Asia,Mid-Market,2024-05-13,Social
CUST02416,Customer 02416,Italy,Europe,SMB,2025-04-24,Referral
CUST02417,Customer 02417,Italy,Europe,SMB,2025-07-03,Organic
CUST02418,Customer 02418,Mexico,North America,Mid-Market,2024-12-15,Partner
CUST02419,Customer 02419,Spain,Europe,SMB,2025-05-20,Social
CUST02420,Customer 02420,Australia,Oceania,SMB,2025-07-23,Social
CUST02421,Customer 02421,France,Europe,Mid-Market,2025-10-29,Organic
CUST02422,Customer 02422,Italy,Europe,Mid-Market,2025-05-18,Paid Search
CUST02423,Customer 02423,Mexico,North America,SMB,2024-06-19,Partner
CUST02424,Customer 02424,Italy,Europe,SMB,2024-04-05,Referral
CUST02425,Customer 02425,New Zealand,Oceania,Enterprise,2025-11-18,Organic
CUST02426,Customer 02426,United States,North America,Enterprise,2025-07-19,Organic
CUST02427,Customer 02427,France,Europe,SMB,2025-09-12,Organic
CUST02428,Customer 02428,United States,North America,SMB,2024-11-05,Organic
CUST02429,Customer 02429,United States,North America,Mid-Market,2024-04-25,Paid Search
CUST02430,Customer 02430,United States,North America,SMB,2025-03-12,Social
CUST02431,Customer 02431,Chile,South America,SMB,2025-04-12,Referral
CUST02432,Customer 02432,United States,North America,SMB,2024-06-07,Organic
CUST02433,Customer 02433,Canada,North America,SMB,2024-12-09,Referral
CUST02434,Customer 02434,Thailand,Asia,SMB,2024-11-05,Paid Search
CUST02435,Customer 02435,Mexico,North America,SMB,2024-07-08,Partner
CUST02436,Customer 02436,Australia,Oceania,Mid-Market,2025-08-20,Partner
CUST02437,Customer 02437,Canada,North America,SMB,2024-12-21,Organic
CUST02438,Customer 02438,Canada,North America,SMB,2025-11-08,Social
CUST02439,Customer 02439,Thailand,Asia,SMB,2024-01-01,Organic
CUST02440,Customer 02440,Mexico,North America,Enterprise,2025-11-17,Referral
CUST02441,Customer 02441,New Zealand,Oceania,SMB,2025-04-28,Social
CUST02442,Customer 02442,France,Europe,SMB,2025-05-26,Partner
CUST02443,Customer 02443,France,Europe,Mid-Market,2024-07-29,Organic
CUST02444,Customer 02444,Canada,North America,Mid-Market,2024-02-27,Organic
CUST02445,Customer 02445,Thailand,Asia,Mid-Market,2024-06-18,Organic
CUST02446,Customer 02446,United States,North America,SMB,2024-11-19,Organic
CUST02447,Customer 02447,Italy,Europe,SMB,2024-09-04,Organic
CUST02448,Customer 02448,Singapore,Asia,SMB,2024-05-21,Organic
CUST02449,Customer 02449,United States,North America,Mid-Market,2024-01-10,Referral
CUST02450,Customer 02450,United States,North America,SMB,2025-05-24,Organic
CUST02451,Customer 02451,Canada,North America,SMB,2025-05-02,Paid Search
CUST02452,Customer 02452,United States,North America,SMB,2024-04-27,Referral
CUST02453,Customer 02453,United States,North America,Enterprise,2025-07-26,Organic
CUST02454,Customer 02454,United States,North America,SMB,2025-12-15,Referral
CUST02455,Customer 02455,Mexico,North America,SMB,2025-12-31,Partner
CUST02456,Customer 02456,Mexico,North America,Enterprise,2024-05-22,Paid Search
CUST02457,Customer 02457,United States,North America,Mid-Market,2024-11-08,Paid Search
CUST02458,Customer 02458,Italy,Europe,Mid-Market,2024-02-08,Referral
CUST02459,Customer 02459,Singapore,Asia,Mid-Market,2024-01-10,Paid Search
CUST02460,Customer 02460,Mexico,North America,SMB,2025-09-08,Paid Search
CUST02461,Customer 02461,Brazil,South America,Mid-Market,2025-12-08,Partner
CUST02462,Customer 02462,United States,North America,SMB,2024-05-27,Partner
CUST02463,Customer 02463,France,Europe,Enterprise,2024-12-04,Paid Search
CUST02464,Customer 02464,Mexico,North America,SMB,2024-01-18,Paid Search
CUST02465,Customer 02465,United Kingdom,Europe,Mid-Market,2025-08-19,Partner
CUST02466,Customer 02466,United States,North America,SMB,2025-02-04,Paid Search
CUST02467,Customer 02467,Chile,South America,SMB,2024-08-01,Referral
CUST02468,Customer 02468,Mexico,North America,SMB,2025-12-09,Organic
CUST02469,Customer 02469,Canada,North America,Mid-Market,2024-04-09,Organic
CUST02470,Customer 02470,South Korea,Asia,SMB,2024-07-14,Paid Search
CUST02471,Customer 02471,India,Asia,Enterprise,2025-06-30,Partner
CUST02472,Customer 02472,Argentina,South America,SMB,2024-10-25,Paid Search
CUST02473,Customer 02473,Mexico,North America,Mid-Market,2025-05-27,Social
CUST02474,Customer 02474,Canada,North America,Mid-Market,2024-06-22,Partner
CUST02475,Customer 02475,India,Asia,SMB,2025-04-26,Partner
CUST02476,Customer 02476,Italy,Europe,Mid-Market,2025-02-11,Partner
CUST02477,Customer 02477,Italy,Europe,Mid-Market,2024-02-04,Organic
CUST02478,Customer 02478,Italy,Europe,Mid-Market,2024-08-23,Paid Search
CUST02479,Customer 02479,South Korea,Asia,Mid-Market,2024-08-05,Organic
CUST02480,Customer 02480,Australia,Oceania,Mid-Market,2025-03-08,Paid Search
CUST02481,Customer 02481,United States,North America,SMB,2024-11-16,Organic
CUST02482,Customer 02482,Italy,Europe,SMB,2024-12-15,Partner
CUST02483,Customer 02483,Spain,Europe,SMB,2024-05-03,Partner
CUST02484,Customer 02484,India,Asia,Mid-Market,2025-11-10,Organic
CUST02485,Customer 02485,Argentina,South America,Enterprise,2025-07-02,Paid Search
CUST02486,Customer 02486,Singapore,Asia,SMB,2025-05-04,Referral
CUST02487,Customer 02487,Canada,North America,SMB,2024-07-20,Referral
CUST02488,Customer 02488,Argentina,South America,SMB,2025-05-13,Social
CUST02489,Customer 02489,Spain,Europe,Mid-Market,2024-06-20,Organic
CUST02490,Customer 02490,Mexico,North America,Mid-Market,2024-12-21,Organic
CUST02491,Customer 02491,Australia,Oceania,Mid-Market,2024-07-15,Partner
CUST02492,Customer 02492,Singapore,Asia,Mid-Market,2024-08-09,Organic
CUST02493,Customer 02493,Spain,Europe,Mid-Market,2025-04-19,Partner
CUST02494,Customer 02494,Australia,Oceania,SMB,2024-08-17,Organic
CUST02495,Customer 02495,Chile,South America,SMB,2025-06-17,Paid Search
CUST02496,Customer 02496,Canada,North America,SMB,2025-01-03,Referral
CUST02497,Customer 02497,Canada,North America,Enterprise,2025-12-18,Partner
CUST02498,Customer 02498,France,Europe,Mid-Market,2024-05-20,Organic
CUST02499,Customer 02499,Chile,South America,SMB,2025-11-21,Partner
CUST02500,Customer 02500,Singapore,Asia,SMB,2024-04-06,Partner
CUST02501,Customer 02501,United Kingdom,Europe,SMB,2025-02-05,Partner
CUST02502,Customer 02502,Canada,North America,Enterprise,2024-09-29,Social
CUST02503,Customer 02503,Australia,Oceania,SMB,2025-07-03,Partner
CUST02504,Customer 02504,Chile,South America,Mid-Market,2024-04-05,Partner
CUST02505,Customer 02505,Japan,Asia,SMB,2024-07-05,Referral
CUST02506,Customer 02506,France,Europe,Mid-Market,2024-06-17,Partner
CUST02507,Customer 02507,New Zealand,Oceania,Mid-Market,2025-11-04,Social
CUST02508,Customer 02508,Australia,Oceania,SMB,2025-01-26,Referral
CUST02509,Customer 02509,Mexico,North America,Mid-Market,2024-04-30,Organic
CUST02510,Customer 02510,Canada,North America,SMB,2025-07-31,Organic
CUST02511,Customer 02511,South Korea,Asia,Mid-Market,2024-07-27,Partner
CUST02512,Customer 02512,India,Asia,SMB,2024-06-13,Social
CUST02513,Customer 02513,Italy,Europe,Mid-Market,2024-12-27,Organic
CUST02514,Customer 02514,France,Europe,SMB,2025-08-01,Social
CUST02515,Customer 02515,Spain,Europe,Mid-Market,2025-09-05,Organic
CUST02516,Customer 02516,Argentina,South America,SMB,2024-01-12,Paid Search
CUST02517,Customer 02517,Germany,Europe,Mid-Market,2025-10-18,Social
CUST02518,Customer 02518,United Kingdom,Europe,SMB,2025-12-29,Social
CUST02519,Customer 02519,United States,North America,SMB,2024-08-22,Referral
CUST02520,Customer 02520,France,Europe,Mid-Market,2025-01-12,Social
CUST02521,Customer 02521,Italy,Europe,SMB,2024-10-02,Partner
CUST02522,Customer 02522,Canada,North America,SMB,2024-12-13,Partner
CUST02523,Customer 02523,South Korea,Asia,Mid-Market,2025-04-21,Partner
CUST02524,Customer 02524,Mexico,North America,SMB,2025-04-20,Paid Search
CUST02525,Customer 02525,Australia,Oceania,Enterprise,2024-12-12,Organic
CUST02526,Customer 02526,United Kingdom,Europe,SMB,2024-12-13,Organic
CUST02527,Customer 02527,Australia,Oceania,Enterprise,2024-12-23,Organic
CUST02528,Customer 02528,Australia,Oceania,Enterprise,2024-10-25,Organic
CUST02529,Customer 02529,Chile,South America,SMB,2024-03-31,Organic
CUST02530,Customer 02530,United States,North America,SMB,2024-09-28,Organic
CUST02531,Customer 02531,Canada,North America,Mid-Market,2025-06-07,Referral
CUST02532,Customer 02532,United States,North America,Mid-Market,2025-12-15,Organic
CUST02533,Customer 02533,Mexico,North America,SMB,2025-08-17,Paid Search
CUST02534,Customer 02534,United Kingdom,Europe,SMB,2025-09-21,Organic
CUST02535,Customer 02535,New Zealand,Oceania,SMB,2025-07-26,Organic
CUST02536,Customer 02536,Mexico,North America,Mid-Market,2025-01-02,Referral
CUST02537,Customer 02537,United States,North America,Mid-Market,2025-05-13,Partner
CUST02538,Customer 02538,India,Asia,SMB,2025-09-03,Referral
CUST02539,Customer 02539,France,Europe,SMB,2024-06-11,Referral
CUST02540,Customer 02540,United States,North America,Mid-Market,2024-04-18,Social
CUST02541,Customer 02541,United States,North America,Enterprise,2024-07-13,Referral
CUST02542,Customer 02542,Japan,Asia,SMB,2025-01-22,Organic
CUST02543,Customer 02543,South Korea,Asia,SMB,2025-07-28,Organic
CUST02544,Customer 02544,France,Europe,SMB,2024-11-25,Referral
CUST02545,Customer 02545,United States,North America,Mid-Market,2025-12-19,Referral
CUST02546,Customer 02546,Thailand,Asia,SMB,2024-08-25,Partner
CUST02547,Customer 02547,Australia,Oceania,SMB,2024-12-03,Organic
CUST02548,Customer 02548,France,Europe,Mid-Market,2025-11-02,Social
CUST02549,Customer 02549,Japan,Asia,SMB,2024-05-04,Paid Search
CUST02550,Customer 02550,India,Asia,SMB,2025-08-31,Social
CUST02551,Customer 02551,Mexico,North America,SMB,2024-04-20,Paid Search
CUST02552,Customer 02552,Japan,Asia,SMB,2025-10-25,Organic
CUST02553,Customer 02553,Mexico,North America,SMB,2024-08-24,Paid Search
CUST02554,Customer 02554,Australia,Oceania,SMB,2025-04-09,Organic
CUST02555,Customer 02555,Singapore,Asia,SMB,2025-06-04,Organic
CUST02556,Customer 02556,United States,North America,SMB,2024-10-02,Partner
CUST02557,Customer 02557,France,Europe,Enterprise,2025-02-06,Paid Search
CUST02558,Customer 02558,Singapore,Asia,Enterprise,2025-07-07,Organic
CUST02559,Customer 02559,Thailand,Asia,SMB,2025-10-02,Paid Search
CUST02560,Customer 02560,France,Europe,Mid-Market,2024-03-20,Referral
CUST02561,Customer 02561,Mexico,North America,SMB,2024-12-28,Organic
CUST02562,Customer 02562,United States,North America,Mid-Market,2025-09-15,Organic
CUST02563,Customer 02563,United States,North America,Enterprise,2025-02-10,Partner
CUST02564,Customer 02564,Canada,North America,Mid-Market,2024-01-22,Organic
CUST02565,Customer 02565,Canada,North America,Mid-Market,2024-04-01,Social
CUST02566,Customer 02566,Singapore,Asia,SMB,2025-08-21,Organic
CUST02567,Customer 02567,Italy,Europe,SMB,2024-11-05,Referral
CUST02568,Customer 02568,Germany,Europe,SMB,2025-05-29,Referral
CUST02569,Customer 02569,Mexico,North America,SMB,2025-10-14,Organic
CUST02570,Customer 02570,New Zealand,Oceania,Mid-Market,2024-03-05,Referral
CUST02571,Customer 02571,Italy,Europe,SMB,2024-11-28,Paid Search
CUST02572,Customer 02572,United States,North America,SMB,2024-04-17,Paid Search
CUST02573,Customer 02573,Canada,North America,Mid-Market,2025-09-07,Partner
CUST02574,Customer 02574,Chile,South America,Mid-Market,2024-11-26,Social
CUST02575,Customer 02575,Mexico,North America,Mid-Market,2025-10-02,Organic
CUST02576,Customer 02576,Mexico,North America,SMB,2024-08-07,Referral
CUST02577,Customer 02577,Mexico,North America,Mid-Market,2024-04-16,Organic
CUST02578,Customer 02578,Argentina,South America,SMB,2025-09-25,Organic
CUST02579,Customer 02579,Germany,Europe,Mid-Market,2025-03-24,Organic
CUST02580,Customer 02580,Australia,Oceania,SMB,2024-05-20,Referral
CUST02581,Customer 02581,France,Europe,SMB,2025-05-22,Referral
CUST02582,Customer 02582,Chile,South America,Enterprise,2024-10-31,Paid Search
CUST02583,Customer 02583,France,Europe,SMB,2024-02-04,Social
CUST02584,Customer 02584,France,Europe,SMB,2024-07-09,Partner
CUST02585,Customer 02585,Spain,Europe,SMB,2025-07-02,Organic
CUST02586,Customer 02586,India,Asia,Enterprise,2024-04-02,Organic
CUST02587,Customer 02587,South Korea,Asia,Enterprise,2024-09-03,Referral
CUST02588,Customer 02588,United Kingdom,Europe,SMB,2024-07-08,Paid Search
CUST02589,Customer 02589,Thailand,Asia,Mid-Market,2025-06-19,Organic
CUST02590,Customer 02590,Singapore,Asia,SMB,2025-09-20,Organic
CUST02591,Customer 02591,Canada,North America,Mid-Market,2025-07-29,Paid Search
CUST02592,Customer 02592,Chile,South America,SMB,2025-06-07,Paid Search
CUST02593,Customer 02593,Mexico,North America,SMB,2024-03-06,Referral
CUST02594,Customer 02594,Italy,Europe,Mid-Market,2025-10-30,Partner
CUST02595,Customer 02595,South Korea,Asia,Enterprise,2024-04-28,Social
CUST02596,Customer 02596,New Zealand,Oceania,SMB,2024-10-23,Partner
CUST02597,Customer 02597,Spain,Europe,SMB,2025-08-28,Paid Search
CUST02598,Customer 02598,South Korea,Asia,Enterprise,2024-06-24,Paid Search
CUST02599,Customer 02599,Australia,Oceania,SMB,2024-06-07,Organic
CUST02600,Customer 02600,New Zealand,Oceania,SMB,2024-01-20,Social
CUST02601,Customer 02601,Japan,Asia,SMB,2024-09-18,Paid Search
CUST02602,Customer 02602,Canada,North America,SMB,2024-12-27,Organic
CUST02603,Customer 02603,Singapore,Asia,SMB,2024-12-07,Referral
CUST02604,Customer 02604,Mexico,North America,SMB,2024-01-30,Paid Search
CUST02605,Customer 02605,United Kingdom,Europe,SMB,2024-05-29,Social
CUST02606,Customer 02606,Spain,Europe,SMB,2024-01-04,Organic
CUST02607,Customer 02607,Mexico,North America,Mid-Market,2024-06-13,Paid Search
CUST02608,Customer 02608,Spain,Europe,SMB,2025-03-18,Social
CUST02609,Customer 02609,United States,North America,Mid-Market,2024-01-07,Paid Search
CUST02610,Customer 02610,South Korea,Asia,SMB,2024-04-30,Paid Search
CUST02611,Customer 02611,Brazil,South America,SMB,2025-02-01,Referral
CUST02612,Customer 02612,Argentina,South America,SMB,2025-02-13,Referral
CUST02613,Customer 02613,Singapore,Asia,SMB,2025-10-17,Organic
CUST02614,Customer 02614,United States,North America,Mid-Market,2025-02-23,Organic
CUST02615,Customer 02615,Thailand,Asia,SMB,2025-11-07,Paid Search
CUST02616,Customer 02616,Thailand,Asia,Mid-Market,2025-06-13,Organic
CUST02617,Customer 02617,United Kingdom,Europe,Enterprise,2025-02-06,Paid Search
CUST02618,Customer 02618,Brazil,South America,SMB,2024-10-07,Paid Search
CUST02619,Customer 02619,Brazil,South America,Enterprise,2024-03-22,Referral
CUST02620,Customer 02620,Australia,Oceania,SMB,2025-05-30,Referral
CUST02621,Customer 02621,Chile,South America,SMB,2025-11-16,Paid Search
CUST02622,Customer 02622,Australia,Oceania,SMB,2024-09-24,Organic
CUST02623,Customer 02623,Germany,Europe,Mid-Market,2024-09-16,Paid Search
CUST02624,Customer 02624,New Zealand,Oceania,Mid-Market,2024-03-12,Organic
CUST02625,Customer 02625,Mexico,North America,Enterprise,2025-03-12,Social
CUST02626,Customer 02626,Singapore,Asia,Mid-Market,2024-08-14,Organic
CUST02627,Customer 02627,Canada,North America,SMB,2024-01-08,Partner
CUST02628,Customer 02628,India,Asia,Enterprise,2024-01-06,Referral
CUST02629,Customer 02629,Thailand,Asia,Enterprise,2024-09-02,Partner
CUST02630,Customer 02630,Germany,Europe,Mid-Market,2024-12-04,Partner
CUST02631,Customer 02631,Spain,Europe,Mid-Market,2024-11-30,Partner
CUST02632,Customer 02632,Japan,Asia,Mid-Market,2025-06-25,Referral
CUST02633,Customer 02633,Brazil,South America,SMB,2025-01-21,Organic
CUST02634,Customer 02634,Canada,North America,Enterprise,2025-07-27,Referral
CUST02635,Customer 02635,United States,North America,Enterprise,2024-08-05,Organic
CUST02636,Customer 02636,India,Asia,Mid-Market,2024-06-18,Paid Search
CUST02637,Customer 02637,India,Asia,SMB,2025-01-29,Partner
CUST02638,Customer 02638,Italy,Europe,SMB,2024-03-18,Referral
CUST02639,Customer 02639,Chile,South America,Enterprise,2025-07-12,Organic
CUST02640,Customer 02640,France,Europe,Enterprise,2024-05-15,Partner
CUST02641,Customer 02641,Canada,North America,Mid-Market,2025-10-30,Organic
CUST02642,Customer 02642,Canada,North America,Enterprise,2025-12-20,Partner
CUST02643,Customer 02643,Canada,North America,SMB,2025-01-27,Partner
CUST02644,Customer 02644,Argentina,South America,Enterprise,2024-08-16,Organic
CUST02645,Customer 02645,Thailand,Asia,SMB,2024-09-04,Organic
CUST02646,Customer 02646,Argentina,South America,SMB,2024-11-09,Social
CUST02647,Customer 02647,Canada,North America,SMB,2024-12-16,Organic
CUST02648,Customer 02648,Mexico,North America,SMB,2024-02-25,Social
CUST02649,Customer 02649,Canada,North America,SMB,2024-05-24,Paid Search
CUST02650,Customer 02650,Brazil,South America,Mid-Market,2025-07-31,Paid Search
CUST02651,Customer 02651,Australia,Oceania,SMB,2024-02-08,Referral
CUST02652,Customer 02652,Japan,Asia,Mid-Market,2024-11-23,Paid Search
CUST02653,Customer 02653,Brazil,South America,SMB,2025-10-01,Paid Search
CUST02654,Customer 02654,Mexico,North America,Mid-Market,2024-03-04,Referral
CUST02655,Customer 02655,Singapore,Asia,SMB,2025-11-07,Paid Search
CUST02656,Customer 02656,Australia,Oceania,Mid-Market,2024-12-11,Organic
CUST02657,Customer 02657,Singapore,Asia,Mid-Market,2024-11-05,Partner
CUST02658,Customer 02658,Mexico,North America,SMB,2025-06-05,Paid Search
CUST02659,Customer 02659,Spain,Europe,SMB,2025-07-22,Referral
CUST02660,Customer 02660,Spain,Europe,SMB,2024-12-11,Referral
CUST02661,Customer 02661,Chile,South America,SMB,2024-03-01,Referral
CUST02662,Customer 02662,South Korea,Asia,SMB,2025-12-09,Organic
CUST02663,Customer 02663,Thailand,Asia,SMB,2024-01-07,Social
CUST02664,Customer 02664,Spain,Europe,Mid-Market,2025-09-29,Paid Search
CUST02665,Customer 02665,South Korea,Asia,SMB,2024-11-13,Social
CUST02666,Customer 02666,Argentina,South America,SMB,2025-01-11,Partner
CUST02667,Customer 02667,Chile,South America,SMB,2025-07-13,Referral
CUST02668,Customer 02668,United Kingdom,Europe,SMB,2025-11-18,Paid Search
CUST02669,Customer 02669,United States,North America,SMB,2024-04-19,Organic
CUST02670,Customer 02670,India,Asia,Mid-Market,2025-08-16,Paid Search
CUST02671,Customer 02671,Canada,North America,Mid-Market,2025-04-28,Referral
CUST02672,Customer 02672,India,Asia,SMB,2024-09-26,Paid Search
CUST02673,Customer 02673,India,Asia,SMB,2024-11-07,Organic
CUST02674,Customer 02674,Japan,Asia,SMB,2025-07-17,Paid Search
CUST02675,Customer 02675,Canada,North America,Mid-Market,2024-04-12,Organic
CUST02676,Customer 02676,Canada,North America,SMB,2025-01-04,Paid Search
CUST02677,Customer 02677,Singapore,Asia,Mid-Market,2025-06-11,Paid Search
CUST02678,Customer 02678,Argentina,South America,Mid-Market,2025-01-29,Organic
CUST02679,Customer 02679,Mexico,North America,Mid-Market,2024-11-23,Organic
CUST02680,Customer 02680,Japan,Asia,SMB,2025-01-15,Organic
CUST02681,Customer 02681,Argentina,South America,Enterprise,2025-01-08,Referral
CUST02682,Customer 02682,Argentina,South America,SMB,2025-08-10,Social
CUST02683,Customer 02683,France,Europe,SMB,2025-08-23,Organic
CUST02684,Customer 02684,United States,North America,Enterprise,2025-11-02,Referral
CUST02685,Customer 02685,India,Asia,Mid-Market,2024-02-22,Organic
CUST02686,Customer 02686,United States,North America,SMB,2024-08-21,Referral
CUST02687,Customer 02687,France,Europe,SMB,2025-10-02,Organic
CUST02688,Customer 02688,United States,North America,SMB,2025-04-14,Partner
CUST02689,Customer 02689,Japan,Asia,Mid-Market,2024-10-02,Referral
CUST02690,Customer 02690,Mexico,North America,SMB,2025-04-04,Referral
CUST02691,Customer 02691,New Zealand,Oceania,SMB,2024-12-04,Organic
CUST02692,Customer 02692,Singapore,Asia,SMB,2025-10-10,Partner
CUST02693,Customer 02693,Brazil,South America,Enterprise,2025-02-11,Organic
CUST02694,Customer 02694,New Zealand,Oceania,Mid-Market,2024-11-22,Paid Search
CUST02695,Customer 02695,Brazil,South America,SMB,2025-03-31,Partner
CUST02696,Customer 02696,Germany,Europe,Enterprise,2024-05-19,Referral
CUST02697,Customer 02697,Argentina,South America,SMB,2025-07-17,Partner
CUST02698,Customer 02698,United Kingdom,Europe,Mid-Market,2024-05-28,Referral
CUST02699,Customer 02699,Japan,Asia,Mid-Market,2024-01-18,Partner
CUST02700,Customer 02700,Chile,South America,SMB,2024-02-07,Organic
CUST02701,Customer 02701,United States,North America,Mid-Market,2024-02-18,Paid Search
CUST02702,Customer 02702,United States,North America,Enterprise,2024-03-14,Paid Search
CUST02703,Customer 02703,Singapore,Asia,SMB,2024-02-07,Referral
CUST02704,Customer 02704,Argentina,South America,SMB,2024-08-08,Referral
CUST02705,Customer 02705,Mexico,North America,Mid-Market,2025-12-03,Referral
CUST02706,Customer 02706,India,Asia,SMB,2024-03-15,Referral
CUST02707,Customer 02707,Argentina,South America,SMB,2025-05-09,Organic
CUST02708,Customer 02708,Germany,Europe,SMB,2025-09-28,Paid Search
CUST02709,Customer 02709,Germany,Europe,Mid-Market,2025-08-14,Social
CUST02710,Customer 02710,Canada,North America,Mid-Market,2024-09-21,Organic
CUST02711,Customer 02711,New Zealand,Oceania,Enterprise,2024-02-08,Organic
CUST02712,Customer 02712,Germany,Europe,SMB,2024-09-26,Referral
CUST02713,Customer 02713,Spain,Europe,Enterprise,2025-03-15,Organic
CUST02714,Customer 02714,United Kingdom,Europe,SMB,2025-07-07,Paid Search
CUST02715,Customer 02715,Argentina,South America,Mid-Market,2024-04-13,Referral
CUST02716,Customer 02716,Spain,Europe,Mid-Market,2024-08-08,Paid Search
CUST02717,Customer 02717,United States,North America,SMB,2025-03-15,Social
CUST02718,Customer 02718,Australia,Oceania,Mid-Market,2025-06-06,Partner
CUST02719,Customer 02719,Italy,Europe,SMB,2024-08-15,Paid Search
CUST02720,Customer 02720,United States,North America,SMB,2025-08-24,Social
CUST02721,Customer 02721,Mexico,North America,Mid-Market,2025-08-09,Organic
CUST02722,Customer 02722,Chile,South America,SMB,2024-09-20,Organic
CUST02723,Customer 02723,Thailand,Asia,Mid-Market,2025-01-26,Referral
CUST02724,Customer 02724,Singapore,Asia,SMB,2024-12-15,Referral
CUST02725,Customer 02725,Italy,Europe,SMB,2025-05-03,Organic
CUST02726,Customer 02726,Mexico,North America,Mid-Market,2024-08-23,Paid Search
CUST02727,Customer 02727,United States,North America,SMB,2024-08-28,Organic
CUST02728,Customer 02728,France,Europe,Enterprise,2024-11-05,Organic
CUST02729,Customer 02729,Singapore,Asia,Enterprise,2024-06-06,Paid Search
CUST02730,Customer 02730,Argentina,South America,SMB,2025-02-28,Social
CUST02731,Customer 02731,Italy,Europe,SMB,2025-12-01,Partner
CUST02732,Customer 02732,Thailand,Asia,SMB,2024-09-12,Paid Search
CUST02733,Customer 02733,Canada,North America,Mid-Market,2025-09-21,Paid Search
CUST02734,Customer 02734,India,Asia,SMB,2024-12-05,Organic
CUST02735,Customer 02735,India,Asia,Enterprise,2024-05-01,Paid Search
CUST02736,Customer 02736,Thailand,Asia,Enterprise,2024-12-28,Referral
CUST02737,Customer 02737,United Kingdom,Europe,SMB,2024-12-31,Partner
CUST02738,Customer 02738,Canada,North America,Mid-Market,2024-01-18,Paid Search
CUST02739,Customer 02739,Canada,North America,SMB,2024-12-16,Social
CUST02740,Customer 02740,Mexico,North America,SMB,2024-04-29,Partner
CUST02741,Customer 02741,France,Europe,SMB,2025-08-03,Organic
CUST02742,Customer 02742,Brazil,South America,Mid-Market,2025-01-30,Social
CUST02743,Customer 02743,Italy,Europe,SMB,2024-08-10,Organic
CUST02744,Customer 02744,Canada,North America,Enterprise,2024-01-02,Social
CUST02745,Customer 02745,Thailand,Asia,SMB,2025-02-21,Referral
CUST02746,Customer 02746,United States,North America,Mid-Market,2025-05-29,Paid Search
CUST02747,Customer 02747,France,Europe,Enterprise,2024-11-06,Paid Search
CUST02748,Customer 02748,Spain,Europe,Mid-Market,2025-10-23,Referral
CUST02749,Customer 02749,Thailand,Asia,SMB,2024-05-23,Partner
CUST02750,Customer 02750,Germany,Europe,SMB,2025-07-05,Partner
CUST02751,Customer 02751,Spain,Europe,SMB,2024-12-28,Paid Search
CUST02752,Customer 02752,United States,North America,SMB,2024-08-17,Partner
CUST02753,Customer 02753,Brazil,South America,Enterprise,2024-07-29,Paid Search
CUST02754,Customer 02754,Spain,Europe,SMB,2024-11-24,Paid Search
CUST02755,Customer 02755,Brazil,South America,SMB,2024-02-28,Organic
CUST02756,Customer 02756,United States,North America,Mid-Market,2025-04-20,Partner
CUST02757,Customer 02757,Brazil,South America,SMB,2024-10-25,Referral
CUST02758,Customer 02758,Canada,North America,Enterprise,2025-05-12,Paid Search
CUST02759,Customer 02759,United States,North America,SMB,2025-01-11,Referral
CUST02760,Customer 02760,United States,North America,SMB,2025-12-15,Partner
CUST02761,Customer 02761,United States,North America,Mid-Market,2024-03-01,Organic
CUST02762,Customer 02762,New Zealand,Oceania,SMB,2024-12-26,Paid Search
CUST02763,Customer 02763,United Kingdom,Europe,Enterprise,2025-01-27,Paid Search
CUST02764,Customer 02764,India,Asia,SMB,2024-07-01,Organic
CUST02765,Customer 02765,United Kingdom,Europe,SMB,2025-05-06,Paid Search
CUST02766,Customer 02766,Australia,Oceania,SMB,2024-09-21,Partner
CUST02767,Customer 02767,Japan,Asia,SMB,2025-07-12,Organic
CUST02768,Customer 02768,Canada,North America,Mid-Market,2025-11-05,Partner
CUST02769,Customer 02769,Brazil,South America,SMB,2025-09-16,Social
CUST02770,Customer 02770,Australia,Oceania,Mid-Market,2025-04-07,Organic
CUST02771,Customer 02771,Italy,Europe,Enterprise,2025-06-08,Paid Search
CUST02772,Customer 02772,United States,North America,SMB,2025-09-23,Organic
CUST02773,Customer 02773,Brazil,South America,Mid-Market,2025-12-17,Referral
CUST02774,Customer 02774,Germany,Europe,SMB,2025-06-13,Paid Search
CUST02775,Customer 02775,Mexico,North America,Mid-Market,2025-10-29,Referral
CUST02776,Customer 02776,South Korea,Asia,SMB,2025-12-06,Partner
CUST02777,Customer 02777,Mexico,North America,Mid-Market,2024-05-08,Partner
CUST02778,Customer 02778,United States,North America,SMB,2025-01-01,Paid Search
CUST02779,Customer 02779,Singapore,Asia,SMB,2024-09-18,Partner
CUST02780,Customer 02780,France,Europe,SMB,2025-11-25,Social
CUST02781,Customer 02781,Italy,Europe,SMB,2025-06-27,Referral
CUST02782,Customer 02782,France,Europe,Enterprise,2025-10-09,Organic
CUST02783,Customer 02783,Canada,North America,SMB,2024-09-12,Partner
CUST02784,Customer 02784,Singapore,Asia,Enterprise,2025-09-08,Partner
CUST02785,Customer 02785,Italy,Europe,SMB,2024-02-29,Referral
CUST02786,Customer 02786,Mexico,North America,SMB,2025-11-17,Referral
CUST02787,Customer 02787,Mexico,North America,SMB,2024-06-17,Paid Search
CUST02788,Customer 02788,Canada,North America,SMB,2025-01-19,Paid Search
CUST02789,Customer 02789,New Zealand,Oceania,Mid-Market,2025-06-07,Partner
CUST02790,Customer 02790,Thailand,Asia,SMB,2025-06-27,Partner
CUST02791,Customer 02791,Argentina,South America,Enterprise,2024-06-04,Organic
CUST02792,Customer 02792,Italy,Europe,SMB,2025-02-09,Organic
CUST02793,Customer 02793,Mexico,North America,SMB,2025-01-22,Paid Search
CUST02794,Customer 02794,New Zealand,Oceania,SMB,2025-07-21,Paid Search
CUST02795,Customer 02795,Brazil,South America,Mid-Market,2024-08-22,Partner
CUST02796,Customer 02796,Mexico,North America,SMB,2025-07-12,Organic
CUST02797,Customer 02797,Canada,North America,Enterprise,2025-03-26,Partner
CUST02798,Customer 02798,India,Asia,SMB,2025-07-08,Paid Search
CUST02799,Customer 02799,Canada,North America,SMB,2025-10-01,Referral
CUST02800,Customer 02800,Mexico,North America,Mid-Market,2024-11-09,Paid Search
CUST02801,Customer 02801,New Zealand,Oceania,Mid-Market,2024-11-11,Partner
CUST02802,Customer 02802,South Korea,Asia,Mid-Market,2025-08-05,Paid Search
CUST02803,Customer 02803,Spain,Europe,SMB,2025-07-25,Paid Search
CUST02804,Customer 02804,Canada,North America,Mid-Market,2025-10-02,Referral
CUST02805,Customer 02805,Italy,Europe,SMB,2025-02-06,Paid Search
CUST02806,Customer 02806,Germany,Europe,Enterprise,2025-04-10,Paid Search
CUST02807,Customer 02807,Japan,Asia,SMB,2024-02-13,Social
CUST02808,Customer 02808,United States,North America,Mid-Market,2024-11-28,Referral
CUST02809,Customer 02809,Spain,Europe,SMB,2024-06-29,Organic
CUST02810,Customer 02810,Italy,Europe,Mid-Market,2025-09-15,Referral
CUST02811,Customer 02811,Spain,Europe,Enterprise,2024-03-30,Organic
CUST02812,Customer 02812,Argentina,South America,Enterprise,2025-07-23,Paid Search
CUST02813,Customer 02813,Canada,North America,SMB,2025-09-03,Organic
CUST02814,Customer 02814,Italy,Europe,SMB,2024-12-09,Organic
CUST02815,Customer 02815,United Kingdom,Europe,Mid-Market,2025-05-03,Paid Search
CUST02816,Customer 02816,Canada,North America,Mid-Market,2025-02-27,Referral
CUST02817,Customer 02817,Japan,Asia,Mid-Market,2025-05-18,Paid Search
CUST02818,Customer 02818,Canada,North America,SMB,2025-05-16,Organic
CUST02819,Customer 02819,India,Asia,SMB,2024-07-03,Organic
CUST02820,Customer 02820,Australia,Oceania,SMB,2025-05-18,Organic
CUST02821,Customer 02821,India,Asia,Mid-Market,2025-10-21,Referral
CUST02822,Customer 02822,United States,North America,SMB,2024-08-15,Organic
CUST02823,Customer 02823,Germany,Europe,SMB,2024-08-12,Paid Search
CUST02824,Customer 02824,Australia,Oceania,Mid-Market,2024-08-01,Paid Search
CUST02825,Customer 02825,Australia,Oceania,SMB,2025-10-28,Organic
CUST02826,Customer 02826,Mexico,North America,Enterprise,2025-10-10,Referral
CUST02827,Customer 02827,India,Asia,SMB,2024-09-11,Referral
CUST02828,Customer 02828,United Kingdom,Europe,SMB,2025-11-15,Referral
CUST02829,Customer 02829,Brazil,South America,SMB,2025-07-10,Paid Search
CUST02830,Customer 02830,Mexico,North America,SMB,2024-10-20,Paid Search
CUST02831,Customer 02831,France,Europe,Mid-Market,2025-08-26,Referral
CUST02832,Customer 02832,South Korea,Asia,SMB,2025-10-29,Social
CUST02833,Customer 02833,South Korea,Asia,SMB,2025-09-26,Paid Search
CUST02834,Customer 02834,Chile,South America,SMB,2024-12-10,Referral
CUST02835,Customer 02835,Canada,North America,Mid-Market,2024-06-07,Paid Search
CUST02836,Customer 02836,Canada,North America,Mid-Market,2024-05-02,Social
CUST02837,Customer 02837,Mexico,North America,SMB,2025-08-27,Organic
CUST02838,Customer 02838,Thailand,Asia,SMB,2025-06-19,Paid Search
CUST02839,Customer 02839,Japan,Asia,SMB,2025-06-02,Paid Search
CUST02840,Customer 02840,Spain,Europe,Mid-Market,2024-02-03,Referral
CUST02841,Customer 02841,Mexico,North America,SMB,2025-12-06,Referral
CUST02842,Customer 02842,South Korea,Asia,SMB,2024-03-24,Referral
CUST02843,Customer 02843,Thailand,Asia,Mid-Market,2025-02-28,Referral
CUST02844,Customer 02844,Germany,Europe,SMB,2025-11-18,Paid Search
CUST02845,Customer 02845,United Kingdom,Europe,Mid-Market,2024-06-25,Organic
CUST02846,Customer 02846,Canada,North America,SMB,2025-01-13,Partner
CUST02847,Customer 02847,Spain,Europe,Enterprise,2025-09-06,Paid Search
CUST02848,Customer 02848,Germany,Europe,SMB,2024-07-13,Organic
CUST02849,Customer 02849,Mexico,North America,SMB,2024-03-15,Organic
CUST02850,Customer 02850,India,Asia,SMB,2024-12-17,Paid Search
CUST02851,Customer 02851,Japan,Asia,SMB,2025-08-04,Paid Search
CUST02852,Customer 02852,South Korea,Asia,Mid-Market,2025-02-26,Referral
CUST02853,Customer 02853,Brazil,South America,SMB,2024-11-19,Referral
CUST02854,Customer 02854,Thailand,Asia,SMB,2025-04-12,Organic
CUST02855,Customer 02855,Mexico,North America,Mid-Market,2024-02-07,Organic
CUST02856,Customer 02856,Australia,Oceania,SMB,2024-09-11,Partner
CUST02857,Customer 02857,United States,North America,Mid-Market,2025-10-03,Partner
CUST02858,Customer 02858,India,Asia,Mid-Market,2024-10-10,Partner
CUST02859,Customer 02859,Mexico,North America,SMB,2025-12-06,Organic
CUST02860,Customer 02860,Thailand,Asia,Mid-Market,2025-02-05,Social
CUST02861,Customer 02861,South Korea,Asia,Enterprise,2025-11-13,Partner
CUST02862,Customer 02862,United States,North America,Mid-Market,2025-04-03,Paid Search
CUST02863,Customer 02863,India,Asia,SMB,2024-11-02,Referral
CUST02864,Customer 02864,Germany,Europe,SMB,2025-11-04,Organic
CUST02865,Customer 02865,Singapore,Asia,Enterprise,2024-07-16,Referral
CUST02866,Customer 02866,Italy,Europe,Mid-Market,2024-10-13,Partner
CUST02867,Customer 02867,India,Asia,SMB,2025-06-12,Paid Search
CUST02868,Customer 02868,Mexico,North America,SMB,2025-10-01,Organic
CUST02869,Customer 02869,Australia,Oceania,Mid-Market,2024-05-21,Paid Search
CUST02870,Customer 02870,United Kingdom,Europe,Mid-Market,2025-12-27,Referral
CUST02871,Customer 02871,Mexico,North America,Enterprise,2024-11-10,Referral
CUST02872,Customer 02872,Singapore,Asia,Enterprise,2024-09-04,Paid Search
CUST02873,Customer 02873,United Kingdom,Europe,SMB,2024-04-03,Social
CUST02874,Customer 02874,France,Europe,Mid-Market,2024-01-20,Organic
CUST02875,Customer 02875,United Kingdom,Europe,SMB,2025-02-11,Organic
CUST02876,Customer 02876,France,Europe,SMB,2025-03-17,Organic
CUST02877,Customer 02877,Japan,Asia,SMB,2024-03-09,Partner
CUST02878,Customer 02878,South Korea,Asia,Enterprise,2025-10-22,Partner
CUST02879,Customer 02879,Mexico,North America,SMB,2025-02-01,Partner
CUST02880,Customer 02880,Spain,Europe,SMB,2024-02-09,Partner
CUST02881,Customer 02881,France,Europe,SMB,2025-09-07,Paid Search
CUST02882,Customer 02882,France,Europe,SMB,2024-05-24,Paid Search
CUST02883,Customer 02883,United States,North America,SMB,2025-05-06,Referral
CUST02884,Customer 02884,Japan,Asia,SMB,2025-05-09,Paid Search
CUST02885,Customer 02885,Canada,North America,SMB,2025-08-15,Paid Search
CUST02886,Customer 02886,France,Europe,SMB,2025-08-14,Organic
CUST02887,Customer 02887,Italy,Europe,Mid-Market,2025-12-21,Paid Search
CUST02888,Customer 02888,Australia,Oceania,Mid-Market,2024-03-04,Paid Search
CUST02889,Customer 02889,United Kingdom,Europe,Mid-Market,2024-09-23,Organic
CUST02890,Customer 02890,France,Europe,SMB,2024-09-22,Social
CUST02891,Customer 02891,United Kingdom,Europe,SMB,2024-10-02,Organic
CUST02892,Customer 02892,Australia,Oceania,SMB,2024-06-23,Social
CUST02893,Customer 02893,Canada,North America,Enterprise,2024-06-19,Organic
CUST02894,Customer 02894,Mexico,North America,SMB,2025-12-06,Partner
CUST02895,Customer 02895,New Zealand,Oceania,SMB,2025-10-19,Paid Search
CUST02896,Customer 02896,France,Europe,Enterprise,2025-05-13,Organic
CUST02897,Customer 02897,Australia,Oceania,Enterprise,2025-02-09,Organic
CUST02898,Customer 02898,Italy,Europe,SMB,2024-12-13,Paid Search
CUST02899,Customer 02899,Canada,North America,Mid-Market,2025-05-13,Partner
CUST02900,Customer 02900,Singapore,Asia,SMB,2025-09-22,Organic
CUST02901,Customer 02901,Japan,Asia,SMB,2024-11-07,Organic
CUST02902,Customer 02902,New Zealand,Oceania,SMB,2025-01-28,Referral
CUST02903,Customer 02903,Italy,Europe,Enterprise,2025-10-28,Referral
CUST02904,Customer 02904,New Zealand,Oceania,SMB,2025-10-28,Paid Search
CUST02905,Customer 02905,South Korea,Asia,Mid-Market,2024-06-17,Organic
CUST02906,Customer 02906,Canada,North America,SMB,2024-06-23,Referral
CUST02907,Customer 02907,Australia,Oceania,Mid-Market,2024-05-29,Organic
CUST02908,Customer 02908,Germany,Europe,Mid-Market,2024-01-20,Referral
CUST02909,Customer 02909,New Zealand,Oceania,Mid-Market,2025-05-22,Organic
CUST02910,Customer 02910,Mexico,North America,Enterprise,2024-11-09,Social
CUST02911,Customer 02911,Canada,North America,Mid-Market,2024-01-24,Referral
CUST02912,Customer 02912,Germany,Europe,Mid-Market,2024-05-29,Referral
CUST02913,Customer 02913,Mexico,North America,SMB,2025-01-24,Partner
CUST02914,Customer 02914,United States,North America,Enterprise,2025-09-02,Social
CUST02915,Customer 02915,Singapore,Asia,SMB,2025-04-29,Partner
CUST02916,Customer 02916,Germany,Europe,SMB,2025-01-24,Referral
CUST02917,Customer 02917,Germany,Europe,SMB,2024-05-16,Partner
CUST02918,Customer 02918,Chile,South America,SMB,2024-07-30,Organic
CUST02919,Customer 02919,Italy,Europe,Mid-Market,2025-07-25,Partner
CUST02920,Customer 02920,United States,North America,SMB,2025-07-19,Referral
CUST02921,Customer 02921,Australia,Oceania,SMB,2025-09-26,Referral
CUST02922,Customer 02922,United Kingdom,Europe,Enterprise,2025-01-20,Partner
CUST02923,Customer 02923,Italy,Europe,Enterprise,2024-07-18,Referral
CUST02924,Customer 02924,Canada,North America,SMB,2025-01-02,Referral
CUST02925,Customer 02925,Spain,Europe,Enterprise,2025-10-17,Social
CUST02926,Customer 02926,Canada,North America,SMB,2024-05-12,Referral
CUST02927,Customer 02927,Canada,North America,SMB,2025-09-11,Organic
CUST02928,Customer 02928,United States,North America,Enterprise,2025-12-28,Organic
CUST02929,Customer 02929,South Korea,Asia,Mid-Market,2025-08-22,Paid Search
CUST02930,Customer 02930,Mexico,North America,Mid-Market,2025-04-26,Organic
CUST02931,Customer 02931,United States,North America,SMB,2024-10-26,Referral
CUST02932,Customer 02932,Italy,Europe,SMB,2025-09-16,Partner
CUST02933,Customer 02933,Mexico,North America,SMB,2024-04-27,Organic
CUST02934,Customer 02934,Argentina,South America,Enterprise,2025-07-09,Social
CUST02935,Customer 02935,Mexico,North America,SMB,2024-10-20,Referral
CUST02936,Customer 02936,Japan,Asia,SMB,2025-01-02,Social
CUST02937,Customer 02937,India,Asia,SMB,2024-12-04,Organic
CUST02938,Customer 02938,Spain,Europe,Mid-Market,2024-01-08,Paid Search
CUST02939,Customer 02939,France,Europe,SMB,2025-12-22,Referral
CUST02940,Customer 02940,Italy,Europe,Mid-Market,2025-05-02,Partner
CUST02941,Customer 02941,Australia,Oceania,SMB,2025-03-14,Social
CUST02942,Customer 02942,France,Europe,SMB,2024-03-14,Partner
CUST02943,Customer 02943,Chile,South America,SMB,2025-07-23,Organic
CUST02944,Customer 02944,France,Europe,SMB,2025-12-03,Paid Search
CUST02945,Customer 02945,Thailand,Asia,Mid-Market,2025-08-18,Referral
CUST02946,Customer 02946,India,Asia,Mid-Market,2024-07-01,Organic
CUST02947,Customer 02947,India,Asia,SMB,2024-05-12,Social
CUST02948,Customer 02948,United States,North America,SMB,2024-09-25,Referral
CUST02949,Customer 02949,Australia,Oceania,SMB,2024-01-17,Partner
CUST02950,Customer 02950,Brazil,South America,Enterprise,2025-02-07,Social
CUST02951,Customer 02951,France,Europe,Enterprise,2024-11-30,Organic
CUST02952,Customer 02952,United States,North America,Mid-Market,2025-01-02,Paid Search
CUST02953,Customer 02953,Italy,Europe,SMB,2025-12-24,Referral
CUST02954,Customer 02954,Australia,Oceania,SMB,2025-04-23,Partner
CUST02955,Customer 02955,Mexico,North America,Enterprise,2024-10-31,Referral
CUST02956,Customer 02956,Thailand,Asia,SMB,2025-07-26,Organic
CUST02957,Customer 02957,Italy,Europe,Mid-Market,2024-09-27,Referral
CUST02958,Customer 02958,Italy,Europe,Enterprise,2025-07-07,Organic
CUST02959,Customer 02959,Italy,Europe,Mid-Market,2025-11-12,Paid Search
CUST02960,Customer 02960,New Zealand,Oceania,Mid-Market,2025-10-25,Social
CUST02961,Customer 02961,Canada,North America,SMB,2025-01-14,Organic
CUST02962,Customer 02962,New Zealand,Oceania,Enterprise,2024-12-09,Organic
CUST02963,Customer 02963,United Kingdom,Europe,SMB,2024-10-17,Paid Search
CUST02964,Customer 02964,Canada,North America,Enterprise,2025-01-25,Partner
CUST02965,Customer 02965,Japan,Asia,SMB,2025-11-15,Organic
CUST02966,Customer 02966,United States,North America,Mid-Market,2025-09-30,Organic
CUST02967,Customer 02967,Thailand,Asia,Enterprise,2025-03-19,Paid Search
CUST02968,Customer 02968,South Korea,Asia,Mid-Market,2024-07-25,Referral
CUST02969,Customer 02969,Mexico,North America,SMB,2024-10-02,Organic
CUST02970,Customer 02970,France,Europe,SMB,2024-06-28,Partner
CUST02971,Customer 02971,South Korea,Asia,Mid-Market,2024-05-16,Partner
CUST02972,Customer 02972,Canada,North America,Mid-Market,2024-01-07,Paid Search
CUST02973,Customer 02973,Germany,Europe,SMB,2025-07-19,Organic
CUST02974,Customer 02974,New Zealand,Oceania,Enterprise,2025-06-23,Paid Search
CUST02975,Customer 02975,Mexico,North America,Enterprise,2024-05-10,Organic
CUST02976,Customer 02976,Chile,South America,Enterprise,2025-05-17,Paid Search
CUST02977,Customer 02977,Canada,North America,Mid-Market,2024-04-30,Partner
CUST02978,Customer 02978,United States,North America,Enterprise,2024-07-21,Organic
CUST02979,Customer 02979,United States,North America,Enterprise,2024-07-07,Organic
CUST02980,Customer 02980,Chile,South America,SMB,2024-04-04,Organic
CUST02981,Customer 02981,Mexico,North America,Enterprise,2025-06-16,Organic
CUST02982,Customer 02982,India,Asia,SMB,2024-02-01,Organic
CUST02983,Customer 02983,Italy,Europe,Enterprise,2024-10-23,Paid Search
CUST02984,Customer 02984,United States,North America,Mid-Market,2024-12-22,Partner
CUST02985,Customer 02985,Italy,Europe,Mid-Market,2025-02-25,Organic
CUST02986,Customer 02986,Germany,Europe,SMB,2024-05-21,Paid Search
CUST02987,Customer 02987,Spain,Europe,SMB,2024-12-10,Social
CUST02988,Customer 02988,United States,North America,SMB,2025-08-02,Referral
CUST02989,Customer 02989,United Kingdom,Europe,Mid-Market,2024-09-30,Partner
CUST02990,Customer 02990,Mexico,North America,Enterprise,2025-11-25,Paid Search
CUST02991,Customer 02991,Mexico,North America,SMB,2024-11-10,Organic
CUST02992,Customer 02992,Argentina,South America,SMB,2025-07-21,Organic
CUST02993,Customer 02993,Thailand,Asia,Mid-Market,2024-03-24,Partner
CUST02994,Customer 02994,United States,North America,SMB,2025-09-14,Partner
CUST02995,Customer 02995,Canada,North America,SMB,2024-12-16,Paid Search
CUST02996,Customer 02996,Thailand,Asia,SMB,2025-12-25,Paid Search
CUST02997,Customer 02997,United States,North America,Mid-Market,2025-05-27,Paid Search
CUST02998,Customer 02998,United Kingdom,Europe,Mid-Market,2025-06-25,Organic
CUST02999,Customer 02999,Australia,Oceania,Enterprise,2024-04-18,Organic
CUST03000,Customer 03000,France,Europe,SMB,2025-02-18,Social
CUST03001,Customer 03001,Chile,South America,SMB,2025-06-23,Organic
CUST03002,Customer 03002,Canada,North America,Mid-Market,2025-08-15,Paid Search
CUST03003,Customer 03003,Italy,Europe,Enterprise,2024-10-02,Referral
CUST03004,Customer 03004,Canada,North America,SMB,2025-02-16,Paid Search
CUST03005,Customer 03005,Spain,Europe,Enterprise,2024-05-06,Social
CUST03006,Customer 03006,Canada,North America,Mid-Market,2024-11-12,Organic
CUST03007,Customer 03007,Mexico,North America,Enterprise,2024-12-13,Partner
CUST03008,Customer 03008,Italy,Europe,SMB,2024-01-24,Organic
CUST03009,Customer 03009,Spain,Europe,SMB,2025-11-01,Organic
CUST03010,Customer 03010,Mexico,North America,SMB,2025-04-15,Paid Search
CUST03011,Customer 03011,Japan,Asia,Mid-Market,2024-05-13,Partner
CUST03012,Customer 03012,Brazil,South America,Enterprise,2025-10-18,Paid Search
CUST03013,Customer 03013,United States,North America,SMB,2025-05-20,Organic
CUST03014,Customer 03014,Canada,North America,SMB,2025-05-21,Paid Search
CUST03015,Customer 03015,Singapore,Asia,SMB,2025-11-12,Organic
CUST03016,Customer 03016,United States,North America,Mid-Market,2024-10-22,Partner
CUST03017,Customer 03017,New Zealand,Oceania,Enterprise,2024-09-16,Social
CUST03018,Customer 03018,Spain,Europe,SMB,2025-03-26,Referral
CUST03019,Customer 03019,South Korea,Asia,Mid-Market,2025-10-11,Paid Search
CUST03020,Customer 03020,France,Europe,SMB,2025-08-17,Referral
CUST03021,Customer 03021,Thailand,Asia,Enterprise,2025-07-29,Referral
CUST03022,Customer 03022,United States,North America,Mid-Market,2025-07-12,Organic
CUST03023,Customer 03023,Japan,Asia,SMB,2024-01-26,Paid Search
CUST03024,Customer 03024,Mexico,North America,Mid-Market,2024-12-25,Referral
CUST03025,Customer 03025,Thailand,Asia,Mid-Market,2024-09-17,Partner
CUST03026,Customer 03026,United Kingdom,Europe,Enterprise,2024-09-21,Paid Search
CUST03027,Customer 03027,India,Asia,Mid-Market,2025-09-17,Partner
CUST03028,Customer 03028,Brazil,South America,SMB,2024-10-17,Partner
CUST03029,Customer 03029,Mexico,North America,Mid-Market,2025-09-03,Social
CUST03030,Customer 03030,Japan,Asia,Mid-Market,2025-10-25,Social
CUST03031,Customer 03031,Mexico,North America,SMB,2024-11-28,Organic
CUST03032,Customer 03032,France,Europe,Enterprise,2024-05-04,Paid Search
CUST03033,Customer 03033,Singapore,Asia,SMB,2025-05-25,Partner
CUST03034,Customer 03034,Spain,Europe,Enterprise,2025-09-22,Partner
CUST03035,Customer 03035,New Zealand,Oceania,SMB,2024-10-23,Organic
CUST03036,Customer 03036,Canada,North America,SMB,2024-05-22,Referral
CUST03037,Customer 03037,Canada,North America,SMB,2025-01-15,Partner
CUST03038,Customer 03038,France,Europe,Mid-Market,2025-12-18,Organic
CUST03039,Customer 03039,United Kingdom,Europe,Enterprise,2025-01-12,Paid Search
CUST03040,Customer 03040,Canada,North America,SMB,2024-11-23,Paid Search
CUST03041,Customer 03041,India,Asia,SMB,2024-11-17,Paid Search
CUST03042,Customer 03042,Australia,Oceania,Enterprise,2025-06-20,Referral
CUST03043,Customer 03043,Canada,North America,Mid-Market,2024-09-06,Organic
CUST03044,Customer 03044,India,Asia,SMB,2025-06-17,Partner
CUST03045,Customer 03045,Mexico,North America,Enterprise,2025-12-22,Organic
CUST03046,Customer 03046,New Zealand,Oceania,SMB,2025-07-18,Partner
CUST03047,Customer 03047,South Korea,Asia,SMB,2025-11-09,Organic
CUST03048,Customer 03048,United States,North America,SMB,2025-07-31,Partner
CUST03049,Customer 03049,New Zealand,Oceania,Mid-Market,2025-09-08,Paid Search
CUST03050,Customer 03050,Spain,Europe,SMB,2024-01-29,Referral
CUST03051,Customer 03051,Brazil,South America,Enterprise,2024-09-15,Organic
CUST03052,Customer 03052,Italy,Europe,SMB,2024-07-18,Paid Search
CUST03053,Customer 03053,Mexico,North America,Enterprise,2025-09-23,Organic
CUST03054,Customer 03054,United States,North America,SMB,2024-06-16,Organic
CUST03055,Customer 03055,United States,North America,SMB,2025-12-08,Referral
CUST03056,Customer 03056,South Korea,Asia,SMB,2025-05-25,Organic
CUST03057,Customer 03057,Mexico,North America,SMB,2024-03-31,Social
CUST03058,Customer 03058,Italy,Europe,SMB,2025-05-14,Paid Search
CUST03059,Customer 03059,United Kingdom,Europe,Enterprise,2024-09-07,Organic
CUST03060,Customer 03060,South Korea,Asia,Mid-Market,2024-08-05,Social
CUST03061,Customer 03061,Canada,North America,Mid-Market,2025-12-27,Organic
CUST03062,Customer 03062,Singapore,Asia,SMB,2025-08-03,Partner
CUST03063,Customer 03063,Italy,Europe,Enterprise,2025-07-12,Paid Search
CUST03064,Customer 03064,Brazil,South America,SMB,2024-08-15,Referral
CUST03065,Customer 03065,Japan,Asia,Mid-Market,2025-04-29,Partner
CUST03066,Customer 03066,India,Asia,Mid-Market,2024-09-07,Organic
CUST03067,Customer 03067,South Korea,Asia,SMB,2025-03-16,Referral
CUST03068,Customer 03068,Italy,Europe,SMB,2024-10-18,Organic
CUST03069,Customer 03069,United States,North America,Enterprise,2025-03-21,Referral
CUST03070,Customer 03070,India,Asia,SMB,2025-06-28,Organic
CUST03071,Customer 03071,France,Europe,Mid-Market,2024-08-18,Organic
CUST03072,Customer 03072,Australia,Oceania,Enterprise,2024-01-09,Organic
CUST03073,Customer 03073,Argentina,South America,SMB,2024-03-11,Referral
CUST03074,Customer 03074,Canada,North America,SMB,2025-10-24,Social
CUST03075,Customer 03075,Argentina,South America,SMB,2025-12-02,Social
CUST03076,Customer 03076,Australia,Oceania,Mid-Market,2025-05-20,Referral
CUST03077,Customer 03077,South Korea,Asia,SMB,2024-03-19,Partner
CUST03078,Customer 03078,Mexico,North America,SMB,2025-03-04,Partner
CUST03079,Customer 03079,Canada,North America,SMB,2024-11-12,Paid Search
CUST03080,Customer 03080,Thailand,Asia,Enterprise,2024-06-22,Organic
CUST03081,Customer 03081,Spain,Europe,Enterprise,2024-10-04,Referral
CUST03082,Customer 03082,Spain,Europe,Mid-Market,2025-07-28,Organic
CUST03083,Customer 03083,Canada,North America,Enterprise,2025-12-29,Partner
CUST03084,Customer 03084,United States,North America,Mid-Market,2025-09-30,Paid Search
CUST03085,Customer 03085,Canada,North America,Enterprise,2024-05-28,Organic
CUST03086,Customer 03086,Singapore,Asia,SMB,2025-01-01,Partner
CUST03087,Customer 03087,Italy,Europe,SMB,2025-01-21,Organic
CUST03088,Customer 03088,Thailand,Asia,Enterprise,2024-08-01,Social
CUST03089,Customer 03089,Canada,North America,SMB,2024-11-14,Social
CUST03090,Customer 03090,Australia,Oceania,SMB,2024-10-05,Referral
CUST03091,Customer 03091,Chile,South America,Mid-Market,2024-02-20,Referral
CUST03092,Customer 03092,New Zealand,Oceania,Mid-Market,2024-10-31,Organic
CUST03093,Customer 03093,Chile,South America,SMB,2024-09-23,Paid Search
CUST03094,Customer 03094,New Zealand,Oceania,SMB,2024-08-11,Partner
CUST03095,Customer 03095,South Korea,Asia,SMB,2025-03-24,Organic
CUST03096,Customer 03096,France,Europe,SMB,2025-06-04,Organic
CUST03097,Customer 03097,France,Europe,SMB,2024-02-04,Paid Search
CUST03098,Customer 03098,Japan,Asia,SMB,2024-09-07,Referral
CUST03099,Customer 03099,Japan,Asia,Mid-Market,2024-01-23,Referral
CUST03100,Customer 03100,Italy,Europe,SMB,2025-08-23,Organic
CUST03101,Customer 03101,Australia,Oceania,SMB,2025-11-08,Organic
CUST03102,Customer 03102,Germany,Europe,Mid-Market,2024-12-04,Partner
CUST03103,Customer 03103,Australia,Oceania,SMB,2025-11-21,Organic
CUST03104,Customer 03104,Mexico,North America,SMB,2025-04-04,Organic
CUST03105,Customer 03105,Canada,North America,SMB,2025-09-27,Organic
CUST03106,Customer 03106,Canada,North America,Mid-Market,2025-11-23,Partner
CUST03107,Customer 03107,Thailand,Asia,SMB,2025-03-05,Organic
CUST03108,Customer 03108,United States,North America,SMB,2024-11-22,Paid Search
CUST03109,Customer 03109,Spain,Europe,Mid-Market,2025-06-26,Paid Search
CUST03110,Customer 03110,New Zealand,Oceania,Mid-Market,2024-05-04,Organic
CUST03111,Customer 03111,South Korea,Asia,Mid-Market,2024-08-04,Social
CUST03112,Customer 03112,Singapore,Asia,Enterprise,2025-02-05,Partner
CUST03113,Customer 03113,Mexico,North America,Mid-Market,2024-05-27,Referral
CUST03114,Customer 03114,United States,North America,SMB,2024-12-29,Paid Search
CUST03115,Customer 03115,Japan,Asia,SMB,2025-09-17,Organic
CUST03116,Customer 03116,Mexico,North America,SMB,2025-07-26,Referral
CUST03117,Customer 03117,France,Europe,SMB,2025-10-13,Organic
CUST03118,Customer 03118,Mexico,North America,SMB,2025-09-20,Referral
CUST03119,Customer 03119,Thailand,Asia,SMB,2024-08-30,Organic
CUST03120,Customer 03120,Singapore,Asia,Mid-Market,2025-06-04,Referral
CUST03121,Customer 03121,France,Europe,Mid-Market,2024-09-28,Paid Search
CUST03122,Customer 03122,Thailand,Asia,SMB,2025-12-11,Paid Search
CUST03123,Customer 03123,Thailand,Asia,SMB,2024-05-09,Organic
CUST03124,Customer 03124,Singapore,Asia,SMB,2024-07-15,Organic
CUST03125,Customer 03125,Germany,Europe,SMB,2025-11-19,Paid Search
CUST03126,Customer 03126,United Kingdom,Europe,SMB,2024-06-23,Paid Search
CUST03127,Customer 03127,Canada,North America,SMB,2025-03-28,Social
CUST03128,Customer 03128,Germany,Europe,SMB,2024-07-31,Paid Search
CUST03129,Customer 03129,Canada,North America,Enterprise,2024-07-26,Organic
CUST03130,Customer 03130,Australia,Oceania,SMB,2025-05-05,Paid Search
CUST03131,Customer 03131,South Korea,Asia,Mid-Market,2025-08-04,Paid Search
CUST03132,Customer 03132,Australia,Oceania,SMB,2024-06-18,Partner
CUST03133,Customer 03133,Italy,Europe,SMB,2025-12-19,Organic
CUST03134,Customer 03134,United Kingdom,Europe,SMB,2024-03-05,Partner
CUST03135,Customer 03135,Mexico,North America,Enterprise,2024-03-14,Referral
CUST03136,Customer 03136,Mexico,North America,SMB,2025-12-15,Organic
CUST03137,Customer 03137,Brazil,South America,SMB,2024-02-10,Paid Search
CUST03138,Customer 03138,United Kingdom,Europe,Enterprise,2024-08-17,Paid Search
CUST03139,Customer 03139,Mexico,North America,SMB,2024-03-29,Paid Search
CUST03140,Customer 03140,Singapore,Asia,SMB,2024-06-11,Paid Search
CUST03141,Customer 03141,Japan,Asia,Mid-Market,2024-02-24,Referral
CUST03142,Customer 03142,Spain,Europe,SMB,2024-09-19,Referral
CUST03143,Customer 03143,Australia,Oceania,Enterprise,2024-08-04,Paid Search
CUST03144,Customer 03144,Spain,Europe,SMB,2024-04-25,Referral
CUST03145,Customer 03145,Chile,South America,Mid-Market,2025-06-09,Partner
CUST03146,Customer 03146,United States,North America,SMB,2024-01-27,Paid Search
CUST03147,Customer 03147,United States,North America,Mid-Market,2024-12-12,Paid Search
CUST03148,Customer 03148,Mexico,North America,Mid-Market,2024-08-11,Organic
CUST03149,Customer 03149,Argentina,South America,Mid-Market,2025-04-20,Organic
CUST03150,Customer 03150,Spain,Europe,Enterprise,2024-09-03,Organic
CUST03151,Customer 03151,Spain,Europe,Mid-Market,2024-12-11,Paid Search
CUST03152,Customer 03152,United States,North America,SMB,2025-08-15,Partner
CUST03153,Customer 03153,South Korea,Asia,SMB,2024-04-15,Organic
CUST03154,Customer 03154,France,Europe,SMB,2024-11-14,Referral
CUST03155,Customer 03155,Spain,Europe,SMB,2025-02-14,Organic
CUST03156,Customer 03156,Japan,Asia,SMB,2025-06-22,Organic
CUST03157,Customer 03157,Germany,Europe,Mid-Market,2025-01-27,Paid Search
CUST03158,Customer 03158,Italy,Europe,Mid-Market,2025-06-21,Paid Search
CUST03159,Customer 03159,New Zealand,Oceania,Enterprise,2025-08-04,Organic
CUST03160,Customer 03160,Singapore,Asia,SMB,2025-07-30,Organic
CUST03161,Customer 03161,Australia,Oceania,Mid-Market,2025-03-25,Referral
CUST03162,Customer 03162,Australia,Oceania,Mid-Market,2025-11-02,Paid Search
CUST03163,Customer 03163,Spain,Europe,Enterprise,2024-01-17,Paid Search
CUST03164,Customer 03164,Mexico,North America,Mid-Market,2024-12-30,Paid Search
CUST03165,Customer 03165,Mexico,North America,SMB,2025-08-09,Paid Search
CUST03166,Customer 03166,United States,North America,SMB,2024-03-16,Organic
CUST03167,Customer 03167,Spain,Europe,Enterprise,2025-08-21,Organic
CUST03168,Customer 03168,France,Europe,Mid-Market,2024-01-29,Paid Search
CUST03169,Customer 03169,Spain,Europe,Mid-Market,2025-07-28,Paid Search
CUST03170,Customer 03170,Mexico,North America,Mid-Market,2024-05-16,Social
CUST03171,Customer 03171,Australia,Oceania,Mid-Market,2025-05-02,Partner
CUST03172,Customer 03172,Mexico,North America,Mid-Market,2025-08-29,Organic
CUST03173,Customer 03173,Canada,North America,Enterprise,2025-08-18,Organic
CUST03174,Customer 03174,New Zealand,Oceania,Enterprise,2025-02-23,Partner
CUST03175,Customer 03175,Canada,North America,SMB,2025-10-26,Paid Search
CUST03176,Customer 03176,France,Europe,SMB,2024-04-12,Paid Search
CUST03177,Customer 03177,Chile,South America,SMB,2024-06-21,Referral
CUST03178,Customer 03178,India,Asia,SMB,2024-04-06,Paid Search
CUST03179,Customer 03179,Spain,Europe,Mid-Market,2025-06-09,Organic
CUST03180,Customer 03180,United States,North America,Mid-Market,2025-10-13,Organic
CUST03181,Customer 03181,New Zealand,Oceania,SMB,2025-11-11,Organic
CUST03182,Customer 03182,Singapore,Asia,SMB,2025-01-15,Organic
CUST03183,Customer 03183,Japan,Asia,SMB,2024-04-06,Organic
CUST03184,Customer 03184,France,Europe,Mid-Market,2024-05-05,Referral
CUST03185,Customer 03185,France,Europe,Mid-Market,2025-04-02,Paid Search
CUST03186,Customer 03186,Spain,Europe,SMB,2025-10-17,Organic
CUST03187,Customer 03187,Mexico,North America,SMB,2025-12-23,Organic
CUST03188,Customer 03188,Chile,South America,Mid-Market,2025-06-10,Social
CUST03189,Customer 03189,Italy,Europe,SMB,2025-10-05,Organic
CUST03190,Customer 03190,Singapore,Asia,Mid-Market,2024-12-15,Organic
CUST03191,Customer 03191,Spain,Europe,Enterprise,2024-05-23,Referral
CUST03192,Customer 03192,France,Europe,SMB,2024-12-05,Organic
CUST03193,Customer 03193,Mexico,North America,SMB,2024-03-13,Organic
CUST03194,Customer 03194,Canada,North America,SMB,2025-05-06,Organic
CUST03195,Customer 03195,Canada,North America,SMB,2024-08-28,Social
CUST03196,Customer 03196,Singapore,Asia,SMB,2024-09-04,Referral
CUST03197,Customer 03197,Mexico,North America,SMB,2024-01-03,Paid Search
CUST03198,Customer 03198,Italy,Europe,SMB,2025-12-31,Partner
CUST03199,Customer 03199,Italy,Europe,Mid-Market,2024-11-08,Referral
CUST03200,Customer 03200,Australia,Oceania,SMB,2025-07-27,Organic
CUST03201,Customer 03201,United States,North America,Mid-Market,2025-01-14,Paid Search
CUST03202,Customer 03202,New Zealand,Oceania,SMB,2025-04-13,Paid Search
CUST03203,Customer 03203,New Zealand,Oceania,SMB,2024-12-08,Paid Search
CUST03204,Customer 03204,United States,North America,SMB,2025-05-17,Partner
CUST03205,Customer 03205,New Zealand,Oceania,SMB,2024-05-26,Organic
CUST03206,Customer 03206,Japan,Asia,SMB,2025-12-29,Organic
CUST03207,Customer 03207,Spain,Europe,Mid-Market,2024-11-08,Paid Search
CUST03208,Customer 03208,Spain,Europe,Enterprise,2024-01-08,Organic
CUST03209,Customer 03209,Italy,Europe,SMB,2025-11-27,Social
CUST03210,Customer 03210,Germany,Europe,SMB,2024-01-17,Paid Search
CUST03211,Customer 03211,South Korea,Asia,SMB,2024-12-11,Organic
CUST03212,Customer 03212,United States,North America,Mid-Market,2025-07-27,Referral
CUST03213,Customer 03213,Canada,North America,SMB,2024-09-27,Partner
CUST03214,Customer 03214,Canada,North America,SMB,2024-06-02,Paid Search
CUST03215,Customer 03215,Germany,Europe,Enterprise,2024-06-24,Paid Search
CUST03216,Customer 03216,Canada,North America,Enterprise,2025-05-15,Referral
CUST03217,Customer 03217,South Korea,Asia,Mid-Market,2025-02-23,Organic
CUST03218,Customer 03218,Germany,Europe,SMB,2025-01-02,Referral
CUST03219,Customer 03219,Japan,Asia,SMB,2025-01-10,Referral
CUST03220,Customer 03220,India,Asia,SMB,2024-08-20,Partner
CUST03221,Customer 03221,South Korea,Asia,Mid-Market,2025-11-14,Partner
CUST03222,Customer 03222,Brazil,South America,Mid-Market,2024-06-18,Social
CUST03223,Customer 03223,United States,North America,SMB,2025-09-04,Organic
CUST03224,Customer 03224,Canada,North America,Enterprise,2025-07-21,Partner
CUST03225,Customer 03225,France,Europe,SMB,2024-01-05,Referral
CUST03226,Customer 03226,Brazil,South America,Mid-Market,2024-05-04,Paid Search
CUST03227,Customer 03227,Mexico,North America,SMB,2025-02-07,Social
CUST03228,Customer 03228,Italy,Europe,SMB,2024-04-26,Partner
CUST03229,Customer 03229,United States,North America,SMB,2025-09-15,Partner
CUST03230,Customer 03230,Thailand,Asia,Mid-Market,2024-11-19,Organic
CUST03231,Customer 03231,Singapore,Asia,SMB,2025-09-03,Organic
CUST03232,Customer 03232,Germany,Europe,SMB,2024-03-28,Social
CUST03233,Customer 03233,Mexico,North America,Mid-Market,2024-01-18,Social
CUST03234,Customer 03234,France,Europe,Mid-Market,2025-04-13,Organic
CUST03235,Customer 03235,France,Europe,Mid-Market,2025-08-09,Organic
CUST03236,Customer 03236,Germany,Europe,Mid-Market,2025-12-26,Referral
CUST03237,Customer 03237,New Zealand,Oceania,Mid-Market,2025-07-29,Organic
CUST03238,Customer 03238,Japan,Asia,Mid-Market,2025-06-30,Referral
CUST03239,Customer 03239,Singapore,Asia,SMB,2024-02-12,Social
CUST03240,Customer 03240,Japan,Asia,SMB,2025-03-16,Organic
CUST03241,Customer 03241,Chile,South America,SMB,2025-06-05,Referral
CUST03242,Customer 03242,Mexico,North America,SMB,2024-10-15,Paid Search
CUST03243,Customer 03243,New Zealand,Oceania,SMB,2025-12-31,Organic
CUST03244,Customer 03244,Japan,Asia,SMB,2025-12-23,Paid Search
CUST03245,Customer 03245,Italy,Europe,SMB,2025-09-17,Referral
CUST03246,Customer 03246,Canada,North America,Mid-Market,2025-10-05,Partner
CUST03247,Customer 03247,Thailand,Asia,Mid-Market,2025-02-19,Paid Search
CUST03248,Customer 03248,Chile,South America,Mid-Market,2025-08-22,Social
CUST03249,Customer 03249,Brazil,South America,Enterprise,2024-02-22,Organic
CUST03250,Customer 03250,Thailand,Asia,SMB,2024-06-17,Social
CUST03251,Customer 03251,Australia,Oceania,SMB,2025-04-30,Referral
CUST03252,Customer 03252,United States,North America,SMB,2024-03-31,Paid Search
CUST03253,Customer 03253,Singapore,Asia,SMB,2025-08-17,Organic
CUST03254,Customer 03254,Japan,Asia,SMB,2024-05-10,Organic
CUST03255,Customer 03255,Spain,Europe,Enterprise,2024-09-12,Paid Search
CUST03256,Customer 03256,Chile,South America,SMB,2024-07-08,Social
CUST03257,Customer 03257,Germany,Europe,SMB,2025-01-30,Partner
CUST03258,Customer 03258,Japan,Asia,SMB,2024-02-29,Organic
CUST03259,Customer 03259,Canada,North America,SMB,2025-08-16,Paid Search
CUST03260,Customer 03260,Italy,Europe,Mid-Market,2025-10-11,Paid Search
CUST03261,Customer 03261,United Kingdom,Europe,Mid-Market,2025-06-30,Partner
CUST03262,Customer 03262,Mexico,North America,Mid-Market,2024-05-15,Partner
CUST03263,Customer 03263,Germany,Europe,Mid-Market,2024-07-31,Organic
CUST03264,Customer 03264,Singapore,Asia,SMB,2024-06-14,Organic
CUST03265,Customer 03265,Japan,Asia,SMB,2025-03-16,Organic
CUST03266,Customer 03266,France,Europe,Mid-Market,2025-10-11,Paid Search
CUST03267,Customer 03267,Italy,Europe,SMB,2025-10-04,Organic
CUST03268,Customer 03268,United States,North America,SMB,2025-12-01,Organic
CUST03269,Customer 03269,Australia,Oceania,SMB,2025-05-19,Partner
CUST03270,Customer 03270,United Kingdom,Europe,Mid-Market,2024-06-11,Paid Search
CUST03271,Customer 03271,New Zealand,Oceania,SMB,2024-10-18,Social
CUST03272,Customer 03272,Canada,North America,Enterprise,2024-08-03,Partner
CUST03273,Customer 03273,United States,North America,SMB,2024-02-16,Organic
CUST03274,Customer 03274,Mexico,North America,SMB,2025-08-07,Organic
CUST03275,Customer 03275,Canada,North America,SMB,2025-02-26,Paid Search
CUST03276,Customer 03276,Chile,South America,SMB,2025-12-10,Referral
CUST03277,Customer 03277,Japan,Asia,SMB,2025-09-06,Paid Search
CUST03278,Customer 03278,Mexico,North America,Mid-Market,2025-04-19,Social
CUST03279,Customer 03279,Japan,Asia,SMB,2024-02-01,Partner
CUST03280,Customer 03280,Spain,Europe,SMB,2024-11-19,Paid Search
CUST03281,Customer 03281,Canada,North America,SMB,2024-12-13,Organic
CUST03282,Customer 03282,Italy,Europe,SMB,2025-05-08,Paid Search
CUST03283,Customer 03283,Singapore,Asia,Enterprise,2025-02-18,Paid Search
CUST03284,Customer 03284,Germany,Europe,SMB,2025-07-24,Organic
CUST03285,Customer 03285,Germany,Europe,Mid-Market,2024-01-17,Partner
CUST03286,Customer 03286,Canada,North America,SMB,2024-03-23,Paid Search
CUST03287,Customer 03287,United States,North America,SMB,2025-11-27,Organic
CUST03288,Customer 03288,South Korea,Asia,Mid-Market,2024-11-14,Partner
CUST03289,Customer 03289,Germany,Europe,SMB,2025-08-24,Referral
CUST03290,Customer 03290,Singapore,Asia,Enterprise,2025-09-18,Organic
CUST03291,Customer 03291,Japan,Asia,SMB,2024-03-29,Paid Search
CUST03292,Customer 03292,United States,North America,SMB,2025-05-30,Referral
CUST03293,Customer 03293,Canada,North America,Enterprise,2024-05-07,Paid Search
CUST03294,Customer 03294,Singapore,Asia,SMB,2024-04-22,Paid Search
CUST03295,Customer 03295,Japan,Asia,Enterprise,2024-06-27,Referral
CUST03296,Customer 03296,Australia,Oceania,Enterprise,2025-07-06,Referral
CUST03297,Customer 03297,Canada,North America,SMB,2024-03-09,Organic
CUST03298,Customer 03298,Japan,Asia,SMB,2025-05-02,Organic
CUST03299,Customer 03299,Singapore,Asia,Mid-Market,2024-10-05,Referral
CUST03300,Customer 03300,Spain,Europe,SMB,2024-07-12,Organic
CUST03301,Customer 03301,New Zealand,Oceania,Mid-Market,2024-06-24,Social
CUST03302,Customer 03302,Singapore,Asia,SMB,2024-09-08,Organic
CUST03303,Customer 03303,South Korea,Asia,SMB,2024-09-12,Referral
CUST03304,Customer 03304,New Zealand,Oceania,SMB,2024-08-17,Social
CUST03305,Customer 03305,Mexico,North America,Mid-Market,2025-01-13,Paid Search
CUST03306,Customer 03306,United Kingdom,Europe,Mid-Market,2025-12-27,Referral
CUST03307,Customer 03307,France,Europe,Mid-Market,2024-11-26,Organic
CUST03308,Customer 03308,United Kingdom,Europe,SMB,2024-05-14,Referral
CUST03309,Customer 03309,Mexico,North America,SMB,2025-03-23,Social
CUST03310,Customer 03310,France,Europe,SMB,2025-08-29,Social
CUST03311,Customer 03311,Australia,Oceania,SMB,2025-03-14,Paid Search
CUST03312,Customer 03312,New Zealand,Oceania,SMB,2025-01-22,Partner
CUST03313,Customer 03313,Mexico,North America,Mid-Market,2025-05-04,Partner
CUST03314,Customer 03314,Canada,North America,SMB,2025-10-05,Paid Search
CUST03315,Customer 03315,Singapore,Asia,SMB,2024-02-25,Partner
CUST03316,Customer 03316,Italy,Europe,Mid-Market,2025-12-18,Organic
CUST03317,Customer 03317,Canada,North America,SMB,2025-10-14,Social
CUST03318,Customer 03318,Germany,Europe,Enterprise,2025-12-03,Partner
CUST03319,Customer 03319,France,Europe,SMB,2024-12-30,Paid Search
CUST03320,Customer 03320,Thailand,Asia,SMB,2025-09-16,Paid Search
CUST03321,Customer 03321,Spain,Europe,Enterprise,2024-02-29,Social
CUST03322,Customer 03322,South Korea,Asia,Mid-Market,2024-10-29,Organic
CUST03323,Customer 03323,United States,North America,Mid-Market,2025-10-04,Paid Search
CUST03324,Customer 03324,Argentina,South America,SMB,2024-07-17,Paid Search
CUST03325,Customer 03325,United States,North America,SMB,2025-07-12,Paid Search
CUST03326,Customer 03326,Brazil,South America,Mid-Market,2024-08-21,Organic
CUST03327,Customer 03327,Thailand,Asia,SMB,2025-03-06,Organic
CUST03328,Customer 03328,Argentina,South America,Mid-Market,2025-04-22,Social
CUST03329,Customer 03329,United States,North America,SMB,2025-10-03,Partner
CUST03330,Customer 03330,Italy,Europe,SMB,2024-09-06,Partner
CUST03331,Customer 03331,New Zealand,Oceania,SMB,2025-07-29,Paid Search
CUST03332,Customer 03332,South Korea,Asia,Mid-Market,2024-11-13,Referral
CUST03333,Customer 03333,Spain,Europe,SMB,2024-10-14,Paid Search
CUST03334,Customer 03334,Italy,Europe,Enterprise,2024-02-28,Referral
CUST03335,Customer 03335,South Korea,Asia,SMB,2024-02-25,Partner
CUST03336,Customer 03336,Thailand,Asia,SMB,2025-07-17,Organic
CUST03337,Customer 03337,United States,North America,SMB,2024-03-17,Social
CUST03338,Customer 03338,Argentina,South America,Mid-Market,2024-03-22,Social
CUST03339,Customer 03339,Singapore,Asia,Mid-Market,2024-05-15,Paid Search
CUST03340,Customer 03340,Mexico,North America,SMB,2024-09-03,Social
CUST03341,Customer 03341,Singapore,Asia,SMB,2024-04-28,Partner
CUST03342,Customer 03342,Argentina,South America,Mid-Market,2025-03-07,Organic
CUST03343,Customer 03343,Germany,Europe,SMB,2025-08-23,Organic
CUST03344,Customer 03344,Italy,Europe,Mid-Market,2025-01-23,Referral
CUST03345,Customer 03345,United States,North America,Mid-Market,2025-05-01,Partner
CUST03346,Customer 03346,Canada,North America,SMB,2025-10-14,Organic
CUST03347,Customer 03347,Canada,North America,Mid-Market,2025-10-15,Paid Search
CUST03348,Customer 03348,Mexico,North America,Mid-Market,2025-04-26,Paid Search
CUST03349,Customer 03349,Canada,North America,SMB,2024-02-19,Paid Search
CUST03350,Customer 03350,India,Asia,SMB,2025-07-30,Organic
CUST03351,Customer 03351,United Kingdom,Europe,SMB,2025-07-07,Organic
CUST03352,Customer 03352,France,Europe,Mid-Market,2024-08-09,Partner
CUST03353,Customer 03353,France,Europe,Mid-Market,2024-04-28,Organic
CUST03354,Customer 03354,Japan,Asia,SMB,2024-04-06,Referral
CUST03355,Customer 03355,India,Asia,SMB,2024-07-20,Referral
CUST03356,Customer 03356,Thailand,Asia,SMB,2025-06-27,Social
CUST03357,Customer 03357,United States,North America,SMB,2025-11-22,Social
CUST03358,Customer 03358,Singapore,Asia,SMB,2024-04-22,Social
CUST03359,Customer 03359,Mexico,North America,SMB,2024-10-30,Paid Search
CUST03360,Customer 03360,Canada,North America,SMB,2025-09-01,Organic
CUST03361,Customer 03361,Thailand,Asia,Mid-Market,2024-03-03,Organic
CUST03362,Customer 03362,Singapore,Asia,Mid-Market,2025-11-20,Paid Search
CUST03363,Customer 03363,Mexico,North America,SMB,2024-01-14,Organic
CUST03364,Customer 03364,Canada,North America,Mid-Market,2024-07-25,Organic
CUST03365,Customer 03365,India,Asia,SMB,2024-01-24,Paid Search
CUST03366,Customer 03366,Thailand,Asia,SMB,2025-07-10,Paid Search
CUST03367,Customer 03367,Mexico,North America,Enterprise,2024-11-08,Referral
CUST03368,Customer 03368,Mexico,North America,SMB,2024-11-15,Social
CUST03369,Customer 03369,Germany,Europe,SMB,2025-02-03,Paid Search
CUST03370,Customer 03370,Thailand,Asia,SMB,2024-08-06,Organic
CUST03371,Customer 03371,Argentina,South America,Mid-Market,2025-07-07,Paid Search
CUST03372,Customer 03372,Spain,Europe,SMB,2024-11-11,Paid Search
CUST03373,Customer 03373,Chile,South America,Enterprise,2025-08-04,Social
CUST03374,Customer 03374,Germany,Europe,SMB,2025-04-17,Paid Search
CUST03375,Customer 03375,Canada,North America,SMB,2025-05-08,Paid Search
CUST03376,Customer 03376,Japan,Asia,SMB,2025-12-23,Referral
CUST03377,Customer 03377,France,Europe,Mid-Market,2025-01-05,Paid Search
CUST03378,Customer 03378,New Zealand,Oceania,SMB,2024-08-07,Referral
CUST03379,Customer 03379,Singapore,Asia,Enterprise,2025-06-16,Organic
CUST03380,Customer 03380,New Zealand,Oceania,Enterprise,2025-05-31,Paid Search
CUST03381,Customer 03381,South Korea,Asia,SMB,2024-12-19,Organic
CUST03382,Customer 03382,Brazil,South America,SMB,2024-09-01,Partner
CUST03383,Customer 03383,Australia,Oceania,SMB,2025-11-11,Organic
CUST03384,Customer 03384,Mexico,North America,Mid-Market,2024-07-02,Organic
CUST03385,Customer 03385,Germany,Europe,Mid-Market,2024-02-27,Referral
CUST03386,Customer 03386,United States,North America,SMB,2025-04-06,Referral
CUST03387,Customer 03387,Canada,North America,Enterprise,2024-02-29,Paid Search
CUST03388,Customer 03388,Australia,Oceania,SMB,2025-07-10,Social
CUST03389,Customer 03389,India,Asia,Mid-Market,2025-09-07,Referral
CUST03390,Customer 03390,Japan,Asia,Mid-Market,2025-06-08,Social
CUST03391,Customer 03391,United Kingdom,Europe,SMB,2024-06-21,Paid Search
CUST03392,Customer 03392,Mexico,North America,SMB,2025-11-20,Referral
CUST03393,Customer 03393,New Zealand,Oceania,SMB,2024-03-05,Paid Search
CUST03394,Customer 03394,Italy,Europe,Enterprise,2024-03-19,Paid Search
CUST03395,Customer 03395,Mexico,North America,SMB,2024-08-10,Organic
CUST03396,Customer 03396,New Zealand,Oceania,Mid-Market,2025-01-30,Organic
CUST03397,Customer 03397,United Kingdom,Europe,SMB,2025-06-03,Partner
CUST03398,Customer 03398,Spain,Europe,SMB,2024-07-31,Partner
CUST03399,Customer 03399,United States,North America,Enterprise,2025-10-31,Organic
CUST03400,Customer 03400,Mexico,North America,SMB,2025-08-20,Organic
CUST03401,Customer 03401,Spain,Europe,Mid-Market,2024-06-17,Organic
CUST03402,Customer 03402,Argentina,South America,SMB,2024-02-15,Referral
CUST03403,Customer 03403,Canada,North America,SMB,2025-05-28,Organic
CUST03404,Customer 03404,New Zealand,Oceania,SMB,2024-05-08,Partner
CUST03405,Customer 03405,Chile,South America,SMB,2024-07-25,Organic
CUST03406,Customer 03406,Brazil,South America,Mid-Market,2025-07-18,Referral
CUST03407,Customer 03407,Mexico,North America,SMB,2024-05-18,Partner
CUST03408,Customer 03408,Singapore,Asia,SMB,2024-09-16,Organic
CUST03409,Customer 03409,United States,North America,SMB,2025-11-08,Partner
CUST03410,Customer 03410,Germany,Europe,Mid-Market,2025-05-13,Social
CUST03411,Customer 03411,Mexico,North America,Mid-Market,2025-03-29,Paid Search
CUST03412,Customer 03412,United Kingdom,Europe,Mid-Market,2025-12-30,Organic
CUST03413,Customer 03413,United States,North America,Enterprise,2025-07-17,Referral
CUST03414,Customer 03414,United Kingdom,Europe,SMB,2024-12-02,Paid Search
CUST03415,Customer 03415,Singapore,Asia,SMB,2025-04-30,Social
CUST03416,Customer 03416,Germany,Europe,SMB,2025-01-24,Paid Search
CUST03417,Customer 03417,Canada,North America,SMB,2024-09-22,Partner
CUST03418,Customer 03418,Canada,North America,Mid-Market,2025-12-13,Referral
CUST03419,Customer 03419,Italy,Europe,Mid-Market,2025-03-09,Organic
CUST03420,Customer 03420,Argentina,South America,SMB,2025-06-29,Paid Search
CUST03421,Customer 03421,Brazil,South America,Enterprise,2024-10-26,Partner
CUST03422,Customer 03422,South Korea,Asia,SMB,2024-05-23,Paid Search
CUST03423,Customer 03423,Mexico,North America,Mid-Market,2024-03-30,Paid Search
CUST03424,Customer 03424,India,Asia,SMB,2025-08-10,Social
CUST03425,Customer 03425,Spain,Europe,Mid-Market,2025-01-15,Paid Search
CUST03426,Customer 03426,United States,North America,SMB,2025-01-12,Partner
CUST03427,Customer 03427,Italy,Europe,Enterprise,2024-03-29,Organic
CUST03428,Customer 03428,Argentina,South America,Enterprise,2025-07-29,Partner
CUST03429,Customer 03429,New Zealand,Oceania,SMB,2024-07-11,Referral
CUST03430,Customer 03430,Chile,South America,SMB,2025-03-13,Organic
CUST03431,Customer 03431,Mexico,North America,Mid-Market,2024-09-13,Organic
CUST03432,Customer 03432,Mexico,North America,Mid-Market,2024-06-15,Organic
CUST03433,Customer 03433,New Zealand,Oceania,SMB,2024-04-29,Referral
CUST03434,Customer 03434,France,Europe,Mid-Market,2025-08-18,Paid Search
CUST03435,Customer 03435,United Kingdom,Europe,Enterprise,2024-03-10,Organic
CUST03436,Customer 03436,Mexico,North America,Mid-Market,2024-01-02,Referral
CUST03437,Customer 03437,India,Asia,SMB,2024-08-12,Social
CUST03438,Customer 03438,Singapore,Asia,Enterprise,2025-10-11,Organic
CUST03439,Customer 03439,United Kingdom,Europe,SMB,2025-05-28,Referral
CUST03440,Customer 03440,Mexico,North America,SMB,2025-08-21,Social
CUST03441,Customer 03441,India,Asia,Enterprise,2024-05-29,Paid Search
CUST03442,Customer 03442,Germany,Europe,SMB,2025-12-10,Social
CUST03443,Customer 03443,Germany,Europe,SMB,2024-03-27,Referral
CUST03444,Customer 03444,Singapore,Asia,Mid-Market,2024-01-26,Referral
CUST03445,Customer 03445,Argentina,South America,Mid-Market,2024-12-14,Partner
CUST03446,Customer 03446,Singapore,Asia,SMB,2024-11-15,Organic
CUST03447,Customer 03447,United States,North America,SMB,2024-07-31,Referral
CUST03448,Customer 03448,United States,North America,SMB,2024-05-03,Referral
CUST03449,Customer 03449,Singapore,Asia,SMB,2024-08-22,Organic
CUST03450,Customer 03450,Brazil,South America,SMB,2024-09-30,Paid Search
CUST03451,Customer 03451,Mexico,North America,SMB,2025-03-15,Partner
CUST03452,Customer 03452,United States,North America,Enterprise,2024-09-20,Organic
CUST03453,Customer 03453,Italy,Europe,Mid-Market,2024-06-27,Paid Search
CUST03454,Customer 03454,United Kingdom,Europe,Mid-Market,2025-03-12,Organic
CUST03455,Customer 03455,New Zealand,Oceania,Enterprise,2025-03-01,Organic
CUST03456,Customer 03456,Mexico,North America,Enterprise,2024-11-15,Paid Search
CUST03457,Customer 03457,Australia,Oceania,Mid-Market,2024-03-21,Organic
CUST03458,Customer 03458,New Zealand,Oceania,SMB,2025-12-06,Paid Search
CUST03459,Customer 03459,Germany,Europe,Mid-Market,2025-01-14,Organic
CUST03460,Customer 03460,United States,North America,SMB,2024-07-22,Social
CUST03461,Customer 03461,Singapore,Asia,SMB,2025-06-14,Partner
CUST03462,Customer 03462,Mexico,North America,SMB,2024-11-02,Organic
CUST03463,Customer 03463,Spain,Europe,SMB,2024-04-30,Organic
CUST03464,Customer 03464,Japan,Asia,SMB,2025-05-27,Organic
CUST03465,Customer 03465,United States,North America,Mid-Market,2024-03-08,Organic
CUST03466,Customer 03466,Mexico,North America,SMB,2024-07-21,Referral
CUST03467,Customer 03467,Canada,North America,SMB,2025-04-29,Referral
CUST03468,Customer 03468,India,Asia,SMB,2025-06-13,Paid Search
CUST03469,Customer 03469,Japan,Asia,Enterprise,2025-12-25,Partner
CUST03470,Customer 03470,New Zealand,Oceania,SMB,2025-06-02,Partner
CUST03471,Customer 03471,Thailand,Asia,SMB,2024-06-18,Paid Search
CUST03472,Customer 03472,Thailand,Asia,Mid-Market,2025-06-04,Referral
CUST03473,Customer 03473,United States,North America,Mid-Market,2025-07-03,Paid Search
CUST03474,Customer 03474,Thailand,Asia,SMB,2025-05-08,Referral
CUST03475,Customer 03475,United States,North America,Mid-Market,2025-06-29,Organic
CUST03476,Customer 03476,Thailand,Asia,SMB,2025-08-20,Paid Search
CUST03477,Customer 03477,Chile,South America,Enterprise,2025-02-19,Organic
CUST03478,Customer 03478,Australia,Oceania,Mid-Market,2025-12-28,Organic
CUST03479,Customer 03479,Australia,Oceania,Mid-Market,2025-04-16,Paid Search
CUST03480,Customer 03480,Mexico,North America,SMB,2024-02-10,Referral
CUST03481,Customer 03481,India,Asia,Mid-Market,2024-05-06,Paid Search
CUST03482,Customer 03482,Canada,North America,SMB,2024-12-29,Social
CUST03483,Customer 03483,Brazil,South America,SMB,2024-11-14,Paid Search
CUST03484,Customer 03484,Canada,North America,Mid-Market,2025-08-17,Social
CUST03485,Customer 03485,Mexico,North America,Mid-Market,2025-05-06,Organic
CUST03486,Customer 03486,Mexico,North America,SMB,2024-01-01,Paid Search
CUST03487,Customer 03487,Canada,North America,Enterprise,2024-11-29,Organic
CUST03488,Customer 03488,United States,North America,SMB,2025-02-02,Organic
CUST03489,Customer 03489,Spain,Europe,Mid-Market,2025-12-17,Organic
CUST03490,Customer 03490,Singapore,Asia,SMB,2025-04-27,Referral
CUST03491,Customer 03491,United States,North America,SMB,2024-05-11,Organic
CUST03492,Customer 03492,Spain,Europe,Enterprise,2024-05-20,Organic
CUST03493,Customer 03493,Chile,South America,SMB,2024-08-18,Organic
CUST03494,Customer 03494,United States,North America,Enterprise,2024-10-19,Referral
CUST03495,Customer 03495,Germany,Europe,SMB,2024-03-20,Paid Search
CUST03496,Customer 03496,Brazil,South America,Mid-Market,2025-07-31,Organic
CUST03497,Customer 03497,Canada,North America,SMB,2024-02-19,Organic
CUST03498,Customer 03498,United States,North America,Mid-Market,2024-02-18,Referral
CUST03499,Customer 03499,South Korea,Asia,Enterprise,2024-04-03,Referral
CUST03500,Customer 03500,Chile,South America,Mid-Market,2024-04-08,Paid Search
CUST03501,Customer 03501,India,Asia,SMB,2025-02-16,Paid Search
CUST03502,Customer 03502,Mexico,North America,Mid-Market,2025-08-21,Organic
CUST03503,Customer 03503,Germany,Europe,Mid-Market,2025-11-19,Paid Search
CUST03504,Customer 03504,United States,North America,SMB,2025-08-14,Referral
CUST03505,Customer 03505,Mexico,North America,Mid-Market,2025-05-16,Partner
CUST03506,Customer 03506,Canada,North America,Mid-Market,2025-03-07,Paid Search
CUST03507,Customer 03507,Thailand,Asia,Mid-Market,2024-08-14,Referral
CUST03508,Customer 03508,Argentina,South America,SMB,2024-10-31,Paid Search
CUST03509,Customer 03509,Canada,North America,SMB,2025-09-29,Referral
CUST03510,Customer 03510,South Korea,Asia,Enterprise,2024-03-18,Referral
CUST03511,Customer 03511,New Zealand,Oceania,Mid-Market,2025-08-26,Partner
CUST03512,Customer 03512,Mexico,North America,SMB,2025-08-16,Organic
CUST03513,Customer 03513,Australia,Oceania,Enterprise,2024-02-12,Paid Search
CUST03514,Customer 03514,New Zealand,Oceania,SMB,2024-06-25,Organic
CUST03515,Customer 03515,Australia,Oceania,SMB,2024-08-14,Paid Search
CUST03516,Customer 03516,Canada,North America,Mid-Market,2025-10-29,Paid Search
CUST03517,Customer 03517,United States,North America,Mid-Market,2024-11-16,Referral
CUST03518,Customer 03518,France,Europe,Enterprise,2025-07-21,Referral
CUST03519,Customer 03519,United States,North America,Mid-Market,2025-03-15,Referral
CUST03520,Customer 03520,Canada,North America,SMB,2024-02-29,Referral
CUST03521,Customer 03521,Mexico,North America,SMB,2025-05-02,Organic
CUST03522,Customer 03522,Argentina,South America,SMB,2025-04-09,Organic
CUST03523,Customer 03523,Spain,Europe,Enterprise,2025-09-28,Organic
CUST03524,Customer 03524,Singapore,Asia,SMB,2025-11-03,Partner
CUST03525,Customer 03525,Canada,North America,SMB,2025-03-05,Organic
CUST03526,Customer 03526,India,Asia,SMB,2025-10-04,Paid Search
CUST03527,Customer 03527,Spain,Europe,SMB,2024-04-11,Organic
CUST03528,Customer 03528,Germany,Europe,SMB,2025-03-24,Referral
CUST03529,Customer 03529,Brazil,South America,Mid-Market,2025-02-26,Social
CUST03530,Customer 03530,Thailand,Asia,SMB,2024-05-05,Partner
CUST03531,Customer 03531,United Kingdom,Europe,Enterprise,2025-01-28,Organic
CUST03532,Customer 03532,Germany,Europe,Enterprise,2025-05-12,Paid Search
CUST03533,Customer 03533,Singapore,Asia,SMB,2024-10-30,Organic
CUST03534,Customer 03534,United Kingdom,Europe,Enterprise,2025-05-01,Partner
CUST03535,Customer 03535,United States,North America,SMB,2025-06-28,Paid Search
CUST03536,Customer 03536,Mexico,North America,SMB,2025-03-06,Organic
CUST03537,Customer 03537,Italy,Europe,SMB,2024-10-18,Paid Search
CUST03538,Customer 03538,United States,North America,Mid-Market,2024-07-13,Paid Search
CUST03539,Customer 03539,Italy,Europe,Mid-Market,2025-04-28,Social
CUST03540,Customer 03540,Japan,Asia,SMB,2025-10-20,Organic
CUST03541,Customer 03541,Chile,South America,Mid-Market,2024-12-03,Social
CUST03542,Customer 03542,Canada,North America,Mid-Market,2025-01-02,Organic
CUST03543,Customer 03543,Brazil,South America,Mid-Market,2025-10-28,Organic
CUST03544,Customer 03544,United Kingdom,Europe,SMB,2024-08-05,Referral
CUST03545,Customer 03545,Singapore,Asia,Mid-Market,2025-08-13,Paid Search
CUST03546,Customer 03546,Japan,Asia,Mid-Market,2024-07-05,Partner
CUST03547,Customer 03547,Thailand,Asia,SMB,2024-07-07,Paid Search
CUST03548,Customer 03548,New Zealand,Oceania,Mid-Market,2024-07-24,Paid Search
CUST03549,Customer 03549,United Kingdom,Europe,SMB,2024-02-08,Organic
CUST03550,Customer 03550,Brazil,South America,Mid-Market,2024-12-03,Social
CUST03551,Customer 03551,Argentina,South America,Mid-Market,2024-09-15,Referral
CUST03552,Customer 03552,United States,North America,SMB,2024-06-17,Referral
CUST03553,Customer 03553,Thailand,Asia,SMB,2025-07-07,Partner
CUST03554,Customer 03554,United States,North America,Mid-Market,2025-01-13,Organic
CUST03555,Customer 03555,South Korea,Asia,Mid-Market,2024-05-23,Partner
CUST03556,Customer 03556,Canada,North America,Mid-Market,2024-05-20,Paid Search
CUST03557,Customer 03557,South Korea,Asia,Mid-Market,2025-08-14,Partner
CUST03558,Customer 03558,Australia,Oceania,SMB,2024-07-17,Referral
CUST03559,Customer 03559,United States,North America,SMB,2024-10-15,Paid Search
CUST03560,Customer 03560,Mexico,North America,Mid-Market,2024-03-28,Partner
CUST03561,Customer 03561,Mexico,North America,SMB,2025-08-10,Referral
CUST03562,Customer 03562,United States,North America,Mid-Market,2024-09-18,Organic
CUST03563,Customer 03563,Australia,Oceania,SMB,2025-05-30,Referral
CUST03564,Customer 03564,United Kingdom,Europe,SMB,2024-10-23,Paid Search
CUST03565,Customer 03565,New Zealand,Oceania,Mid-Market,2025-08-08,Partner
CUST03566,Customer 03566,Argentina,South America,Mid-Market,2024-10-22,Partner
CUST03567,Customer 03567,Brazil,South America,Mid-Market,2025-10-16,Organic
CUST03568,Customer 03568,South Korea,Asia,SMB,2025-06-13,Organic
CUST03569,Customer 03569,Argentina,South America,Mid-Market,2024-12-17,Organic
CUST03570,Customer 03570,South Korea,Asia,SMB,2024-12-19,Referral
CUST03571,Customer 03571,Canada,North America,Mid-Market,2025-03-29,Partner
CUST03572,Customer 03572,Germany,Europe,Mid-Market,2025-05-21,Referral
CUST03573,Customer 03573,India,Asia,SMB,2025-05-31,Partner
CUST03574,Customer 03574,South Korea,Asia,Mid-Market,2024-01-25,Referral
CUST03575,Customer 03575,South Korea,Asia,Mid-Market,2024-07-12,Paid Search
CUST03576,Customer 03576,Japan,Asia,SMB,2024-11-15,Social
CUST03577,Customer 03577,Brazil,South America,Mid-Market,2025-01-27,Organic
CUST03578,Customer 03578,South Korea,Asia,SMB,2024-03-06,Paid Search
CUST03579,Customer 03579,United States,North America,Enterprise,2024-05-25,Organic
CUST03580,Customer 03580,Germany,Europe,SMB,2024-12-03,Organic
CUST03581,Customer 03581,Canada,North America,SMB,2024-11-22,Referral
CUST03582,Customer 03582,Mexico,North America,Mid-Market,2025-03-25,Organic
CUST03583,Customer 03583,Thailand,Asia,SMB,2024-02-20,Paid Search
CUST03584,Customer 03584,Canada,North America,Enterprise,2025-08-05,Organic
CUST03585,Customer 03585,New Zealand,Oceania,SMB,2024-08-08,Paid Search
CUST03586,Customer 03586,Argentina,South America,SMB,2025-02-06,Organic
CUST03587,Customer 03587,Thailand,Asia,SMB,2025-11-23,Partner
CUST03588,Customer 03588,India,Asia,SMB,2024-10-04,Paid Search
CUST03589,Customer 03589,United States,North America,SMB,2024-08-17,Partner
CUST03590,Customer 03590,South Korea,Asia,SMB,2024-07-12,Paid Search
CUST03591,Customer 03591,Chile,South America,SMB,2025-04-21,Organic
CUST03592,Customer 03592,South Korea,Asia,SMB,2025-11-30,Referral
CUST03593,Customer 03593,Argentina,South America,SMB,2025-02-13,Organic
CUST03594,Customer 03594,United Kingdom,Europe,SMB,2024-05-24,Paid Search
CUST03595,Customer 03595,Germany,Europe,SMB,2025-11-22,Paid Search
CUST03596,Customer 03596,Australia,Oceania,SMB,2024-02-01,Partner
CUST03597,Customer 03597,Chile,South America,SMB,2024-10-26,Partner
CUST03598,Customer 03598,Brazil,South America,SMB,2024-04-02,Organic
CUST03599,Customer 03599,Australia,Oceania,SMB,2024-01-25,Referral
CUST03600,Customer 03600,Japan,Asia,SMB,2025-12-30,Paid Search
CUST03601,Customer 03601,Singapore,Asia,Enterprise,2024-03-03,Partner
CUST03602,Customer 03602,Italy,Europe,SMB,2025-10-24,Social
CUST03603,Customer 03603,Mexico,North America,SMB,2025-02-02,Paid Search
CUST03604,Customer 03604,United Kingdom,Europe,Mid-Market,2024-08-22,Organic
CUST03605,Customer 03605,New Zealand,Oceania,SMB,2025-09-22,Partner
CUST03606,Customer 03606,Italy,Europe,SMB,2024-01-03,Paid Search
CUST03607,Customer 03607,Spain,Europe,Mid-Market,2025-05-19,Partner
CUST03608,Customer 03608,Italy,Europe,Mid-Market,2025-07-14,Referral
CUST03609,Customer 03609,United Kingdom,Europe,Enterprise,2024-09-23,Social
CUST03610,Customer 03610,Italy,Europe,Enterprise,2024-08-07,Organic
CUST03611,Customer 03611,United States,North America,Mid-Market,2024-01-07,Referral
CUST03612,Customer 03612,South Korea,Asia,Mid-Market,2024-01-17,Paid Search
CUST03613,Customer 03613,Mexico,North America,SMB,2024-02-02,Referral
CUST03614,Customer 03614,Argentina,South America,Enterprise,2024-11-29,Social
CUST03615,Customer 03615,United States,North America,Mid-Market,2025-01-23,Referral
CUST03616,Customer 03616,Canada,North America,SMB,2024-11-06,Referral
CUST03617,Customer 03617,South Korea,Asia,SMB,2025-05-28,Organic
CUST03618,Customer 03618,Germany,Europe,Mid-Market,2024-09-21,Organic
CUST03619,Customer 03619,South Korea,Asia,SMB,2025-07-31,Referral
CUST03620,Customer 03620,New Zealand,Oceania,Mid-Market,2025-04-22,Paid Search
CUST03621,Customer 03621,Canada,North America,SMB,2025-11-15,Organic
CUST03622,Customer 03622,Thailand,Asia,Mid-Market,2025-06-14,Referral
CUST03623,Customer 03623,Thailand,Asia,SMB,2024-04-03,Referral
CUST03624,Customer 03624,Argentina,South America,Mid-Market,2025-02-12,Organic
CUST03625,Customer 03625,Mexico,North America,SMB,2025-04-25,Organic
CUST03626,Customer 03626,Mexico,North America,SMB,2024-01-11,Paid Search
CUST03627,Customer 03627,Brazil,South America,SMB,2024-02-02,Referral
CUST03628,Customer 03628,Mexico,North America,SMB,2024-01-17,Partner
CUST03629,Customer 03629,United States,North America,SMB,2024-05-05,Paid Search
CUST03630,Customer 03630,United Kingdom,Europe,Mid-Market,2025-10-06,Organic
CUST03631,Customer 03631,Spain,Europe,SMB,2024-06-24,Partner
CUST03632,Customer 03632,New Zealand,Oceania,Mid-Market,2024-05-16,Organic
CUST03633,Customer 03633,United States,North America,Mid-Market,2024-11-22,Referral
CUST03634,Customer 03634,South Korea,Asia,SMB,2024-10-17,Paid Search
CUST03635,Customer 03635,United States,North America,Enterprise,2025-12-27,Social
CUST03636,Customer 03636,France,Europe,Mid-Market,2024-03-16,Referral
CUST03637,Customer 03637,Chile,South America,Mid-Market,2025-09-06,Organic
CUST03638,Customer 03638,Germany,Europe,Mid-Market,2024-06-16,Paid Search
CUST03639,Customer 03639,Chile,South America,Mid-Market,2024-08-14,Organic
CUST03640,Customer 03640,Canada,North America,Enterprise,2024-12-20,Organic
CUST03641,Customer 03641,India,Asia,SMB,2025-12-14,Paid Search
CUST03642,Customer 03642,Italy,Europe,SMB,2024-06-21,Paid Search
CUST03643,Customer 03643,Brazil,South America,Mid-Market,2024-09-08,Partner
CUST03644,Customer 03644,France,Europe,SMB,2025-04-26,Organic
CUST03645,Customer 03645,France,Europe,Mid-Market,2025-05-04,Paid Search
CUST03646,Customer 03646,Mexico,North America,SMB,2024-09-25,Partner
CUST03647,Customer 03647,Japan,Asia,SMB,2024-04-05,Paid Search
CUST03648,Customer 03648,South Korea,Asia,Enterprise,2025-07-30,Paid Search
CUST03649,Customer 03649,Germany,Europe,SMB,2025-10-20,Partner
CUST03650,Customer 03650,Chile,South America,SMB,2025-03-16,Referral
CUST03651,Customer 03651,South Korea,Asia,Mid-Market,2025-09-30,Paid Search
CUST03652,Customer 03652,France,Europe,Mid-Market,2024-07-04,Social
CUST03653,Customer 03653,Thailand,Asia,Mid-Market,2025-09-23,Organic
CUST03654,Customer 03654,United Kingdom,Europe,SMB,2025-08-13,Organic
CUST03655,Customer 03655,South Korea,Asia,Enterprise,2025-10-21,Paid Search
CUST03656,Customer 03656,Germany,Europe,Mid-Market,2025-11-12,Organic
CUST03657,Customer 03657,Spain,Europe,Mid-Market,2024-09-09,Organic
CUST03658,Customer 03658,Japan,Asia,SMB,2024-03-28,Organic
CUST03659,Customer 03659,Argentina,South America,SMB,2025-07-01,Referral
CUST03660,Customer 03660,Germany,Europe,SMB,2025-05-04,Paid Search
CUST03661,Customer 03661,Germany,Europe,Mid-Market,2025-04-18,Partner
CUST03662,Customer 03662,Australia,Oceania,SMB,2025-04-06,Organic
CUST03663,Customer 03663,Chile,South America,SMB,2024-01-30,Referral
CUST03664,Customer 03664,United States,North America,Mid-Market,2025-05-04,Organic
CUST03665,Customer 03665,Spain,Europe,SMB,2024-12-19,Organic
CUST03666,Customer 03666,Singapore,Asia,SMB,2024-01-23,Referral
CUST03667,Customer 03667,Germany,Europe,SMB,2025-09-17,Organic
CUST03668,Customer 03668,United Kingdom,Europe,Enterprise,2024-01-21,Referral
CUST03669,Customer 03669,Singapore,Asia,Mid-Market,2024-06-19,Referral
CUST03670,Customer 03670,United States,North America,Mid-Market,2024-08-03,Referral
CUST03671,Customer 03671,South Korea,Asia,Enterprise,2025-07-26,Referral
CUST03672,Customer 03672,Mexico,North America,Mid-Market,2024-02-28,Partner
CUST03673,Customer 03673,Thailand,Asia,SMB,2024-10-07,Organic
CUST03674,Customer 03674,Singapore,Asia,Mid-Market,2024-09-24,Social
CUST03675,Customer 03675,Mexico,North America,Enterprise,2024-10-30,Organic
CUST03676,Customer 03676,Chile,South America,SMB,2025-09-29,Paid Search
CUST03677,Customer 03677,India,Asia,Mid-Market,2024-08-25,Social
CUST03678,Customer 03678,Canada,North America,SMB,2024-09-16,Organic
CUST03679,Customer 03679,South Korea,Asia,Mid-Market,2024-10-25,Partner
CUST03680,Customer 03680,Germany,Europe,Mid-Market,2024-10-14,Referral
CUST03681,Customer 03681,Canada,North America,Enterprise,2025-11-28,Partner
CUST03682,Customer 03682,Spain,Europe,Mid-Market,2024-07-14,Organic
CUST03683,Customer 03683,Japan,Asia,SMB,2024-03-23,Referral
CUST03684,Customer 03684,Thailand,Asia,SMB,2024-11-04,Organic
CUST03685,Customer 03685,Spain,Europe,Enterprise,2024-03-02,Organic
CUST03686,Customer 03686,Italy,Europe,SMB,2025-08-05,Referral
CUST03687,Customer 03687,South Korea,Asia,SMB,2025-10-14,Referral
CUST03688,Customer 03688,New Zealand,Oceania,Mid-Market,2025-08-30,Referral
CUST03689,Customer 03689,Canada,North America,SMB,2025-08-11,Referral
CUST03690,Customer 03690,Singapore,Asia,SMB,2024-11-03,Partner
CUST03691,Customer 03691,United Kingdom,Europe,SMB,2025-05-25,Paid Search
CUST03692,Customer 03692,Canada,North America,SMB,2024-10-17,Paid Search
CUST03693,Customer 03693,Spain,Europe,Mid-Market,2025-09-16,Partner
CUST03694,Customer 03694,Mexico,North America,SMB,2024-05-22,Referral
CUST03695,Customer 03695,Canada,North America,SMB,2024-04-12,Organic
CUST03696,Customer 03696,Singapore,Asia,Mid-Market,2025-12-14,Paid Search
CUST03697,Customer 03697,Japan,Asia,SMB,2024-09-20,Organic
CUST03698,Customer 03698,Germany,Europe,Mid-Market,2024-08-15,Partner
CUST03699,Customer 03699,France,Europe,SMB,2025-05-03,Organic
CUST03700,Customer 03700,India,Asia,SMB,2024-09-07,Referral
CUST03701,Customer 03701,Chile,South America,Mid-Market,2025-06-30,Referral
CUST03702,Customer 03702,Germany,Europe,Mid-Market,2024-11-10,Social
CUST03703,Customer 03703,United States,North America,Enterprise,2025-07-27,Paid Search
CUST03704,Customer 03704,United States,North America,SMB,2024-02-28,Partner
CUST03705,Customer 03705,France,Europe,SMB,2025-06-15,Referral
CUST03706,Customer 03706,France,Europe,SMB,2024-08-28,Organic
CUST03707,Customer 03707,South Korea,Asia,SMB,2024-11-05,Paid Search
CUST03708,Customer 03708,Mexico,North America,SMB,2025-11-11,Paid Search
CUST03709,Customer 03709,India,Asia,Enterprise,2024-12-18,Organic
CUST03710,Customer 03710,United States,North America,Mid-Market,2024-02-24,Paid Search
CUST03711,Customer 03711,Argentina,South America,SMB,2024-12-01,Organic
CUST03712,Customer 03712,United States,North America,SMB,2024-06-24,Partner
CUST03713,Customer 03713,New Zealand,Oceania,SMB,2024-12-13,Paid Search
CUST03714,Customer 03714,United States,North America,SMB,2024-06-08,Organic
CUST03715,Customer 03715,Argentina,South America,Mid-Market,2025-04-15,Referral
CUST03716,Customer 03716,Argentina,South America,Enterprise,2024-06-20,Partner
CUST03717,Customer 03717,Canada,North America,SMB,2024-12-06,Social
CUST03718,Customer 03718,Argentina,South America,SMB,2025-11-28,Partner
CUST03719,Customer 03719,New Zealand,Oceania,SMB,2025-04-11,Partner
CUST03720,Customer 03720,Singapore,Asia,SMB,2025-06-01,Paid Search
CUST03721,Customer 03721,Canada,North America,Enterprise,2025-07-18,Paid Search
CUST03722,Customer 03722,Mexico,North America,Mid-Market,2025-11-03,Paid Search
CUST03723,Customer 03723,Chile,South America,Mid-Market,2025-10-09,Social
CUST03724,Customer 03724,Thailand,Asia,Mid-Market,2025-09-18,Organic
CUST03725,Customer 03725,Brazil,South America,SMB,2024-09-06,Referral
CUST03726,Customer 03726,Mexico,North America,Mid-Market,2025-04-01,Organic
CUST03727,Customer 03727,New Zealand,Oceania,Mid-Market,2025-08-21,Partner
CUST03728,Customer 03728,Spain,Europe,SMB,2025-02-13,Paid Search
CUST03729,Customer 03729,Mexico,North America,SMB,2024-04-02,Partner
CUST03730,Customer 03730,Canada,North America,Mid-Market,2025-01-07,Social
CUST03731,Customer 03731,New Zealand,Oceania,Enterprise,2024-06-07,Organic
CUST03732,Customer 03732,New Zealand,Oceania,SMB,2025-05-19,Partner
CUST03733,Customer 03733,Mexico,North America,Enterprise,2025-09-20,Paid Search
CUST03734,Customer 03734,Canada,North America,Enterprise,2025-05-28,Paid Search
CUST03735,Customer 03735,Italy,Europe,Enterprise,2025-02-06,Organic
CUST03736,Customer 03736,New Zealand,Oceania,SMB,2025-03-14,Referral
CUST03737,Customer 03737,Thailand,Asia,SMB,2025-01-28,Paid Search
CUST03738,Customer 03738,United States,North America,Mid-Market,2024-11-24,Referral
CUST03739,Customer 03739,Mexico,North America,SMB,2024-06-14,Partner
CUST03740,Customer 03740,Japan,Asia,SMB,2025-05-08,Paid Search
CUST03741,Customer 03741,Spain,Europe,Mid-Market,2024-09-12,Organic
CUST03742,Customer 03742,Germany,Europe,SMB,2024-04-24,Organic
CUST03743,Customer 03743,Brazil,South America,SMB,2025-08-07,Organic
CUST03744,Customer 03744,Canada,North America,Enterprise,2025-02-07,Social
CUST03745,Customer 03745,United Kingdom,Europe,SMB,2025-01-15,Paid Search
CUST03746,Customer 03746,Mexico,North America,Enterprise,2025-01-14,Referral
CUST03747,Customer 03747,Singapore,Asia,SMB,2024-02-26,Social
CUST03748,Customer 03748,Brazil,South America,SMB,2025-01-25,Paid Search
CUST03749,Customer 03749,South Korea,Asia,SMB,2025-02-01,Referral
CUST03750,Customer 03750,United Kingdom,Europe,SMB,2025-01-08,Partner
CUST03751,Customer 03751,United Kingdom,Europe,SMB,2024-01-06,Referral
CUST03752,Customer 03752,Canada,North America,Mid-Market,2025-07-02,Organic
CUST03753,Customer 03753,Thailand,Asia,Enterprise,2025-03-24,Partner
CUST03754,Customer 03754,Mexico,North America,SMB,2025-07-07,Social
CUST03755,Customer 03755,India,Asia,SMB,2025-01-03,Partner
CUST03756,Customer 03756,India,Asia,Mid-Market,2024-08-28,Partner
CUST03757,Customer 03757,India,Asia,SMB,2025-09-01,Partner
CUST03758,Customer 03758,India,Asia,SMB,2024-09-13,Referral
CUST03759,Customer 03759,New Zealand,Oceania,SMB,2024-11-27,Organic
CUST03760,Customer 03760,Italy,Europe,SMB,2024-01-13,Social
CUST03761,Customer 03761,Australia,Oceania,SMB,2024-04-29,Organic
CUST03762,Customer 03762,Singapore,Asia,SMB,2024-03-23,Partner
CUST03763,Customer 03763,Spain,Europe,Mid-Market,2024-11-05,Paid Search
CUST03764,Customer 03764,Spain,Europe,SMB,2024-07-10,Referral
CUST03765,Customer 03765,United Kingdom,Europe,SMB,2024-08-31,Partner
CUST03766,Customer 03766,Canada,North America,SMB,2025-07-13,Partner
CUST03767,Customer 03767,Canada,North America,SMB,2025-05-14,Organic
CUST03768,Customer 03768,Thailand,Asia,Enterprise,2025-08-06,Referral
CUST03769,Customer 03769,Mexico,North America,Mid-Market,2025-08-19,Organic
CUST03770,Customer 03770,United States,North America,Enterprise,2024-06-30,Organic
CUST03771,Customer 03771,New Zealand,Oceania,SMB,2025-03-26,Paid Search
CUST03772,Customer 03772,Australia,Oceania,SMB,2025-09-27,Social
CUST03773,Customer 03773,Mexico,North America,SMB,2024-08-10,Social
CUST03774,Customer 03774,Chile,South America,SMB,2024-10-01,Referral
CUST03775,Customer 03775,Mexico,North America,Mid-Market,2025-01-23,Partner
CUST03776,Customer 03776,India,Asia,SMB,2025-08-06,Organic
CUST03777,Customer 03777,United States,North America,SMB,2024-04-17,Organic
CUST03778,Customer 03778,Italy,Europe,SMB,2024-12-07,Referral
CUST03779,Customer 03779,United States,North America,SMB,2024-06-26,Partner
CUST03780,Customer 03780,Australia,Oceania,SMB,2025-06-04,Referral
CUST03781,Customer 03781,France,Europe,Mid-Market,2024-06-25,Organic
CUST03782,Customer 03782,Argentina,South America,Enterprise,2024-09-17,Paid Search
CUST03783,Customer 03783,Australia,Oceania,SMB,2024-09-10,Organic
CUST03784,Customer 03784,Germany,Europe,SMB,2024-02-21,Partner
CUST03785,Customer 03785,Canada,North America,SMB,2025-05-03,Paid Search
CUST03786,Customer 03786,New Zealand,Oceania,SMB,2024-07-04,Paid Search
CUST03787,Customer 03787,New Zealand,Oceania,Mid-Market,2024-12-24,Referral
CUST03788,Customer 03788,Italy,Europe,SMB,2025-05-24,Organic
CUST03789,Customer 03789,Thailand,Asia,Enterprise,2025-07-29,Paid Search
CUST03790,Customer 03790,United States,North America,Enterprise,2025-11-02,Referral
CUST03791,Customer 03791,Italy,Europe,SMB,2024-04-02,Organic
CUST03792,Customer 03792,India,Asia,Enterprise,2025-04-04,Referral
CUST03793,Customer 03793,France,Europe,Mid-Market,2024-08-27,Social
CUST03794,Customer 03794,France,Europe,Enterprise,2025-07-16,Organic
CUST03795,Customer 03795,Mexico,North America,SMB,2024-10-11,Organic
CUST03796,Customer 03796,United States,North America,Enterprise,2024-01-11,Referral
CUST03797,Customer 03797,Mexico,North America,SMB,2025-09-17,Referral
CUST03798,Customer 03798,Canada,North America,SMB,2025-07-09,Social
CUST03799,Customer 03799,Thailand,Asia,Enterprise,2024-08-29,Organic
CUST03800,Customer 03800,Thailand,Asia,SMB,2025-09-02,Partner
CUST03801,Customer 03801,United Kingdom,Europe,SMB,2024-10-27,Paid Search
CUST03802,Customer 03802,Germany,Europe,SMB,2024-10-28,Organic
CUST03803,Customer 03803,South Korea,Asia,SMB,2024-08-07,Paid Search
CUST03804,Customer 03804,United Kingdom,Europe,SMB,2024-12-27,Paid Search
CUST03805,Customer 03805,France,Europe,SMB,2025-12-27,Organic
CUST03806,Customer 03806,United Kingdom,Europe,SMB,2024-02-08,Organic
CUST03807,Customer 03807,United States,North America,Mid-Market,2025-03-09,Organic
CUST03808,Customer 03808,United States,North America,SMB,2024-05-07,Referral
CUST03809,Customer 03809,New Zealand,Oceania,Mid-Market,2024-03-31,Organic
CUST03810,Customer 03810,United States,North America,Mid-Market,2024-02-11,Organic
CUST03811,Customer 03811,Canada,North America,Mid-Market,2024-07-18,Paid Search
CUST03812,Customer 03812,Italy,Europe,Mid-Market,2025-06-18,Referral
CUST03813,Customer 03813,United States,North America,Enterprise,2025-06-22,Social
CUST03814,Customer 03814,Italy,Europe,SMB,2025-08-07,Organic
CUST03815,Customer 03815,Thailand,Asia,Mid-Market,2024-04-16,Social
CUST03816,Customer 03816,Thailand,Asia,Enterprise,2024-03-20,Referral
CUST03817,Customer 03817,India,Asia,Mid-Market,2025-12-18,Social
CUST03818,Customer 03818,Singapore,Asia,SMB,2025-11-04,Paid Search
CUST03819,Customer 03819,United States,North America,Mid-Market,2025-05-26,Paid Search
CUST03820,Customer 03820,Argentina,South America,Mid-Market,2025-09-05,Partner
CUST03821,Customer 03821,United States,North America,SMB,2025-08-11,Referral
CUST03822,Customer 03822,Mexico,North America,Mid-Market,2025-02-25,Partner
CUST03823,Customer 03823,United States,North America,Mid-Market,2024-12-13,Partner
CUST03824,Customer 03824,Spain,Europe,SMB,2025-12-16,Paid Search
CUST03825,Customer 03825,Canada,North America,SMB,2025-05-09,Referral
CUST03826,Customer 03826,Mexico,North America,SMB,2025-10-07,Paid Search
CUST03827,Customer 03827,India,Asia,Mid-Market,2024-05-31,Referral
CUST03828,Customer 03828,Japan,Asia,SMB,2024-06-11,Referral
CUST03829,Customer 03829,Australia,Oceania,Mid-Market,2025-04-05,Referral
CUST03830,Customer 03830,Mexico,North America,SMB,2025-11-28,Organic
CUST03831,Customer 03831,South Korea,Asia,Enterprise,2025-03-29,Social
CUST03832,Customer 03832,Mexico,North America,Mid-Market,2024-11-19,Paid Search
CUST03833,Customer 03833,Singapore,Asia,Mid-Market,2024-01-19,Organic
CUST03834,Customer 03834,South Korea,Asia,SMB,2024-04-23,Organic
CUST03835,Customer 03835,South Korea,Asia,SMB,2024-06-17,Organic
CUST03836,Customer 03836,South Korea,Asia,Mid-Market,2024-05-26,Paid Search
CUST03837,Customer 03837,Mexico,North America,SMB,2025-05-28,Organic
CUST03838,Customer 03838,Spain,Europe,SMB,2025-05-15,Organic
CUST03839,Customer 03839,Canada,North America,SMB,2024-10-04,Organic
CUST03840,Customer 03840,Singapore,Asia,SMB,2025-12-22,Organic
CUST03841,Customer 03841,Canada,North America,Mid-Market,2024-10-14,Social
CUST03842,Customer 03842,Mexico,North America,SMB,2024-11-21,Paid Search
CUST03843,Customer 03843,Mexico,North America,SMB,2025-01-19,Organic
CUST03844,Customer 03844,Mexico,North America,SMB,2025-02-22,Referral
CUST03845,Customer 03845,New Zealand,Oceania,SMB,2024-05-19,Referral
CUST03846,Customer 03846,Mexico,North America,SMB,2024-08-07,Paid Search
CUST03847,Customer 03847,Mexico,North America,Enterprise,2025-05-17,Paid Search
CUST03848,Customer 03848,Mexico,North America,Enterprise,2025-09-10,Referral
CUST03849,Customer 03849,Spain,Europe,Enterprise,2024-11-05,Organic
CUST03850,Customer 03850,India,Asia,SMB,2024-03-25,Organic
CUST03851,Customer 03851,Thailand,Asia,SMB,2025-09-14,Social
CUST03852,Customer 03852,Japan,Asia,SMB,2025-03-01,Paid Search
CUST03853,Customer 03853,South Korea,Asia,Mid-Market,2024-11-14,Organic
CUST03854,Customer 03854,Japan,Asia,Mid-Market,2025-03-04,Organic
CUST03855,Customer 03855,Canada,North America,Mid-Market,2025-08-24,Referral
CUST03856,Customer 03856,Italy,Europe,SMB,2024-01-01,Organic
CUST03857,Customer 03857,Argentina,South America,Mid-Market,2024-09-20,Paid Search
CUST03858,Customer 03858,South Korea,Asia,Enterprise,2025-11-18,Paid Search
CUST03859,Customer 03859,United States,North America,SMB,2024-08-07,Organic
CUST03860,Customer 03860,Spain,Europe,Mid-Market,2025-12-13,Paid Search
CUST03861,Customer 03861,Singapore,Asia,Mid-Market,2024-07-24,Organic
CUST03862,Customer 03862,Italy,Europe,SMB,2024-12-07,Paid Search
CUST03863,Customer 03863,United States,North America,Enterprise,2024-02-21,Organic
CUST03864,Customer 03864,Singapore,Asia,Enterprise,2025-06-14,Social
CUST03865,Customer 03865,New Zealand,Oceania,Mid-Market,2024-06-24,Referral
CUST03866,Customer 03866,India,Asia,SMB,2025-09-12,Organic
CUST03867,Customer 03867,Canada,North America,SMB,2024-04-04,Organic
CUST03868,Customer 03868,South Korea,Asia,Mid-Market,2024-03-26,Referral
CUST03869,Customer 03869,Mexico,North America,SMB,2024-12-09,Referral
CUST03870,Customer 03870,Thailand,Asia,SMB,2024-03-02,Paid Search
CUST03871,Customer 03871,Japan,Asia,SMB,2024-08-28,Organic
CUST03872,Customer 03872,Italy,Europe,SMB,2025-05-18,Paid Search
CUST03873,Customer 03873,Germany,Europe,Mid-Market,2025-01-04,Organic
CUST03874,Customer 03874,Spain,Europe,SMB,2025-02-12,Organic
CUST03875,Customer 03875,New Zealand,Oceania,SMB,2024-03-07,Paid Search
CUST03876,Customer 03876,Thailand,Asia,SMB,2025-05-11,Partner
CUST03877,Customer 03877,United Kingdom,Europe,SMB,2024-03-07,Paid Search
CUST03878,Customer 03878,Australia,Oceania,SMB,2025-02-22,Organic
CUST03879,Customer 03879,Italy,Europe,SMB,2025-08-01,Organic
CUST03880,Customer 03880,South Korea,Asia,SMB,2025-06-14,Referral
CUST03881,Customer 03881,United States,North America,SMB,2024-09-14,Paid Search
CUST03882,Customer 03882,New Zealand,Oceania,Mid-Market,2024-04-23,Referral
CUST03883,Customer 03883,Canada,North America,SMB,2025-08-30,Referral
CUST03884,Customer 03884,Singapore,Asia,Mid-Market,2024-06-06,Paid Search
CUST03885,Customer 03885,Australia,Oceania,SMB,2024-12-28,Paid Search
CUST03886,Customer 03886,France,Europe,Mid-Market,2024-06-22,Social
CUST03887,Customer 03887,Australia,Oceania,Mid-Market,2024-01-22,Partner
CUST03888,Customer 03888,Brazil,South America,SMB,2024-10-31,Paid Search
CUST03889,Customer 03889,Australia,Oceania,Mid-Market,2025-02-06,Referral
CUST03890,Customer 03890,India,Asia,Mid-Market,2025-07-09,Organic
CUST03891,Customer 03891,France,Europe,SMB,2025-06-14,Organic
CUST03892,Customer 03892,Canada,North America,Mid-Market,2025-08-30,Paid Search
CUST03893,Customer 03893,Canada,North America,Mid-Market,2025-08-17,Partner
CUST03894,Customer 03894,United States,North America,SMB,2024-10-20,Social
CUST03895,Customer 03895,New Zealand,Oceania,Enterprise,2024-09-06,Referral
CUST03896,Customer 03896,Canada,North America,SMB,2025-03-16,Referral
CUST03897,Customer 03897,Singapore,Asia,Mid-Market,2024-12-16,Organic
CUST03898,Customer 03898,Singapore,Asia,Enterprise,2024-08-03,Social
CUST03899,Customer 03899,United Kingdom,Europe,Enterprise,2024-01-24,Organic
CUST03900,Customer 03900,United Kingdom,Europe,Mid-Market,2024-12-13,Social
CUST03901,Customer 03901,Italy,Europe,Mid-Market,2024-12-09,Organic
CUST03902,Customer 03902,Chile,South America,SMB,2025-11-18,Organic
CUST03903,Customer 03903,Mexico,North America,SMB,2025-08-16,Referral
CUST03904,Customer 03904,Canada,North America,Enterprise,2024-07-15,Organic
CUST03905,Customer 03905,Japan,Asia,SMB,2024-03-21,Organic
CUST03906,Customer 03906,United States,North America,Mid-Market,2025-07-29,Referral
CUST03907,Customer 03907,Argentina,South America,SMB,2024-12-22,Referral
CUST03908,Customer 03908,Chile,South America,SMB,2024-01-31,Organic
CUST03909,Customer 03909,United States,North America,SMB,2025-07-05,Paid Search
CUST03910,Customer 03910,Chile,South America,SMB,2024-09-09,Referral
CUST03911,Customer 03911,Mexico,North America,SMB,2024-05-05,Organic
CUST03912,Customer 03912,South Korea,Asia,SMB,2025-04-26,Paid Search
CUST03913,Customer 03913,Argentina,South America,Enterprise,2025-07-27,Referral
CUST03914,Customer 03914,South Korea,Asia,Mid-Market,2025-07-21,Partner
CUST03915,Customer 03915,India,Asia,Mid-Market,2024-07-19,Paid Search
CUST03916,Customer 03916,India,Asia,SMB,2025-03-08,Referral
CUST03917,Customer 03917,United States,North America,SMB,2024-12-06,Paid Search
CUST03918,Customer 03918,Mexico,North America,Mid-Market,2025-09-27,Referral
CUST03919,Customer 03919,Canada,North America,SMB,2024-05-18,Partner
CUST03920,Customer 03920,Japan,Asia,SMB,2025-08-22,Paid Search
CUST03921,Customer 03921,Germany,Europe,Enterprise,2024-09-10,Organic
CUST03922,Customer 03922,Argentina,South America,SMB,2025-03-27,Partner
CUST03923,Customer 03923,Japan,Asia,Enterprise,2025-01-02,Referral
CUST03924,Customer 03924,Australia,Oceania,SMB,2024-09-11,Referral
CUST03925,Customer 03925,Germany,Europe,SMB,2024-06-18,Paid Search
CUST03926,Customer 03926,Mexico,North America,SMB,2024-09-22,Organic
CUST03927,Customer 03927,Mexico,North America,Enterprise,2025-03-20,Paid Search
CUST03928,Customer 03928,Brazil,South America,Mid-Market,2025-03-25,Paid Search
CUST03929,Customer 03929,United Kingdom,Europe,Mid-Market,2025-03-31,Paid Search
CUST03930,Customer 03930,Australia,Oceania,SMB,2025-04-24,Organic
CUST03931,Customer 03931,Canada,North America,Enterprise,2024-02-07,Partner
CUST03932,Customer 03932,United States,North America,Mid-Market,2024-10-15,Paid Search
CUST03933,Customer 03933,Mexico,North America,Mid-Market,2024-08-18,Referral
CUST03934,Customer 03934,Italy,Europe,Mid-Market,2024-10-17,Organic
CUST03935,Customer 03935,Thailand,Asia,Mid-Market,2024-10-06,Paid Search
CUST03936,Customer 03936,Japan,Asia,Mid-Market,2024-05-09,Organic
CUST03937,Customer 03937,Thailand,Asia,SMB,2025-12-06,Referral
CUST03938,Customer 03938,Canada,North America,Enterprise,2024-01-01,Referral
CUST03939,Customer 03939,India,Asia,SMB,2025-03-11,Paid Search
CUST03940,Customer 03940,France,Europe,Enterprise,2024-12-03,Social
CUST03941,Customer 03941,Spain,Europe,SMB,2025-05-29,Paid Search
CUST03942,Customer 03942,Italy,Europe,SMB,2025-08-30,Paid Search
CUST03943,Customer 03943,Italy,Europe,SMB,2025-04-19,Referral
CUST03944,Customer 03944,United States,North America,Mid-Market,2025-07-14,Paid Search
CUST03945,Customer 03945,Italy,Europe,SMB,2024-07-19,Referral
CUST03946,Customer 03946,Chile,South America,Mid-Market,2025-12-27,Social
CUST03947,Customer 03947,Germany,Europe,Mid-Market,2024-03-04,Referral
CUST03948,Customer 03948,France,Europe,SMB,2025-05-04,Organic
CUST03949,Customer 03949,Brazil,South America,SMB,2024-04-17,Organic
CUST03950,Customer 03950,India,Asia,Mid-Market,2024-06-19,Partner
CUST03951,Customer 03951,Thailand,Asia,Enterprise,2025-08-26,Organic
CUST03952,Customer 03952,Australia,Oceania,SMB,2025-05-10,Paid Search
CUST03953,Customer 03953,Australia,Oceania,Enterprise,2025-04-08,Social
CUST03954,Customer 03954,United States,North America,SMB,2025-08-28,Partner
CUST03955,Customer 03955,Spain,Europe,Mid-Market,2024-07-22,Organic
CUST03956,Customer 03956,Canada,North America,Mid-Market,2025-04-13,Referral
CUST03957,Customer 03957,New Zealand,Oceania,SMB,2024-05-27,Paid Search
CUST03958,Customer 03958,Australia,Oceania,SMB,2024-12-18,Social
CUST03959,Customer 03959,Italy,Europe,Mid-Market,2024-10-22,Referral
CUST03960,Customer 03960,Thailand,Asia,SMB,2025-03-28,Paid Search
CUST03961,Customer 03961,South Korea,Asia,SMB,2024-02-17,Organic
CUST03962,Customer 03962,United Kingdom,Europe,SMB,2024-01-19,Organic
CUST03963,Customer 03963,United States,North America,Mid-Market,2024-01-24,Paid Search
CUST03964,Customer 03964,Japan,Asia,SMB,2024-07-12,Referral
CUST03965,Customer 03965,Singapore,Asia,SMB,2025-02-25,Paid Search
CUST03966,Customer 03966,United Kingdom,Europe,Enterprise,2024-04-25,Partner
CUST03967,Customer 03967,India,Asia,Mid-Market,2025-12-25,Organic
CUST03968,Customer 03968,Germany,Europe,SMB,2024-10-29,Paid Search
CUST03969,Customer 03969,Singapore,Asia,SMB,2024-08-09,Referral
CUST03970,Customer 03970,Germany,Europe,SMB,2025-10-14,Referral
CUST03971,Customer 03971,New Zealand,Oceania,SMB,2024-05-08,Paid Search
CUST03972,Customer 03972,France,Europe,SMB,2024-05-17,Paid Search
CUST03973,Customer 03973,United States,North America,SMB,2024-10-05,Organic
CUST03974,Customer 03974,Germany,Europe,SMB,2024-02-21,Referral
CUST03975,Customer 03975,United Kingdom,Europe,Mid-Market,2025-05-13,Social
CUST03976,Customer 03976,Germany,Europe,SMB,2025-07-21,Partner
CUST03977,Customer 03977,Italy,Europe,SMB,2024-09-15,Referral
CUST03978,Customer 03978,Spain,Europe,Enterprise,2025-09-26,Referral
CUST03979,Customer 03979,Thailand,Asia,SMB,2024-01-06,Partner
CUST03980,Customer 03980,Mexico,North America,Mid-Market,2025-01-23,Partner
CUST03981,Customer 03981,Spain,Europe,SMB,2025-06-17,Organic
CUST03982,Customer 03982,Thailand,Asia,Mid-Market,2024-10-02,Paid Search
CUST03983,Customer 03983,Mexico,North America,SMB,2025-11-22,Partner
CUST03984,Customer 03984,France,Europe,SMB,2024-11-10,Partner
CUST03985,Customer 03985,Singapore,Asia,Mid-Market,2025-11-02,Referral
CUST03986,Customer 03986,Spain,Europe,SMB,2025-04-26,Paid Search
CUST03987,Customer 03987,Italy,Europe,SMB,2024-06-17,Partner
CUST03988,Customer 03988,Japan,Asia,SMB,2025-08-30,Organic
CUST03989,Customer 03989,Australia,Oceania,SMB,2024-01-23,Organic
CUST03990,Customer 03990,Australia,Oceania,SMB,2024-05-18,Paid Search
CUST03991,Customer 03991,Australia,Oceania,SMB,2025-07-24,Referral
CUST03992,Customer 03992,Thailand,Asia,SMB,2025-10-21,Paid Search
CUST03993,Customer 03993,United Kingdom,Europe,Mid-Market,2024-10-10,Referral
CUST03994,Customer 03994,India,Asia,Mid-Market,2025-04-25,Referral
CUST03995,Customer 03995,Spain,Europe,SMB,2025-05-24,Organic
CUST03996,Customer 03996,United Kingdom,Europe,Enterprise,2025-06-23,Organic
CUST03997,Customer 03997,France,Europe,SMB,2025-10-24,Referral
CUST03998,Customer 03998,Thailand,Asia,SMB,2024-03-04,Social
CUST03999,Customer 03999,Japan,Asia,Mid-Market,2024-05-20,Partner
CUST04000,Customer 04000,Italy,Europe,Mid-Market,2025-11-02,Organic
CUST04001,Customer 04001,Mexico,North America,SMB,2025-02-02,Referral
CUST04002,Customer 04002,Singapore,Asia,Enterprise,2025-01-21,Partner
CUST04003,Customer 04003,Argentina,South America,Enterprise,2024-10-21,Organic
CUST04004,Customer 04004,France,Europe,SMB,2024-09-21,Referral
CUST04005,Customer 04005,Mexico,North America,Mid-Market,2024-06-27,Paid Search
CUST04006,Customer 04006,Germany,Europe,Mid-Market,2024-10-18,Referral
CUST04007,Customer 04007,Japan,Asia,Enterprise,2024-02-23,Organic
CUST04008,Customer 04008,Spain,Europe,Mid-Market,2024-08-02,Paid Search
CUST04009,Customer 04009,United Kingdom,Europe,SMB,2025-12-27,Paid Search
CUST04010,Customer 04010,United States,North America,Mid-Market,2024-04-29,Paid Search
CUST04011,Customer 04011,Singapore,Asia,SMB,2025-06-19,Organic
CUST04012,Customer 04012,France,Europe,Mid-Market,2024-01-26,Paid Search
CUST04013,Customer 04013,New Zealand,Oceania,Mid-Market,2025-06-20,Paid Search
CUST04014,Customer 04014,France,Europe,Mid-Market,2024-07-12,Organic
CUST04015,Customer 04015,Canada,North America,SMB,2025-05-28,Paid Search
CUST04016,Customer 04016,Mexico,North America,SMB,2024-12-29,Organic
CUST04017,Customer 04017,India,Asia,Mid-Market,2025-07-20,Social
CUST04018,Customer 04018,South Korea,Asia,SMB,2025-05-02,Organic
CUST04019,Customer 04019,Germany,Europe,SMB,2025-02-11,Referral
CUST04020,Customer 04020,Canada,North America,SMB,2025-06-20,Paid Search
CUST04021,Customer 04021,Italy,Europe,Enterprise,2025-12-07,Organic
CUST04022,Customer 04022,Spain,Europe,SMB,2025-03-11,Partner
CUST04023,Customer 04023,Japan,Asia,Mid-Market,2024-05-07,Referral
CUST04024,Customer 04024,Australia,Oceania,SMB,2024-03-25,Referral
CUST04025,Customer 04025,Mexico,North America,Mid-Market,2025-02-04,Organic
CUST04026,Customer 04026,New Zealand,Oceania,SMB,2024-11-11,Organic
CUST04027,Customer 04027,Canada,North America,SMB,2025-03-20,Organic
CUST04028,Customer 04028,United States,North America,SMB,2025-05-02,Paid Search
CUST04029,Customer 04029,Singapore,Asia,SMB,2024-05-16,Social
CUST04030,Customer 04030,Australia,Oceania,Mid-Market,2025-06-27,Paid Search
CUST04031,Customer 04031,Canada,North America,Mid-Market,2025-12-25,Paid Search
CUST04032,Customer 04032,India,Asia,Mid-Market,2024-08-25,Organic
CUST04033,Customer 04033,United States,North America,Mid-Market,2025-11-09,Paid Search
CUST04034,Customer 04034,Mexico,North America,Mid-Market,2025-11-09,Organic
CUST04035,Customer 04035,Germany,Europe,Enterprise,2024-11-01,Paid Search
CUST04036,Customer 04036,Thailand,Asia,Mid-Market,2025-08-04,Social
CUST04037,Customer 04037,Singapore,Asia,SMB,2025-11-12,Referral
CUST04038,Customer 04038,Argentina,South America,SMB,2025-09-14,Organic
CUST04039,Customer 04039,Thailand,Asia,Mid-Market,2024-10-11,Organic
CUST04040,Customer 04040,Brazil,South America,Mid-Market,2025-05-02,Referral
CUST04041,Customer 04041,Thailand,Asia,Mid-Market,2025-03-09,Organic
CUST04042,Customer 04042,United States,North America,SMB,2024-10-29,Partner
CUST04043,Customer 04043,France,Europe,Mid-Market,2025-04-12,Referral
CUST04044,Customer 04044,Australia,Oceania,SMB,2025-11-13,Paid Search
CUST04045,Customer 04045,South Korea,Asia,SMB,2024-01-20,Referral
CUST04046,Customer 04046,Japan,Asia,Mid-Market,2025-10-20,Organic
CUST04047,Customer 04047,Italy,Europe,Mid-Market,2024-09-26,Organic
CUST04048,Customer 04048,India,Asia,SMB,2025-08-28,Referral
CUST04049,Customer 04049,South Korea,Asia,SMB,2024-03-19,Organic
CUST04050,Customer 04050,Canada,North America,Mid-Market,2025-10-13,Organic
CUST04051,Customer 04051,New Zealand,Oceania,SMB,2024-11-23,Social
CUST04052,Customer 04052,Canada,North America,SMB,2025-11-01,Partner
CUST04053,Customer 04053,Mexico,North America,Mid-Market,2024-11-08,Organic
CUST04054,Customer 04054,Thailand,Asia,Mid-Market,2025-06-29,Partner
CUST04055,Customer 04055,Brazil,South America,SMB,2025-03-11,Organic
CUST04056,Customer 04056,Argentina,South America,SMB,2024-05-26,Partner
CUST04057,Customer 04057,Singapore,Asia,Mid-Market,2024-07-01,Paid Search
CUST04058,Customer 04058,Australia,Oceania,SMB,2025-01-28,Paid Search
CUST04059,Customer 04059,Thailand,Asia,SMB,2024-12-21,Referral
CUST04060,Customer 04060,Argentina,South America,SMB,2025-03-26,Organic
CUST04061,Customer 04061,New Zealand,Oceania,SMB,2025-08-12,Social
CUST04062,Customer 04062,United States,North America,Mid-Market,2025-07-19,Organic
CUST04063,Customer 04063,United Kingdom,Europe,SMB,2024-02-12,Social
CUST04064,Customer 04064,Canada,North America,Enterprise,2024-12-27,Organic
CUST04065,Customer 04065,United Kingdom,Europe,SMB,2024-04-18,Organic
CUST04066,Customer 04066,Mexico,North America,Mid-Market,2025-01-09,Organic
CUST04067,Customer 04067,India,Asia,SMB,2025-01-26,Paid Search
CUST04068,Customer 04068,United States,North America,Mid-Market,2025-12-28,Referral
CUST04069,Customer 04069,Australia,Oceania,Enterprise,2024-10-10,Referral
CUST04070,Customer 04070,France,Europe,SMB,2024-11-26,Partner
CUST04071,Customer 04071,Thailand,Asia,SMB,2025-01-08,Paid Search
CUST04072,Customer 04072,Mexico,North America,Enterprise,2024-04-05,Paid Search
CUST04073,Customer 04073,Singapore,Asia,Enterprise,2024-02-13,Paid Search
CUST04074,Customer 04074,United Kingdom,Europe,Enterprise,2025-06-02,Referral
CUST04075,Customer 04075,France,Europe,SMB,2024-08-07,Social
CUST04076,Customer 04076,Singapore,Asia,SMB,2024-09-22,Paid Search
CUST04077,Customer 04077,Mexico,North America,SMB,2025-12-26,Paid Search
CUST04078,Customer 04078,Mexico,North America,Mid-Market,2024-06-30,Paid Search
CUST04079,Customer 04079,Spain,Europe,SMB,2025-10-22,Organic
CUST04080,Customer 04080,Singapore,Asia,SMB,2025-04-04,Referral
CUST04081,Customer 04081,Japan,Asia,Mid-Market,2024-07-12,Organic
CUST04082,Customer 04082,India,Asia,SMB,2025-11-28,Partner
CUST04083,Customer 04083,Mexico,North America,Mid-Market,2025-03-30,Organic
CUST04084,Customer 04084,Thailand,Asia,SMB,2024-08-16,Organic
CUST04085,Customer 04085,Canada,North America,Mid-Market,2024-11-25,Organic
CUST04086,Customer 04086,New Zealand,Oceania,SMB,2024-09-29,Paid Search
CUST04087,Customer 04087,United States,North America,Mid-Market,2025-09-10,Partner
CUST04088,Customer 04088,United States,North America,SMB,2024-12-06,Social
CUST04089,Customer 04089,Italy,Europe,SMB,2024-01-27,Paid Search
CUST04090,Customer 04090,Germany,Europe,SMB,2025-05-17,Organic
CUST04091,Customer 04091,Germany,Europe,Mid-Market,2025-07-07,Referral
CUST04092,Customer 04092,Mexico,North America,SMB,2024-10-16,Referral
CUST04093,Customer 04093,Argentina,South America,SMB,2025-11-04,Referral
CUST04094,Customer 04094,Italy,Europe,Mid-Market,2024-11-06,Paid Search
CUST04095,Customer 04095,Italy,Europe,SMB,2024-07-12,Referral
CUST04096,Customer 04096,Japan,Asia,SMB,2025-05-27,Organic
CUST04097,Customer 04097,Canada,North America,SMB,2024-04-03,Organic
CUST04098,Customer 04098,Canada,North America,SMB,2025-12-21,Social
CUST04099,Customer 04099,Canada,North America,SMB,2025-05-14,Organic
CUST04100,Customer 04100,New Zealand,Oceania,SMB,2024-08-19,Paid Search
CUST04101,Customer 04101,Japan,Asia,SMB,2024-02-29,Organic
CUST04102,Customer 04102,Canada,North America,SMB,2025-03-03,Organic
CUST04103,Customer 04103,Canada,North America,Mid-Market,2025-03-04,Social
CUST04104,Customer 04104,India,Asia,Mid-Market,2025-08-03,Organic
CUST04105,Customer 04105,Australia,Oceania,SMB,2024-07-26,Paid Search
CUST04106,Customer 04106,Germany,Europe,SMB,2024-06-04,Partner
CUST04107,Customer 04107,United States,North America,Mid-Market,2024-10-28,Organic
CUST04108,Customer 04108,Canada,North America,SMB,2025-08-21,Organic
CUST04109,Customer 04109,New Zealand,Oceania,Mid-Market,2025-10-25,Paid Search
CUST04110,Customer 04110,Mexico,North America,SMB,2024-09-16,Organic
CUST04111,Customer 04111,South Korea,Asia,SMB,2024-02-04,Organic
CUST04112,Customer 04112,Argentina,South America,SMB,2024-03-22,Referral
CUST04113,Customer 04113,United States,North America,Mid-Market,2025-02-01,Organic
CUST04114,Customer 04114,Canada,North America,SMB,2024-01-19,Referral
CUST04115,Customer 04115,Mexico,North America,SMB,2025-06-13,Social
CUST04116,Customer 04116,Thailand,Asia,SMB,2024-01-25,Organic
CUST04117,Customer 04117,Mexico,North America,Mid-Market,2024-11-05,Organic
CUST04118,Customer 04118,Argentina,South America,SMB,2025-08-06,Organic
CUST04119,Customer 04119,Singapore,Asia,Mid-Market,2024-12-08,Organic
CUST04120,Customer 04120,Singapore,Asia,SMB,2025-05-08,Paid Search
CUST04121,Customer 04121,Australia,Oceania,SMB,2024-09-01,Paid Search
CUST04122,Customer 04122,United States,North America,SMB,2025-08-03,Organic
CUST04123,Customer 04123,Brazil,South America,Enterprise,2024-11-07,Paid Search
CUST04124,Customer 04124,South Korea,Asia,SMB,2025-07-04,Organic
CUST04125,Customer 04125,Australia,Oceania,SMB,2025-11-27,Referral
CUST04126,Customer 04126,Italy,Europe,Mid-Market,2024-10-05,Paid Search
CUST04127,Customer 04127,Canada,North America,SMB,2024-06-18,Referral
CUST04128,Customer 04128,South Korea,Asia,SMB,2025-11-13,Referral
CUST04129,Customer 04129,United States,North America,SMB,2025-05-12,Paid Search
CUST04130,Customer 04130,Australia,Oceania,Mid-Market,2025-10-03,Referral
CUST04131,Customer 04131,United States,North America,SMB,2024-10-03,Organic
CUST04132,Customer 04132,Canada,North America,Mid-Market,2024-09-11,Referral
CUST04133,Customer 04133,Singapore,Asia,Mid-Market,2024-03-31,Paid Search
CUST04134,Customer 04134,United States,North America,SMB,2025-07-19,Paid Search
CUST04135,Customer 04135,Mexico,North America,SMB,2025-09-09,Paid Search
CUST04136,Customer 04136,Spain,Europe,Mid-Market,2025-08-22,Referral
CUST04137,Customer 04137,United States,North America,Enterprise,2024-07-31,Referral
CUST04138,Customer 04138,Brazil,South America,Mid-Market,2024-12-23,Organic
CUST04139,Customer 04139,Mexico,North America,SMB,2024-12-26,Paid Search
CUST04140,Customer 04140,Canada,North America,Mid-Market,2024-03-29,Organic
CUST04141,Customer 04141,Thailand,Asia,Mid-Market,2024-01-01,Organic
CUST04142,Customer 04142,Mexico,North America,Enterprise,2024-09-01,Organic
CUST04143,Customer 04143,Italy,Europe,SMB,2025-01-08,Referral
CUST04144,Customer 04144,India,Asia,Mid-Market,2025-12-23,Referral
CUST04145,Customer 04145,Singapore,Asia,Mid-Market,2025-09-30,Partner
CUST04146,Customer 04146,Japan,Asia,Enterprise,2025-06-07,Paid Search
CUST04147,Customer 04147,Spain,Europe,Mid-Market,2025-12-04,Referral
CUST04148,Customer 04148,United States,North America,Enterprise,2025-07-20,Partner
CUST04149,Customer 04149,India,Asia,SMB,2025-01-19,Organic
CUST04150,Customer 04150,Singapore,Asia,SMB,2025-10-28,Referral
CUST04151,Customer 04151,Spain,Europe,SMB,2025-11-03,Paid Search
CUST04152,Customer 04152,Mexico,North America,Mid-Market,2024-05-28,Organic
CUST04153,Customer 04153,Singapore,Asia,SMB,2024-07-25,Social
CUST04154,Customer 04154,Singapore,Asia,Mid-Market,2025-12-08,Organic
CUST04155,Customer 04155,United States,North America,Enterprise,2024-01-05,Social
CUST04156,Customer 04156,Spain,Europe,Enterprise,2025-01-13,Partner
CUST04157,Customer 04157,Australia,Oceania,Mid-Market,2024-10-06,Partner
CUST04158,Customer 04158,Germany,Europe,Mid-Market,2025-06-28,Referral
CUST04159,Customer 04159,Singapore,Asia,SMB,2025-12-01,Referral
CUST04160,Customer 04160,France,Europe,SMB,2024-08-20,Paid Search
CUST04161,Customer 04161,Canada,North America,SMB,2024-06-10,Paid Search
CUST04162,Customer 04162,Thailand,Asia,Mid-Market,2024-08-28,Partner
CUST04163,Customer 04163,Brazil,South America,SMB,2025-06-07,Paid Search
CUST04164,Customer 04164,Thailand,Asia,SMB,2024-09-19,Paid Search
CUST04165,Customer 04165,United States,North America,Mid-Market,2025-04-14,Social
CUST04166,Customer 04166,France,Europe,SMB,2024-09-11,Paid Search
CUST04167,Customer 04167,Germany,Europe,Mid-Market,2025-06-25,Partner
CUST04168,Customer 04168,South Korea,Asia,SMB,2024-02-15,Organic
CUST04169,Customer 04169,Mexico,North America,Mid-Market,2024-09-07,Organic
CUST04170,Customer 04170,Thailand,Asia,SMB,2024-08-14,Referral
CUST04171,Customer 04171,Australia,Oceania,Mid-Market,2025-03-13,Paid Search
CUST04172,Customer 04172,Mexico,North America,Mid-Market,2025-04-18,Partner
CUST04173,Customer 04173,Australia,Oceania,SMB,2025-06-15,Organic
CUST04174,Customer 04174,South Korea,Asia,SMB,2025-10-21,Organic
CUST04175,Customer 04175,Mexico,North America,Enterprise,2025-08-05,Partner
CUST04176,Customer 04176,United States,North America,SMB,2024-01-31,Paid Search
CUST04177,Customer 04177,United States,North America,Mid-Market,2025-05-10,Paid Search
CUST04178,Customer 04178,Australia,Oceania,SMB,2024-01-13,Organic
CUST04179,Customer 04179,Mexico,North America,Mid-Market,2024-10-29,Social
CUST04180,Customer 04180,Argentina,South America,SMB,2025-03-09,Social
CUST04181,Customer 04181,United States,North America,Mid-Market,2024-08-21,Paid Search
CUST04182,Customer 04182,United Kingdom,Europe,Mid-Market,2025-05-26,Organic
CUST04183,Customer 04183,Mexico,North America,SMB,2025-08-04,Social
CUST04184,Customer 04184,Japan,Asia,SMB,2025-03-20,Partner
CUST04185,Customer 04185,New Zealand,Oceania,Enterprise,2025-01-18,Paid Search
CUST04186,Customer 04186,Brazil,South America,Mid-Market,2025-12-12,Referral
CUST04187,Customer 04187,France,Europe,Enterprise,2025-04-21,Paid Search
CUST04188,Customer 04188,France,Europe,Mid-Market,2024-06-16,Organic
CUST04189,Customer 04189,France,Europe,Mid-Market,2025-04-24,Referral
CUST04190,Customer 04190,Singapore,Asia,Mid-Market,2024-12-17,Referral
CUST04191,Customer 04191,France,Europe,Enterprise,2024-01-18,Paid Search
CUST04192,Customer 04192,Canada,North America,SMB,2025-10-31,Partner
CUST04193,Customer 04193,Canada,North America,SMB,2025-08-04,Paid Search
CUST04194,Customer 04194,Argentina,South America,Mid-Market,2025-03-27,Partner
CUST04195,Customer 04195,South Korea,Asia,Enterprise,2025-05-06,Organic
CUST04196,Customer 04196,United States,North America,SMB,2025-02-25,Social
CUST04197,Customer 04197,Germany,Europe,SMB,2024-09-07,Organic
CUST04198,Customer 04198,Chile,South America,Mid-Market,2025-11-12,Organic
CUST04199,Customer 04199,United Kingdom,Europe,Mid-Market,2025-02-08,Referral
CUST04200,Customer 04200,Italy,Europe,SMB,2024-09-04,Organic
CUST04201,Customer 04201,Italy,Europe,Mid-Market,2025-05-15,Organic
CUST04202,Customer 04202,Brazil,South America,SMB,2024-04-24,Referral
CUST04203,Customer 04203,Spain,Europe,SMB,2024-08-21,Paid Search
CUST04204,Customer 04204,Canada,North America,Mid-Market,2024-04-04,Partner
CUST04205,Customer 04205,Mexico,North America,SMB,2024-03-03,Organic
CUST04206,Customer 04206,Canada,North America,Mid-Market,2025-08-23,Paid Search
CUST04207,Customer 04207,United Kingdom,Europe,SMB,2024-11-15,Paid Search
CUST04208,Customer 04208,Italy,Europe,Mid-Market,2025-09-18,Paid Search
CUST04209,Customer 04209,India,Asia,SMB,2025-04-11,Paid Search
CUST04210,Customer 04210,Italy,Europe,Enterprise,2024-06-19,Paid Search
CUST04211,Customer 04211,Mexico,North America,Mid-Market,2024-06-03,Paid Search
CUST04212,Customer 04212,South Korea,Asia,SMB,2024-11-30,Organic
CUST04213,Customer 04213,India,Asia,Enterprise,2024-03-10,Referral
CUST04214,Customer 04214,Italy,Europe,SMB,2025-03-03,Paid Search
CUST04215,Customer 04215,United States,North America,SMB,2024-12-01,Paid Search
CUST04216,Customer 04216,Germany,Europe,Enterprise,2024-04-11,Organic
CUST04217,Customer 04217,United States,North America,Enterprise,2025-01-18,Partner
CUST04218,Customer 04218,France,Europe,Mid-Market,2025-09-12,Organic
CUST04219,Customer 04219,Australia,Oceania,Enterprise,2025-10-26,Social
CUST04220,Customer 04220,United States,North America,SMB,2024-11-02,Organic
CUST04221,Customer 04221,Italy,Europe,SMB,2024-02-23,Social
CUST04222,Customer 04222,United Kingdom,Europe,SMB,2025-09-23,Paid Search
CUST04223,Customer 04223,India,Asia,SMB,2025-02-06,Paid Search
CUST04224,Customer 04224,United Kingdom,Europe,Mid-Market,2025-07-09,Organic
CUST04225,Customer 04225,Italy,Europe,SMB,2024-02-03,Social
CUST04226,Customer 04226,Chile,South America,Mid-Market,2024-08-03,Organic
CUST04227,Customer 04227,United States,North America,SMB,2024-07-27,Referral
CUST04228,Customer 04228,Germany,Europe,SMB,2025-06-07,Organic
CUST04229,Customer 04229,Mexico,North America,Mid-Market,2025-05-12,Referral
CUST04230,Customer 04230,South Korea,Asia,SMB,2025-06-25,Referral
CUST04231,Customer 04231,New Zealand,Oceania,Mid-Market,2024-10-17,Paid Search
CUST04232,Customer 04232,France,Europe,Mid-Market,2024-08-15,Referral
CUST04233,Customer 04233,United States,North America,Mid-Market,2024-05-18,Partner
CUST04234,Customer 04234,Canada,North America,Enterprise,2024-07-04,Paid Search
CUST04235,Customer 04235,France,Europe,Enterprise,2024-04-30,Organic
CUST04236,Customer 04236,Italy,Europe,SMB,2025-08-24,Paid Search
CUST04237,Customer 04237,South Korea,Asia,Mid-Market,2025-05-10,Referral
CUST04238,Customer 04238,Brazil,South America,SMB,2025-05-10,Organic
CUST04239,Customer 04239,Canada,North America,SMB,2025-10-09,Referral
CUST04240,Customer 04240,Canada,North America,Mid-Market,2025-06-24,Organic
CUST04241,Customer 04241,Canada,North America,Mid-Market,2024-08-22,Social
CUST04242,Customer 04242,Argentina,South America,Mid-Market,2024-08-16,Referral
CUST04243,Customer 04243,Singapore,Asia,Mid-Market,2024-04-03,Paid Search
CUST04244,Customer 04244,Mexico,North America,Mid-Market,2025-06-11,Partner
CUST04245,Customer 04245,United States,North America,Mid-Market,2025-10-01,Partner
CUST04246,Customer 04246,India,Asia,SMB,2025-06-06,Organic
CUST04247,Customer 04247,Chile,South America,SMB,2024-12-10,Paid Search
CUST04248,Customer 04248,Spain,Europe,SMB,2024-08-31,Paid Search
CUST04249,Customer 04249,United Kingdom,Europe,Mid-Market,2024-11-16,Paid Search
CUST04250,Customer 04250,Chile,South America,SMB,2024-07-16,Paid Search
CUST04251,Customer 04251,India,Asia,SMB,2024-04-30,Paid Search
CUST04252,Customer 04252,Spain,Europe,SMB,2024-11-11,Organic
CUST04253,Customer 04253,Spain,Europe,Mid-Market,2024-06-22,Organic
CUST04254,Customer 04254,United States,North America,SMB,2025-06-24,Organic
CUST04255,Customer 04255,Brazil,South America,SMB,2025-10-24,Organic
CUST04256,Customer 04256,Italy,Europe,SMB,2024-05-21,Paid Search
CUST04257,Customer 04257,Spain,Europe,SMB,2024-01-05,Organic
CUST04258,Customer 04258,India,Asia,SMB,2025-10-01,Organic
CUST04259,Customer 04259,New Zealand,Oceania,Enterprise,2024-08-02,Partner
CUST04260,Customer 04260,Thailand,Asia,SMB,2024-07-05,Referral
CUST04261,Customer 04261,Australia,Oceania,SMB,2025-09-17,Partner
CUST04262,Customer 04262,Argentina,South America,Mid-Market,2025-09-05,Social
CUST04263,Customer 04263,India,Asia,Mid-Market,2025-02-28,Referral
CUST04264,Customer 04264,Brazil,South America,SMB,2024-04-23,Partner
CUST04265,Customer 04265,Canada,North America,SMB,2025-05-30,Organic
CUST04266,Customer 04266,United States,North America,Enterprise,2025-06-24,Referral
CUST04267,Customer 04267,India,Asia,Enterprise,2024-11-20,Paid Search
CUST04268,Customer 04268,Chile,South America,SMB,2025-02-14,Referral
CUST04269,Customer 04269,United States,North America,Mid-Market,2025-01-27,Organic
CUST04270,Customer 04270,Mexico,North America,SMB,2025-04-28,Social
CUST04271,Customer 04271,Australia,Oceania,SMB,2025-01-11,Paid Search
CUST04272,Customer 04272,Singapore,Asia,SMB,2025-12-13,Partner
CUST04273,Customer 04273,Chile,South America,Mid-Market,2024-01-26,Social
CUST04274,Customer 04274,Argentina,South America,SMB,2024-02-08,Partner
CUST04275,Customer 04275,United Kingdom,Europe,SMB,2024-04-20,Paid Search
CUST04276,Customer 04276,Italy,Europe,SMB,2024-04-19,Paid Search
CUST04277,Customer 04277,India,Asia,SMB,2024-12-30,Referral
CUST04278,Customer 04278,Chile,South America,SMB,2024-02-27,Paid Search
CUST04279,Customer 04279,South Korea,Asia,SMB,2024-05-19,Paid Search
CUST04280,Customer 04280,Mexico,North America,Mid-Market,2025-01-14,Referral
CUST04281,Customer 04281,United Kingdom,Europe,SMB,2025-10-19,Social
CUST04282,Customer 04282,Japan,Asia,SMB,2025-08-09,Paid Search
CUST04283,Customer 04283,Canada,North America,Mid-Market,2024-06-07,Organic
CUST04284,Customer 04284,Italy,Europe,SMB,2024-02-10,Referral
CUST04285,Customer 04285,Chile,South America,SMB,2025-06-24,Referral
CUST04286,Customer 04286,Spain,Europe,Enterprise,2025-07-23,Social
CUST04287,Customer 04287,Australia,Oceania,Mid-Market,2025-11-10,Referral
CUST04288,Customer 04288,Germany,Europe,SMB,2024-11-12,Paid Search
CUST04289,Customer 04289,New Zealand,Oceania,SMB,2024-02-12,Referral
CUST04290,Customer 04290,Canada,North America,SMB,2025-11-19,Partner
CUST04291,Customer 04291,United Kingdom,Europe,SMB,2024-07-29,Paid Search
CUST04292,Customer 04292,Germany,Europe,Enterprise,2024-10-06,Organic
CUST04293,Customer 04293,Germany,Europe,Mid-Market,2024-10-29,Referral
CUST04294,Customer 04294,Canada,North America,SMB,2025-12-20,Organic
CUST04295,Customer 04295,Chile,South America,SMB,2024-09-21,Social
CUST04296,Customer 04296,South Korea,Asia,SMB,2025-02-10,Organic
CUST04297,Customer 04297,Thailand,Asia,SMB,2025-01-03,Paid Search
CUST04298,Customer 04298,United States,North America,SMB,2025-12-24,Social
CUST04299,Customer 04299,United States,North America,SMB,2025-11-27,Organic
CUST04300,Customer 04300,Canada,North America,Enterprise,2025-04-06,Organic
CUST04301,Customer 04301,Singapore,Asia,Mid-Market,2024-03-18,Organic
CUST04302,Customer 04302,United States,North America,Enterprise,2024-09-10,Social
CUST04303,Customer 04303,Australia,Oceania,Enterprise,2025-05-01,Social
CUST04304,Customer 04304,Thailand,Asia,Enterprise,2025-08-10,Paid Search
CUST04305,Customer 04305,Germany,Europe,Enterprise,2025-07-03,Referral
CUST04306,Customer 04306,Spain,Europe,SMB,2024-12-21,Referral
CUST04307,Customer 04307,Canada,North America,SMB,2025-05-05,Organic
CUST04308,Customer 04308,Singapore,Asia,SMB,2024-08-13,Organic
CUST04309,Customer 04309,New Zealand,Oceania,Mid-Market,2025-04-09,Partner
CUST04310,Customer 04310,Mexico,North America,Mid-Market,2024-12-15,Organic
CUST04311,Customer 04311,Canada,North America,SMB,2025-05-14,Paid Search
CUST04312,Customer 04312,United States,North America,Mid-Market,2025-09-29,Organic
CUST04313,Customer 04313,Japan,Asia,Mid-Market,2025-08-22,Referral
CUST04314,Customer 04314,Chile,South America,Mid-Market,2025-06-19,Organic
CUST04315,Customer 04315,Germany,Europe,SMB,2025-07-15,Organic
CUST04316,Customer 04316,Mexico,North America,SMB,2024-05-07,Organic
CUST04317,Customer 04317,New Zealand,Oceania,SMB,2024-05-15,Social
CUST04318,Customer 04318,United States,North America,SMB,2025-09-05,Organic
CUST04319,Customer 04319,Brazil,South America,Mid-Market,2025-01-30,Paid Search
CUST04320,Customer 04320,Thailand,Asia,SMB,2024-11-11,Paid Search
CUST04321,Customer 04321,Brazil,South America,SMB,2025-05-01,Paid Search
CUST04322,Customer 04322,United States,North America,SMB,2024-03-01,Partner
CUST04323,Customer 04323,United States,North America,Mid-Market,2024-04-30,Paid Search
CUST04324,Customer 04324,Italy,Europe,SMB,2024-04-17,Referral
CUST04325,Customer 04325,Spain,Europe,Enterprise,2025-02-17,Paid Search
CUST04326,Customer 04326,United States,North America,SMB,2024-02-18,Partner
CUST04327,Customer 04327,Italy,Europe,Enterprise,2024-02-02,Partner
CUST04328,Customer 04328,Mexico,North America,SMB,2025-05-09,Organic
CUST04329,Customer 04329,Brazil,South America,SMB,2025-06-21,Partner
CUST04330,Customer 04330,Australia,Oceania,Enterprise,2024-07-07,Partner
CUST04331,Customer 04331,United Kingdom,Europe,Mid-Market,2025-05-20,Social
CUST04332,Customer 04332,Australia,Oceania,Mid-Market,2024-03-11,Social
CUST04333,Customer 04333,Germany,Europe,Mid-Market,2024-10-26,Referral
CUST04334,Customer 04334,Singapore,Asia,SMB,2024-09-24,Paid Search
CUST04335,Customer 04335,Chile,South America,Mid-Market,2024-09-10,Organic
CUST04336,Customer 04336,Spain,Europe,SMB,2025-09-25,Partner
CUST04337,Customer 04337,Italy,Europe,Mid-Market,2024-02-27,Social
CUST04338,Customer 04338,France,Europe,Enterprise,2025-04-04,Organic
CUST04339,Customer 04339,United States,North America,Enterprise,2024-07-19,Referral
CUST04340,Customer 04340,Argentina,South America,Mid-Market,2024-12-21,Organic
CUST04341,Customer 04341,Germany,Europe,Mid-Market,2024-05-27,Organic
CUST04342,Customer 04342,United Kingdom,Europe,SMB,2025-06-19,Paid Search
CUST04343,Customer 04343,Mexico,North America,SMB,2024-02-14,Paid Search
CUST04344,Customer 04344,Spain,Europe,Enterprise,2024-02-25,Referral
CUST04345,Customer 04345,United States,North America,Mid-Market,2024-08-28,Organic
CUST04346,Customer 04346,Australia,Oceania,SMB,2025-10-07,Referral
CUST04347,Customer 04347,United States,North America,Mid-Market,2024-01-18,Referral
CUST04348,Customer 04348,Argentina,South America,SMB,2024-05-09,Partner
CUST04349,Customer 04349,United States,North America,Mid-Market,2024-12-25,Organic
CUST04350,Customer 04350,Chile,South America,Mid-Market,2024-01-16,Paid Search
CUST04351,Customer 04351,Spain,Europe,SMB,2025-01-25,Referral
CUST04352,Customer 04352,France,Europe,SMB,2024-09-21,Referral
CUST04353,Customer 04353,Canada,North America,Mid-Market,2025-04-16,Paid Search
CUST04354,Customer 04354,United Kingdom,Europe,SMB,2024-02-12,Paid Search
CUST04355,Customer 04355,Brazil,South America,Enterprise,2024-05-09,Social
CUST04356,Customer 04356,Mexico,North America,SMB,2024-05-02,Paid Search
CUST04357,Customer 04357,New Zealand,Oceania,SMB,2025-06-23,Organic
CUST04358,Customer 04358,Japan,Asia,SMB,2025-06-24,Social
CUST04359,Customer 04359,Singapore,Asia,Mid-Market,2024-03-26,Partner
CUST04360,Customer 04360,Canada,North America,Mid-Market,2024-10-22,Organic
CUST04361,Customer 04361,France,Europe,Mid-Market,2025-05-29,Partner
CUST04362,Customer 04362,United States,North America,Enterprise,2024-01-06,Organic
CUST04363,Customer 04363,United States,North America,Mid-Market,2024-03-14,Partner
CUST04364,Customer 04364,New Zealand,Oceania,SMB,2025-04-15,Referral
CUST04365,Customer 04365,Canada,North America,SMB,2025-02-16,Paid Search
CUST04366,Customer 04366,Spain,Europe,Enterprise,2025-05-31,Social
CUST04367,Customer 04367,India,Asia,SMB,2024-12-07,Partner
CUST04368,Customer 04368,Canada,North America,Enterprise,2025-10-21,Organic
CUST04369,Customer 04369,United Kingdom,Europe,Enterprise,2024-04-01,Referral
CUST04370,Customer 04370,South Korea,Asia,Mid-Market,2024-04-23,Partner
CUST04371,Customer 04371,Thailand,Asia,Mid-Market,2025-04-09,Paid Search
CUST04372,Customer 04372,France,Europe,Enterprise,2025-09-18,Organic
CUST04373,Customer 04373,United States,North America,Mid-Market,2024-01-17,Organic
CUST04374,Customer 04374,Germany,Europe,Mid-Market,2025-06-02,Social
CUST04375,Customer 04375,Canada,North America,SMB,2025-12-11,Paid Search
CUST04376,Customer 04376,Germany,Europe,SMB,2025-02-16,Paid Search
CUST04377,Customer 04377,United States,North America,SMB,2025-08-30,Referral
CUST04378,Customer 04378,Germany,Europe,Enterprise,2024-07-10,Organic
CUST04379,Customer 04379,Brazil,South America,Mid-Market,2025-08-11,Organic
CUST04380,Customer 04380,Germany,Europe,Mid-Market,2024-11-30,Organic
CUST04381,Customer 04381,Canada,North America,SMB,2024-08-06,Organic
CUST04382,Customer 04382,South Korea,Asia,Enterprise,2024-05-24,Partner
CUST04383,Customer 04383,France,Europe,SMB,2025-09-15,Organic
CUST04384,Customer 04384,India,Asia,Mid-Market,2025-06-08,Organic
CUST04385,Customer 04385,Argentina,South America,SMB,2025-07-30,Paid Search
CUST04386,Customer 04386,Australia,Oceania,Enterprise,2025-05-29,Partner
CUST04387,Customer 04387,South Korea,Asia,Mid-Market,2024-07-05,Organic
CUST04388,Customer 04388,France,Europe,SMB,2024-05-20,Organic
CUST04389,Customer 04389,Canada,North America,SMB,2025-04-18,Referral
CUST04390,Customer 04390,United States,North America,SMB,2024-07-03,Paid Search
CUST04391,Customer 04391,France,Europe,SMB,2025-04-18,Referral
CUST04392,Customer 04392,United States,North America,SMB,2025-10-20,Organic
CUST04393,Customer 04393,Canada,North America,SMB,2025-07-01,Partner
CUST04394,Customer 04394,United States,North America,SMB,2024-12-10,Referral
CUST04395,Customer 04395,South Korea,Asia,SMB,2025-10-26,Partner
CUST04396,Customer 04396,Japan,Asia,Mid-Market,2025-02-06,Social
CUST04397,Customer 04397,United Kingdom,Europe,SMB,2024-12-09,Referral
CUST04398,Customer 04398,Canada,North America,SMB,2025-12-01,Organic
CUST04399,Customer 04399,Italy,Europe,Enterprise,2024-09-01,Referral
CUST04400,Customer 04400,Mexico,North America,SMB,2024-05-31,Referral
CUST04401,Customer 04401,Canada,North America,Mid-Market,2024-04-11,Organic
CUST04402,Customer 04402,Mexico,North America,Enterprise,2025-04-03,Organic
CUST04403,Customer 04403,France,Europe,Mid-Market,2025-01-07,Organic
CUST04404,Customer 04404,South Korea,Asia,SMB,2025-07-19,Social
CUST04405,Customer 04405,Japan,Asia,SMB,2024-04-17,Partner
CUST04406,Customer 04406,Canada,North America,Mid-Market,2024-08-21,Referral
CUST04407,Customer 04407,Australia,Oceania,Mid-Market,2024-03-29,Partner
CUST04408,Customer 04408,Thailand,Asia,SMB,2024-08-13,Referral
CUST04409,Customer 04409,Brazil,South America,Mid-Market,2025-12-02,Partner
CUST04410,Customer 04410,United Kingdom,Europe,Enterprise,2025-10-17,Organic
CUST04411,Customer 04411,India,Asia,Mid-Market,2024-12-28,Organic
CUST04412,Customer 04412,Italy,Europe,SMB,2024-03-13,Referral
CUST04413,Customer 04413,United States,North America,SMB,2025-12-28,Partner
CUST04414,Customer 04414,United Kingdom,Europe,SMB,2024-04-25,Partner
CUST04415,Customer 04415,India,Asia,SMB,2024-03-14,Social
CUST04416,Customer 04416,United States,North America,Mid-Market,2024-10-27,Partner
CUST04417,Customer 04417,Canada,North America,SMB,2025-11-18,Organic
CUST04418,Customer 04418,France,Europe,SMB,2025-08-06,Organic
CUST04419,Customer 04419,France,Europe,SMB,2024-09-19,Paid Search
CUST04420,Customer 04420,United States,North America,Enterprise,2024-11-28,Referral
CUST04421,Customer 04421,South Korea,Asia,Enterprise,2024-02-14,Paid Search
CUST04422,Customer 04422,Italy,Europe,Mid-Market,2024-07-16,Organic
CUST04423,Customer 04423,Canada,North America,Enterprise,2025-05-04,Paid Search
CUST04424,Customer 04424,Germany,Europe,Enterprise,2024-11-03,Partner
CUST04425,Customer 04425,United States,North America,SMB,2025-12-16,Organic
CUST04426,Customer 04426,South Korea,Asia,SMB,2024-11-21,Referral
CUST04427,Customer 04427,Spain,Europe,Mid-Market,2025-09-11,Organic
CUST04428,Customer 04428,Spain,Europe,Mid-Market,2025-06-15,Referral
CUST04429,Customer 04429,United Kingdom,Europe,SMB,2025-01-06,Referral
CUST04430,Customer 04430,United Kingdom,Europe,Enterprise,2025-09-27,Organic
CUST04431,Customer 04431,India,Asia,SMB,2025-09-28,Referral
CUST04432,Customer 04432,Australia,Oceania,Enterprise,2024-08-22,Referral
CUST04433,Customer 04433,Chile,South America,Mid-Market,2024-07-22,Paid Search
CUST04434,Customer 04434,Singapore,Asia,SMB,2025-06-01,Partner
CUST04435,Customer 04435,Canada,North America,Enterprise,2024-01-20,Partner
CUST04436,Customer 04436,Canada,North America,Mid-Market,2025-05-27,Paid Search
CUST04437,Customer 04437,Brazil,South America,Mid-Market,2024-11-13,Organic
CUST04438,Customer 04438,Spain,Europe,Mid-Market,2025-07-14,Paid Search
CUST04439,Customer 04439,Thailand,Asia,SMB,2024-04-05,Paid Search
CUST04440,Customer 04440,South Korea,Asia,SMB,2025-02-24,Organic
CUST04441,Customer 04441,France,Europe,SMB,2025-01-26,Referral
CUST04442,Customer 04442,South Korea,Asia,SMB,2024-01-11,Social
CUST04443,Customer 04443,Argentina,South America,SMB,2025-01-18,Organic
CUST04444,Customer 04444,New Zealand,Oceania,SMB,2025-04-24,Referral
CUST04445,Customer 04445,Germany,Europe,SMB,2024-10-23,Referral
CUST04446,Customer 04446,South Korea,Asia,Mid-Market,2025-03-23,Referral
CUST04447,Customer 04447,India,Asia,SMB,2024-08-26,Partner
CUST04448,Customer 04448,South Korea,Asia,SMB,2025-03-23,Paid Search
CUST04449,Customer 04449,Canada,North America,Enterprise,2024-06-26,Referral
CUST04450,Customer 04450,Germany,Europe,Enterprise,2024-07-24,Organic
CUST04451,Customer 04451,Argentina,South America,Mid-Market,2024-02-21,Organic
CUST04452,Customer 04452,Australia,Oceania,SMB,2024-03-12,Paid Search
CUST04453,Customer 04453,Canada,North America,Mid-Market,2024-04-08,Organic
CUST04454,Customer 04454,United States,North America,SMB,2024-05-18,Organic
CUST04455,Customer 04455,Mexico,North America,Mid-Market,2025-06-09,Organic
CUST04456,Customer 04456,Singapore,Asia,Enterprise,2024-06-07,Organic
CUST04457,Customer 04457,France,Europe,SMB,2024-09-16,Paid Search
CUST04458,Customer 04458,Mexico,North America,Enterprise,2024-05-06,Organic
CUST04459,Customer 04459,Italy,Europe,Mid-Market,2024-11-05,Organic
CUST04460,Customer 04460,Argentina,South America,SMB,2024-06-27,Referral
CUST04461,Customer 04461,India,Asia,SMB,2024-08-28,Referral
CUST04462,Customer 04462,Singapore,Asia,Mid-Market,2024-02-20,Social
CUST04463,Customer 04463,South Korea,Asia,SMB,2025-01-04,Social
CUST04464,Customer 04464,New Zealand,Oceania,SMB,2024-07-15,Partner
CUST04465,Customer 04465,Italy,Europe,SMB,2025-04-21,Referral
CUST04466,Customer 04466,Germany,Europe,Enterprise,2025-12-30,Organic
CUST04467,Customer 04467,Italy,Europe,SMB,2024-12-20,Organic
CUST04468,Customer 04468,United States,North America,Enterprise,2025-01-08,Social
CUST04469,Customer 04469,Australia,Oceania,Mid-Market,2025-08-30,Social
CUST04470,Customer 04470,Spain,Europe,SMB,2024-09-08,Paid Search
CUST04471,Customer 04471,New Zealand,Oceania,SMB,2024-04-13,Paid Search
CUST04472,Customer 04472,Thailand,Asia,Mid-Market,2025-06-10,Organic
CUST04473,Customer 04473,Canada,North America,SMB,2025-04-19,Organic
CUST04474,Customer 04474,Italy,Europe,SMB,2024-12-09,Paid Search
CUST04475,Customer 04475,South Korea,Asia,SMB,2024-10-09,Organic
CUST04476,Customer 04476,United States,North America,Enterprise,2024-01-22,Paid Search
CUST04477,Customer 04477,Mexico,North America,Mid-Market,2025-02-11,Partner
CUST04478,Customer 04478,Spain,Europe,SMB,2025-02-04,Partner
CUST04479,Customer 04479,Brazil,South America,SMB,2025-01-11,Partner
CUST04480,Customer 04480,New Zealand,Oceania,SMB,2024-08-10,Organic
CUST04481,Customer 04481,Singapore,Asia,Mid-Market,2024-04-20,Paid Search
CUST04482,Customer 04482,Mexico,North America,SMB,2025-02-21,Referral
CUST04483,Customer 04483,Canada,North America,Enterprise,2025-03-29,Referral
CUST04484,Customer 04484,France,Europe,Enterprise,2024-05-06,Social
CUST04485,Customer 04485,Brazil,South America,SMB,2024-03-29,Organic
CUST04486,Customer 04486,Singapore,Asia,Enterprise,2024-12-18,Organic
CUST04487,Customer 04487,Mexico,North America,Mid-Market,2024-02-05,Paid Search
CUST04488,Customer 04488,Spain,Europe,Mid-Market,2024-05-21,Paid Search
CUST04489,Customer 04489,Japan,Asia,SMB,2025-04-10,Paid Search
CUST04490,Customer 04490,Mexico,North America,Enterprise,2024-08-06,Paid Search
CUST04491,Customer 04491,Canada,North America,SMB,2024-12-02,Organic
CUST04492,Customer 04492,Argentina,South America,Mid-Market,2025-05-17,Paid Search
CUST04493,Customer 04493,Australia,Oceania,SMB,2024-05-09,Referral
CUST04494,Customer 04494,United Kingdom,Europe,SMB,2024-06-15,Organic
CUST04495,Customer 04495,Singapore,Asia,Enterprise,2024-08-05,Partner
CUST04496,Customer 04496,South Korea,Asia,SMB,2024-10-31,Referral
CUST04497,Customer 04497,Singapore,Asia,SMB,2025-02-13,Organic
CUST04498,Customer 04498,Singapore,Asia,Mid-Market,2024-02-23,Organic
CUST04499,Customer 04499,Argentina,South America,SMB,2024-12-12,Organic
CUST04500,Customer 04500,Canada,North America,Enterprise,2025-05-17,Organic
CUST04501,Customer 04501,United Kingdom,Europe,Enterprise,2025-09-14,Referral
CUST04502,Customer 04502,India,Asia,SMB,2025-01-28,Social
CUST04503,Customer 04503,Mexico,North America,Mid-Market,2025-04-02,Organic
CUST04504,Customer 04504,India,Asia,Enterprise,2025-08-17,Organic
CUST04505,Customer 04505,Spain,Europe,Enterprise,2025-06-15,Partner
CUST04506,Customer 04506,South Korea,Asia,SMB,2025-01-26,Paid Search
CUST04507,Customer 04507,Thailand,Asia,Mid-Market,2025-02-17,Paid Search
CUST04508,Customer 04508,Germany,Europe,Mid-Market,2025-12-27,Paid Search
CUST04509,Customer 04509,United States,North America,SMB,2025-07-07,Organic
CUST04510,Customer 04510,India,Asia,Mid-Market,2024-06-25,Organic
CUST04511,Customer 04511,Canada,North America,SMB,2024-11-27,Social
CUST04512,Customer 04512,Mexico,North America,SMB,2025-06-26,Referral
CUST04513,Customer 04513,Chile,South America,SMB,2025-01-16,Organic
CUST04514,Customer 04514,Italy,Europe,Enterprise,2024-11-12,Social
CUST04515,Customer 04515,Spain,Europe,SMB,2025-03-20,Paid Search
CUST04516,Customer 04516,India,Asia,SMB,2024-10-01,Organic
CUST04517,Customer 04517,South Korea,Asia,SMB,2025-05-10,Social
CUST04518,Customer 04518,Japan,Asia,SMB,2025-06-18,Referral
CUST04519,Customer 04519,Mexico,North America,Enterprise,2025-10-18,Partner
CUST04520,Customer 04520,Italy,Europe,SMB,2025-11-29,Organic
CUST04521,Customer 04521,Italy,Europe,SMB,2025-06-04,Organic
CUST04522,Customer 04522,Singapore,Asia,Enterprise,2025-07-06,Social
CUST04523,Customer 04523,Canada,North America,SMB,2025-07-18,Organic
CUST04524,Customer 04524,Argentina,South America,SMB,2024-08-29,Partner
CUST04525,Customer 04525,Canada,North America,Mid-Market,2025-10-31,Partner
CUST04526,Customer 04526,Canada,North America,Mid-Market,2025-01-07,Paid Search
CUST04527,Customer 04527,Canada,North America,SMB,2025-09-26,Partner
CUST04528,Customer 04528,United States,North America,Mid-Market,2024-06-07,Social
CUST04529,Customer 04529,France,Europe,Mid-Market,2024-08-14,Partner
CUST04530,Customer 04530,Mexico,North America,Mid-Market,2025-03-29,Paid Search
CUST04531,Customer 04531,Mexico,North America,SMB,2025-02-26,Referral
CUST04532,Customer 04532,India,Asia,Mid-Market,2024-10-21,Paid Search
CUST04533,Customer 04533,United States,North America,Mid-Market,2024-06-10,Organic
CUST04534,Customer 04534,Singapore,Asia,Mid-Market,2024-06-15,Social
CUST04535,Customer 04535,Mexico,North America,Enterprise,2025-06-15,Social
CUST04536,Customer 04536,Germany,Europe,Enterprise,2024-01-16,Organic
CUST04537,Customer 04537,United States,North America,Mid-Market,2024-03-28,Referral
CUST04538,Customer 04538,Brazil,South America,SMB,2025-11-07,Social
CUST04539,Customer 04539,Germany,Europe,SMB,2025-12-16,Referral
CUST04540,Customer 04540,India,Asia,Mid-Market,2024-02-27,Organic
CUST04541,Customer 04541,Italy,Europe,SMB,2024-04-14,Organic
CUST04542,Customer 04542,Spain,Europe,Mid-Market,2024-08-28,Paid Search
CUST04543,Customer 04543,Australia,Oceania,Mid-Market,2025-03-04,Social
CUST04544,Customer 04544,India,Asia,Mid-Market,2024-05-19,Organic
CUST04545,Customer 04545,Thailand,Asia,SMB,2025-12-19,Paid Search
CUST04546,Customer 04546,Japan,Asia,Enterprise,2024-12-27,Partner
CUST04547,Customer 04547,Australia,Oceania,Mid-Market,2025-01-27,Partner
CUST04548,Customer 04548,India,Asia,SMB,2024-05-22,Social
CUST04549,Customer 04549,Canada,North America,Mid-Market,2024-08-12,Partner
CUST04550,Customer 04550,South Korea,Asia,SMB,2025-06-22,Referral
CUST04551,Customer 04551,France,Europe,Mid-Market,2025-04-07,Social
CUST04552,Customer 04552,Canada,North America,SMB,2024-06-13,Referral
CUST04553,Customer 04553,France,Europe,Mid-Market,2024-11-18,Referral
CUST04554,Customer 04554,Mexico,North America,SMB,2024-05-15,Organic
CUST04555,Customer 04555,South Korea,Asia,SMB,2024-10-24,Paid Search
CUST04556,Customer 04556,Canada,North America,SMB,2024-06-07,Organic
CUST04557,Customer 04557,Canada,North America,SMB,2025-12-17,Partner
CUST04558,Customer 04558,Canada,North America,Enterprise,2024-08-05,Organic
CUST04559,Customer 04559,Spain,Europe,Mid-Market,2024-12-12,Paid Search
CUST04560,Customer 04560,Canada,North America,SMB,2025-04-14,Social
CUST04561,Customer 04561,New Zealand,Oceania,SMB,2024-01-30,Partner
CUST04562,Customer 04562,Germany,Europe,Mid-Market,2024-06-02,Partner
CUST04563,Customer 04563,Thailand,Asia,SMB,2025-12-23,Referral
CUST04564,Customer 04564,Chile,South America,SMB,2025-05-24,Organic
CUST04565,Customer 04565,Italy,Europe,SMB,2024-06-25,Organic
CUST04566,Customer 04566,Mexico,North America,Mid-Market,2024-11-10,Partner
CUST04567,Customer 04567,Canada,North America,Enterprise,2025-09-18,Partner
CUST04568,Customer 04568,France,Europe,SMB,2024-05-24,Paid Search
CUST04569,Customer 04569,Canada,North America,Enterprise,2024-08-06,Organic
CUST04570,Customer 04570,Canada,North America,Enterprise,2024-06-24,Organic
CUST04571,Customer 04571,India,Asia,Enterprise,2025-04-30,Paid Search
CUST04572,Customer 04572,Brazil,South America,Mid-Market,2025-01-20,Organic
CUST04573,Customer 04573,France,Europe,Enterprise,2024-12-31,Organic
CUST04574,Customer 04574,Singapore,Asia,Mid-Market,2024-10-03,Paid Search
CUST04575,Customer 04575,Brazil,South America,Enterprise,2024-08-27,Referral
CUST04576,Customer 04576,Italy,Europe,SMB,2025-01-10,Referral
CUST04577,Customer 04577,Brazil,South America,Mid-Market,2025-08-07,Paid Search
CUST04578,Customer 04578,Spain,Europe,Mid-Market,2025-08-16,Paid Search
CUST04579,Customer 04579,South Korea,Asia,SMB,2025-07-27,Organic
CUST04580,Customer 04580,France,Europe,SMB,2024-02-03,Referral
CUST04581,Customer 04581,Canada,North America,SMB,2024-12-24,Organic
CUST04582,Customer 04582,Mexico,North America,SMB,2024-10-14,Social
CUST04583,Customer 04583,Brazil,South America,SMB,2025-11-14,Organic
CUST04584,Customer 04584,New Zealand,Oceania,SMB,2024-10-30,Partner
CUST04585,Customer 04585,Canada,North America,SMB,2024-06-29,Paid Search
CUST04586,Customer 04586,United States,North America,Mid-Market,2024-07-02,Referral
CUST04587,Customer 04587,Mexico,North America,SMB,2024-05-22,Referral
CUST04588,Customer 04588,New Zealand,Oceania,SMB,2024-11-19,Organic
CUST04589,Customer 04589,United States,North America,SMB,2024-07-12,Paid Search
CUST04590,Customer 04590,Argentina,South America,SMB,2025-02-18,Organic
CUST04591,Customer 04591,United Kingdom,Europe,SMB,2024-06-17,Paid Search
CUST04592,Customer 04592,South Korea,Asia,Enterprise,2025-03-03,Social
CUST04593,Customer 04593,Canada,North America,SMB,2025-03-26,Referral
CUST04594,Customer 04594,Spain,Europe,SMB,2025-05-04,Referral
CUST04595,Customer 04595,Spain,Europe,Mid-Market,2025-10-07,Organic
CUST04596,Customer 04596,Australia,Oceania,Enterprise,2024-02-26,Paid Search
CUST04597,Customer 04597,Singapore,Asia,SMB,2024-02-08,Referral
CUST04598,Customer 04598,France,Europe,SMB,2024-12-02,Organic
CUST04599,Customer 04599,Singapore,Asia,Mid-Market,2025-01-12,Organic
CUST04600,Customer 04600,India,Asia,SMB,2025-07-07,Organic
CUST04601,Customer 04601,Canada,North America,SMB,2024-06-14,Organic
CUST04602,Customer 04602,Australia,Oceania,Enterprise,2024-11-28,Social
CUST04603,Customer 04603,New Zealand,Oceania,Enterprise,2025-03-22,Organic
CUST04604,Customer 04604,Canada,North America,Mid-Market,2025-04-24,Organic
CUST04605,Customer 04605,Mexico,North America,SMB,2025-01-31,Organic
CUST04606,Customer 04606,Thailand,Asia,Mid-Market,2025-03-07,Organic
CUST04607,Customer 04607,Argentina,South America,Enterprise,2024-04-29,Paid Search
CUST04608,Customer 04608,United Kingdom,Europe,Enterprise,2024-12-05,Organic
CUST04609,Customer 04609,Italy,Europe,SMB,2025-01-30,Organic
CUST04610,Customer 04610,New Zealand,Oceania,SMB,2024-02-27,Organic
CUST04611,Customer 04611,Brazil,South America,SMB,2025-12-09,Partner
CUST04612,Customer 04612,Japan,Asia,Mid-Market,2025-04-07,Paid Search
CUST04613,Customer 04613,Mexico,North America,SMB,2025-06-08,Referral
CUST04614,Customer 04614,Japan,Asia,SMB,2025-01-25,Organic
CUST04615,Customer 04615,India,Asia,SMB,2025-11-11,Paid Search
CUST04616,Customer 04616,Thailand,Asia,SMB,2024-01-05,Social
CUST04617,Customer 04617,Spain,Europe,Enterprise,2025-12-01,Organic
CUST04618,Customer 04618,Canada,North America,SMB,2024-05-31,Paid Search
CUST04619,Customer 04619,South Korea,Asia,SMB,2025-10-08,Organic
CUST04620,Customer 04620,Canada,North America,Mid-Market,2024-02-14,Organic
CUST04621,Customer 04621,France,Europe,Mid-Market,2024-08-16,Referral
CUST04622,Customer 04622,New Zealand,Oceania,Mid-Market,2025-02-20,Referral
CUST04623,Customer 04623,Mexico,North America,Mid-Market,2025-04-25,Paid Search
CUST04624,Customer 04624,Argentina,South America,SMB,2024-01-12,Paid Search
CUST04625,Customer 04625,France,Europe,SMB,2024-09-19,Paid Search
CUST04626,Customer 04626,United States,North America,SMB,2025-09-07,Paid Search
CUST04627,Customer 04627,Brazil,South America,Mid-Market,2024-05-13,Partner
CUST04628,Customer 04628,Singapore,Asia,Enterprise,2025-11-23,Referral
CUST04629,Customer 04629,United Kingdom,Europe,SMB,2025-06-03,Organic
CUST04630,Customer 04630,South Korea,Asia,Mid-Market,2025-12-14,Organic
CUST04631,Customer 04631,Thailand,Asia,Mid-Market,2025-10-22,Referral
CUST04632,Customer 04632,Japan,Asia,Enterprise,2024-06-14,Organic
CUST04633,Customer 04633,India,Asia,SMB,2025-11-18,Social
CUST04634,Customer 04634,Thailand,Asia,SMB,2024-12-27,Partner
CUST04635,Customer 04635,Mexico,North America,Mid-Market,2024-07-07,Organic
CUST04636,Customer 04636,United Kingdom,Europe,Mid-Market,2025-10-13,Partner
CUST04637,Customer 04637,India,Asia,Mid-Market,2024-12-09,Organic
CUST04638,Customer 04638,Canada,North America,Enterprise,2025-05-17,Organic
CUST04639,Customer 04639,Italy,Europe,SMB,2025-03-21,Social
CUST04640,Customer 04640,Spain,Europe,Mid-Market,2024-08-06,Partner
CUST04641,Customer 04641,United Kingdom,Europe,SMB,2025-12-19,Paid Search
CUST04642,Customer 04642,United Kingdom,Europe,SMB,2025-09-01,Partner
CUST04643,Customer 04643,Japan,Asia,SMB,2025-01-21,Organic
CUST04644,Customer 04644,United Kingdom,Europe,SMB,2025-02-23,Referral
CUST04645,Customer 04645,India,Asia,SMB,2024-02-20,Social
CUST04646,Customer 04646,Australia,Oceania,Mid-Market,2025-06-17,Partner
CUST04647,Customer 04647,New Zealand,Oceania,Enterprise,2025-10-27,Paid Search
CUST04648,Customer 04648,France,Europe,SMB,2025-12-09,Paid Search
CUST04649,Customer 04649,Thailand,Asia,SMB,2025-02-13,Partner
CUST04650,Customer 04650,Japan,Asia,SMB,2025-12-30,Organic
CUST04651,Customer 04651,Chile,South America,SMB,2025-08-06,Social
CUST04652,Customer 04652,Brazil,South America,SMB,2025-01-04,Paid Search
CUST04653,Customer 04653,Germany,Europe,Mid-Market,2025-08-08,Organic
CUST04654,Customer 04654,United Kingdom,Europe,Enterprise,2024-04-24,Organic
CUST04655,Customer 04655,Thailand,Asia,SMB,2025-05-08,Paid Search
CUST04656,Customer 04656,Brazil,South America,Mid-Market,2025-03-28,Organic
CUST04657,Customer 04657,Argentina,South America,Mid-Market,2024-12-26,Paid Search
CUST04658,Customer 04658,France,Europe,SMB,2025-04-15,Social
CUST04659,Customer 04659,Mexico,North America,SMB,2025-09-14,Organic
CUST04660,Customer 04660,United Kingdom,Europe,SMB,2025-02-22,Referral
CUST04661,Customer 04661,Canada,North America,SMB,2024-10-04,Paid Search
CUST04662,Customer 04662,Australia,Oceania,Enterprise,2024-11-04,Referral
CUST04663,Customer 04663,Japan,Asia,SMB,2025-02-19,Paid Search
CUST04664,Customer 04664,Italy,Europe,SMB,2025-03-01,Partner
CUST04665,Customer 04665,Canada,North America,SMB,2024-08-17,Paid Search
CUST04666,Customer 04666,South Korea,Asia,SMB,2025-01-25,Paid Search
CUST04667,Customer 04667,Brazil,South America,Enterprise,2024-07-29,Organic
CUST04668,Customer 04668,Japan,Asia,SMB,2025-11-21,Paid Search
CUST04669,Customer 04669,Brazil,South America,Mid-Market,2025-01-25,Organic
CUST04670,Customer 04670,India,Asia,SMB,2025-09-04,Referral
CUST04671,Customer 04671,France,Europe,SMB,2024-10-04,Paid Search
CUST04672,Customer 04672,Singapore,Asia,SMB,2024-10-14,Partner
CUST04673,Customer 04673,Germany,Europe,Enterprise,2024-07-29,Paid Search
CUST04674,Customer 04674,India,Asia,SMB,2025-02-21,Referral
CUST04675,Customer 04675,Mexico,North America,Mid-Market,2025-03-26,Organic
CUST04676,Customer 04676,United Kingdom,Europe,SMB,2025-02-17,Referral
CUST04677,Customer 04677,Italy,Europe,Mid-Market,2025-09-03,Social
CUST04678,Customer 04678,Italy,Europe,Mid-Market,2025-01-08,Paid Search
CUST04679,Customer 04679,Germany,Europe,Mid-Market,2025-08-23,Organic
CUST04680,Customer 04680,Argentina,South America,SMB,2024-02-12,Referral
CUST04681,Customer 04681,New Zealand,Oceania,SMB,2024-09-20,Organic
CUST04682,Customer 04682,United Kingdom,Europe,Enterprise,2025-06-04,Paid Search
CUST04683,Customer 04683,Mexico,North America,Mid-Market,2024-10-07,Organic
CUST04684,Customer 04684,Mexico,North America,SMB,2025-06-18,Paid Search
CUST04685,Customer 04685,New Zealand,Oceania,SMB,2025-03-08,Partner
CUST04686,Customer 04686,India,Asia,SMB,2024-12-19,Organic
CUST04687,Customer 04687,South Korea,Asia,SMB,2025-02-11,Paid Search
CUST04688,Customer 04688,Thailand,Asia,SMB,2025-10-21,Organic
CUST04689,Customer 04689,Argentina,South America,SMB,2025-05-11,Organic
CUST04690,Customer 04690,Mexico,North America,SMB,2025-12-20,Referral
CUST04691,Customer 04691,Singapore,Asia,Mid-Market,2024-03-10,Referral
CUST04692,Customer 04692,United Kingdom,Europe,Enterprise,2025-08-17,Partner
CUST04693,Customer 04693,Mexico,North America,Mid-Market,2025-10-13,Organic
CUST04694,Customer 04694,Brazil,South America,SMB,2025-11-09,Organic
CUST04695,Customer 04695,Singapore,Asia,Mid-Market,2025-01-29,Paid Search
CUST04696,Customer 04696,United States,North America,SMB,2024-12-22,Referral
CUST04697,Customer 04697,South Korea,Asia,Mid-Market,2025-03-02,Referral
CUST04698,Customer 04698,Thailand,Asia,SMB,2025-10-30,Partner
CUST04699,Customer 04699,Mexico,North America,SMB,2025-09-25,Partner
CUST04700,Customer 04700,United States,North America,Mid-Market,2025-11-14,Organic
CUST04701,Customer 04701,New Zealand,Oceania,SMB,2025-12-09,Social
CUST04702,Customer 04702,Thailand,Asia,Mid-Market,2025-03-31,Social
CUST04703,Customer 04703,Thailand,Asia,Mid-Market,2024-07-08,Organic
CUST04704,Customer 04704,Singapore,Asia,SMB,2024-04-20,Paid Search
CUST04705,Customer 04705,Germany,Europe,SMB,2025-10-18,Partner
CUST04706,Customer 04706,Singapore,Asia,Mid-Market,2024-04-21,Paid Search
CUST04707,Customer 04707,Italy,Europe,Mid-Market,2024-02-21,Organic
CUST04708,Customer 04708,South Korea,Asia,Mid-Market,2024-12-11,Paid Search
CUST04709,Customer 04709,France,Europe,SMB,2025-06-27,Referral
CUST04710,Customer 04710,Japan,Asia,Mid-Market,2025-06-21,Partner
CUST04711,Customer 04711,Canada,North America,SMB,2024-07-04,Partner
CUST04712,Customer 04712,United Kingdom,Europe,SMB,2025-01-01,Social
CUST04713,Customer 04713,Canada,North America,Mid-Market,2025-10-15,Paid Search
CUST04714,Customer 04714,New Zealand,Oceania,SMB,2025-08-07,Partner
CUST04715,Customer 04715,United States,North America,SMB,2025-11-01,Organic
CUST04716,Customer 04716,France,Europe,SMB,2025-07-16,Paid Search
CUST04717,Customer 04717,Thailand,Asia,Mid-Market,2024-03-07,Social
CUST04718,Customer 04718,Mexico,North America,Enterprise,2024-05-28,Partner
CUST04719,Customer 04719,United States,North America,Enterprise,2024-05-03,Referral
CUST04720,Customer 04720,Spain,Europe,SMB,2024-04-07,Organic
CUST04721,Customer 04721,Japan,Asia,SMB,2025-09-19,Organic
CUST04722,Customer 04722,United States,North America,Mid-Market,2025-05-30,Referral
CUST04723,Customer 04723,Japan,Asia,SMB,2025-10-29,Paid Search
CUST04724,Customer 04724,Canada,North America,SMB,2024-08-22,Paid Search
CUST04725,Customer 04725,Germany,Europe,SMB,2025-12-17,Partner
CUST04726,Customer 04726,India,Asia,Mid-Market,2025-11-11,Organic
CUST04727,Customer 04727,Chile,South America,Mid-Market,2024-03-18,Paid Search
CUST04728,Customer 04728,South Korea,Asia,SMB,2025-09-26,Organic
CUST04729,Customer 04729,Canada,North America,SMB,2024-03-21,Organic
CUST04730,Customer 04730,Thailand,Asia,Mid-Market,2024-11-25,Organic
CUST04731,Customer 04731,Japan,Asia,Mid-Market,2024-05-12,Organic
CUST04732,Customer 04732,New Zealand,Oceania,SMB,2025-02-28,Paid Search
CUST04733,Customer 04733,Japan,Asia,SMB,2024-01-13,Paid Search
CUST04734,Customer 04734,Spain,Europe,Enterprise,2025-09-11,Paid Search
CUST04735,Customer 04735,New Zealand,Oceania,Mid-Market,2024-12-14,Partner
CUST04736,Customer 04736,United States,North America,Mid-Market,2025-09-28,Paid Search
CUST04737,Customer 04737,United States,North America,Mid-Market,2024-11-12,Referral
CUST04738,Customer 04738,United Kingdom,Europe,Enterprise,2025-02-11,Referral
CUST04739,Customer 04739,United Kingdom,Europe,SMB,2025-06-23,Paid Search
CUST04740,Customer 04740,United States,North America,SMB,2025-12-11,Paid Search
CUST04741,Customer 04741,France,Europe,SMB,2024-09-30,Social
CUST04742,Customer 04742,Spain,Europe,Mid-Market,2025-01-15,Paid Search
CUST04743,Customer 04743,Mexico,North America,SMB,2024-08-25,Referral
CUST04744,Customer 04744,India,Asia,SMB,2024-01-31,Referral
CUST04745,Customer 04745,Italy,Europe,SMB,2025-09-30,Partner
CUST04746,Customer 04746,Germany,Europe,Mid-Market,2025-02-15,Paid Search
CUST04747,Customer 04747,Singapore,Asia,Mid-Market,2024-09-29,Paid Search
CUST04748,Customer 04748,United States,North America,SMB,2025-07-21,Paid Search
CUST04749,Customer 04749,Argentina,South America,SMB,2025-08-21,Partner
CUST04750,Customer 04750,Germany,Europe,Mid-Market,2025-12-20,Paid Search
CUST04751,Customer 04751,France,Europe,SMB,2024-11-15,Social
CUST04752,Customer 04752,United States,North America,Mid-Market,2024-03-18,Partner
CUST04753,Customer 04753,India,Asia,SMB,2024-12-20,Organic
CUST04754,Customer 04754,India,Asia,Enterprise,2024-11-18,Paid Search
CUST04755,Customer 04755,New Zealand,Oceania,SMB,2024-05-31,Social
CUST04756,Customer 04756,Mexico,North America,Mid-Market,2025-03-04,Organic
CUST04757,Customer 04757,Japan,Asia,SMB,2024-10-29,Paid Search
CUST04758,Customer 04758,New Zealand,Oceania,SMB,2025-10-06,Organic
CUST04759,Customer 04759,United Kingdom,Europe,Mid-Market,2024-02-04,Organic
CUST04760,Customer 04760,Australia,Oceania,Mid-Market,2025-06-07,Paid Search
CUST04761,Customer 04761,United States,North America,Mid-Market,2025-03-16,Partner
CUST04762,Customer 04762,Mexico,North America,Mid-Market,2024-06-18,Referral
CUST04763,Customer 04763,Australia,Oceania,Mid-Market,2024-09-14,Organic
CUST04764,Customer 04764,Canada,North America,Enterprise,2025-09-20,Paid Search
CUST04765,Customer 04765,India,Asia,SMB,2024-09-23,Paid Search
CUST04766,Customer 04766,South Korea,Asia,Enterprise,2025-04-30,Referral
CUST04767,Customer 04767,Mexico,North America,SMB,2025-01-09,Paid Search
CUST04768,Customer 04768,United States,North America,SMB,2025-10-16,Social
CUST04769,Customer 04769,France,Europe,Mid-Market,2025-04-27,Partner
CUST04770,Customer 04770,Canada,North America,SMB,2025-09-01,Referral
CUST04771,Customer 04771,Canada,North America,SMB,2025-10-22,Paid Search
CUST04772,Customer 04772,Japan,Asia,SMB,2024-04-04,Referral
CUST04773,Customer 04773,France,Europe,SMB,2025-09-01,Paid Search
CUST04774,Customer 04774,India,Asia,Mid-Market,2025-12-03,Partner
CUST04775,Customer 04775,France,Europe,SMB,2024-01-27,Social
CUST04776,Customer 04776,United Kingdom,Europe,SMB,2024-11-28,Social
CUST04777,Customer 04777,South Korea,Asia,SMB,2024-07-05,Referral
CUST04778,Customer 04778,Italy,Europe,SMB,2025-12-19,Referral
CUST04779,Customer 04779,Singapore,Asia,SMB,2024-09-14,Paid Search
CUST04780,Customer 04780,Mexico,North America,SMB,2024-05-16,Organic
CUST04781,Customer 04781,Singapore,Asia,Mid-Market,2024-03-10,Referral
CUST04782,Customer 04782,Australia,Oceania,Mid-Market,2025-08-02,Social
CUST04783,Customer 04783,Australia,Oceania,SMB,2024-02-12,Partner
CUST04784,Customer 04784,Canada,North America,SMB,2024-08-10,Partner
CUST04785,Customer 04785,Australia,Oceania,SMB,2025-02-09,Paid Search
CUST04786,Customer 04786,Chile,South America,SMB,2024-02-02,Referral
CUST04787,Customer 04787,India,Asia,SMB,2024-05-07,Referral
CUST04788,Customer 04788,United States,North America,Enterprise,2025-12-27,Paid Search
CUST04789,Customer 04789,United Kingdom,Europe,Mid-Market,2024-11-30,Organic
CUST04790,Customer 04790,United States,North America,SMB,2024-08-09,Referral
CUST04791,Customer 04791,India,Asia,SMB,2025-09-27,Organic
CUST04792,Customer 04792,France,Europe,Mid-Market,2024-02-28,Referral
CUST04793,Customer 04793,India,Asia,Enterprise,2024-07-12,Social
CUST04794,Customer 04794,Australia,Oceania,SMB,2025-09-21,Referral
CUST04795,Customer 04795,Singapore,Asia,Mid-Market,2025-07-04,Organic
CUST04796,Customer 04796,France,Europe,SMB,2024-11-11,Paid Search
CUST04797,Customer 04797,Spain,Europe,Mid-Market,2025-12-17,Referral
CUST04798,Customer 04798,India,Asia,SMB,2025-02-25,Referral
CUST04799,Customer 04799,Chile,South America,Mid-Market,2025-06-28,Organic
CUST04800,Customer 04800,Canada,North America,SMB,2025-12-20,Paid Search
CUST04801,Customer 04801,South Korea,Asia,SMB,2025-01-03,Partner
CUST04802,Customer 04802,Italy,Europe,Mid-Market,2024-12-17,Organic
CUST04803,Customer 04803,Germany,Europe,Mid-Market,2025-04-30,Referral
CUST04804,Customer 04804,South Korea,Asia,Mid-Market,2024-02-19,Partner
CUST04805,Customer 04805,Brazil,South America,SMB,2024-11-09,Partner
CUST04806,Customer 04806,Canada,North America,Mid-Market,2025-05-20,Social
CUST04807,Customer 04807,Japan,Asia,SMB,2024-10-04,Partner
CUST04808,Customer 04808,Canada,North America,Mid-Market,2025-06-03,Paid Search
CUST04809,Customer 04809,South Korea,Asia,SMB,2024-10-21,Paid Search
CUST04810,Customer 04810,Mexico,North America,SMB,2024-05-21,Organic
CUST04811,Customer 04811,Mexico,North America,SMB,2024-04-16,Organic
CUST04812,Customer 04812,Mexico,North America,Enterprise,2025-02-02,Referral
CUST04813,Customer 04813,Canada,North America,Mid-Market,2024-05-21,Organic
CUST04814,Customer 04814,New Zealand,Oceania,SMB,2024-09-26,Paid Search
CUST04815,Customer 04815,Thailand,Asia,Mid-Market,2025-01-15,Partner
CUST04816,Customer 04816,France,Europe,SMB,2024-02-06,Organic
CUST04817,Customer 04817,Spain,Europe,SMB,2024-11-03,Organic
CUST04818,Customer 04818,Canada,North America,SMB,2024-08-15,Referral
CUST04819,Customer 04819,Canada,North America,Mid-Market,2024-08-17,Organic
CUST04820,Customer 04820,Canada,North America,Enterprise,2025-10-26,Paid Search
CUST04821,Customer 04821,Mexico,North America,Enterprise,2025-11-07,Organic
CUST04822,Customer 04822,South Korea,Asia,SMB,2024-08-07,Partner
CUST04823,Customer 04823,United States,North America,SMB,2025-10-05,Referral
CUST04824,Customer 04824,Mexico,North America,Mid-Market,2024-06-12,Referral
CUST04825,Customer 04825,South Korea,Asia,SMB,2024-09-10,Organic
CUST04826,Customer 04826,Thailand,Asia,Mid-Market,2025-11-18,Referral
CUST04827,Customer 04827,Spain,Europe,Enterprise,2024-03-15,Paid Search
CUST04828,Customer 04828,Thailand,Asia,SMB,2024-10-06,Referral
CUST04829,Customer 04829,United States,North America,SMB,2025-08-11,Organic
CUST04830,Customer 04830,New Zealand,Oceania,Enterprise,2025-11-18,Organic
CUST04831,Customer 04831,Mexico,North America,Mid-Market,2025-11-24,Organic
CUST04832,Customer 04832,Thailand,Asia,Enterprise,2025-10-05,Organic
CUST04833,Customer 04833,Canada,North America,Mid-Market,2025-12-06,Organic
CUST04834,Customer 04834,Mexico,North America,SMB,2024-12-09,Organic
CUST04835,Customer 04835,Thailand,Asia,Mid-Market,2024-08-24,Partner
CUST04836,Customer 04836,Brazil,South America,Mid-Market,2024-10-08,Referral
CUST04837,Customer 04837,Spain,Europe,Enterprise,2024-03-29,Referral
CUST04838,Customer 04838,Italy,Europe,SMB,2024-04-10,Organic
CUST04839,Customer 04839,United Kingdom,Europe,SMB,2025-12-12,Organic
CUST04840,Customer 04840,Germany,Europe,SMB,2024-05-19,Social
CUST04841,Customer 04841,Chile,South America,SMB,2025-03-26,Organic
CUST04842,Customer 04842,Japan,Asia,Enterprise,2024-06-18,Partner
CUST04843,Customer 04843,Singapore,Asia,Enterprise,2025-04-30,Referral
CUST04844,Customer 04844,Japan,Asia,SMB,2024-12-09,Paid Search
CUST04845,Customer 04845,Thailand,Asia,Enterprise,2024-03-17,Referral
CUST04846,Customer 04846,Singapore,Asia,SMB,2024-09-29,Partner
CUST04847,Customer 04847,Germany,Europe,Mid-Market,2025-06-18,Partner
CUST04848,Customer 04848,United States,North America,Mid-Market,2025-08-08,Paid Search
CUST04849,Customer 04849,Spain,Europe,Mid-Market,2024-07-30,Organic
CUST04850,Customer 04850,United States,North America,Mid-Market,2024-08-04,Referral
CUST04851,Customer 04851,Italy,Europe,Mid-Market,2025-06-17,Organic
CUST04852,Customer 04852,United States,North America,Enterprise,2024-11-06,Paid Search
CUST04853,Customer 04853,Chile,South America,SMB,2024-02-21,Referral
CUST04854,Customer 04854,Italy,Europe,Mid-Market,2024-03-30,Organic
CUST04855,Customer 04855,France,Europe,SMB,2024-09-30,Partner
CUST04856,Customer 04856,New Zealand,Oceania,SMB,2024-07-17,Social
CUST04857,Customer 04857,Japan,Asia,Mid-Market,2024-03-27,Organic
CUST04858,Customer 04858,Mexico,North America,Mid-Market,2025-07-26,Organic
CUST04859,Customer 04859,United Kingdom,Europe,Enterprise,2024-12-01,Paid Search
CUST04860,Customer 04860,Singapore,Asia,SMB,2025-05-31,Organic
CUST04861,Customer 04861,United States,North America,SMB,2024-01-02,Organic
CUST04862,Customer 04862,Brazil,South America,SMB,2024-10-21,Social
CUST04863,Customer 04863,India,Asia,Enterprise,2024-12-15,Organic
CUST04864,Customer 04864,Mexico,North America,Enterprise,2025-02-26,Organic
CUST04865,Customer 04865,United States,North America,Enterprise,2025-12-08,Paid Search
CUST04866,Customer 04866,Germany,Europe,SMB,2024-12-01,Organic
CUST04867,Customer 04867,India,Asia,Enterprise,2024-12-23,Partner
CUST04868,Customer 04868,Spain,Europe,SMB,2025-10-16,Partner
CUST04869,Customer 04869,Thailand,Asia,Enterprise,2024-10-18,Paid Search
CUST04870,Customer 04870,Mexico,North America,Mid-Market,2024-10-15,Organic
CUST04871,Customer 04871,India,Asia,SMB,2024-04-26,Partner
CUST04872,Customer 04872,United Kingdom,Europe,Mid-Market,2025-06-11,Referral
CUST04873,Customer 04873,Mexico,North America,Mid-Market,2024-01-15,Paid Search
CUST04874,Customer 04874,United States,North America,SMB,2024-06-08,Paid Search
CUST04875,Customer 04875,Mexico,North America,SMB,2024-11-01,Paid Search
CUST04876,Customer 04876,United States,North America,Mid-Market,2024-11-13,Organic
CUST04877,Customer 04877,Spain,Europe,Enterprise,2024-01-29,Paid Search
CUST04878,Customer 04878,Canada,North America,Mid-Market,2025-01-21,Referral
CUST04879,Customer 04879,Thailand,Asia,SMB,2025-12-11,Paid Search
CUST04880,Customer 04880,Singapore,Asia,Mid-Market,2024-03-17,Referral
CUST04881,Customer 04881,Italy,Europe,SMB,2024-12-26,Referral
CUST04882,Customer 04882,Mexico,North America,SMB,2025-03-05,Partner
CUST04883,Customer 04883,United States,North America,SMB,2024-08-24,Referral
CUST04884,Customer 04884,South Korea,Asia,SMB,2025-02-24,Organic
CUST04885,Customer 04885,Argentina,South America,SMB,2024-09-06,Referral
CUST04886,Customer 04886,Argentina,South America,SMB,2024-04-26,Partner
CUST04887,Customer 04887,Italy,Europe,SMB,2025-09-06,Organic
CUST04888,Customer 04888,United States,North America,Mid-Market,2025-12-31,Partner
CUST04889,Customer 04889,India,Asia,SMB,2024-10-09,Social
CUST04890,Customer 04890,Australia,Oceania,SMB,2024-03-08,Referral
CUST04891,Customer 04891,Spain,Europe,SMB,2024-04-29,Organic
CUST04892,Customer 04892,India,Asia,Mid-Market,2025-10-16,Referral
CUST04893,Customer 04893,Japan,Asia,Mid-Market,2025-10-05,Paid Search
CUST04894,Customer 04894,South Korea,Asia,SMB,2024-12-25,Paid Search
CUST04895,Customer 04895,Canada,North America,Mid-Market,2025-09-28,Organic
CUST04896,Customer 04896,South Korea,Asia,Mid-Market,2024-06-11,Referral
CUST04897,Customer 04897,United Kingdom,Europe,Mid-Market,2024-10-19,Referral
CUST04898,Customer 04898,Mexico,North America,SMB,2024-03-23,Paid Search
CUST04899,Customer 04899,Chile,South America,SMB,2025-02-02,Paid Search
CUST04900,Customer 04900,Canada,North America,SMB,2025-05-26,Paid Search
CUST04901,Customer 04901,Singapore,Asia,SMB,2025-12-03,Paid Search
CUST04902,Customer 04902,Japan,Asia,SMB,2025-07-05,Paid Search
CUST04903,Customer 04903,United Kingdom,Europe,Enterprise,2025-05-01,Organic
CUST04904,Customer 04904,Chile,South America,SMB,2025-05-07,Paid Search
CUST04905,Customer 04905,Canada,North America,SMB,2025-04-04,Organic
CUST04906,Customer 04906,Mexico,North America,Enterprise,2024-11-02,Partner
CUST04907,Customer 04907,Argentina,South America,Mid-Market,2024-12-31,Paid Search
CUST04908,Customer 04908,Italy,Europe,SMB,2024-05-06,Partner
CUST04909,Customer 04909,Mexico,North America,Enterprise,2024-01-15,Paid Search
CUST04910,Customer 04910,United Kingdom,Europe,SMB,2025-07-31,Organic
CUST04911,Customer 04911,Spain,Europe,SMB,2024-12-28,Organic
CUST04912,Customer 04912,Thailand,Asia,SMB,2025-09-28,Organic
CUST04913,Customer 04913,India,Asia,SMB,2024-03-30,Paid Search
CUST04914,Customer 04914,Australia,Oceania,Mid-Market,2024-10-13,Partner
CUST04915,Customer 04915,Thailand,Asia,SMB,2024-07-07,Organic
CUST04916,Customer 04916,Argentina,South America,Mid-Market,2025-09-06,Paid Search
CUST04917,Customer 04917,United States,North America,SMB,2024-10-02,Organic
CUST04918,Customer 04918,Mexico,North America,Enterprise,2025-04-09,Paid Search
CUST04919,Customer 04919,New Zealand,Oceania,SMB,2024-03-02,Referral
CUST04920,Customer 04920,India,Asia,Enterprise,2025-01-20,Organic
CUST04921,Customer 04921,India,Asia,SMB,2024-11-18,Organic
CUST04922,Customer 04922,Spain,Europe,Enterprise,2025-03-22,Referral
CUST04923,Customer 04923,South Korea,Asia,Mid-Market,2025-03-03,Paid Search
CUST04924,Customer 04924,Argentina,South America,Mid-Market,2024-03-19,Paid Search
CUST04925,Customer 04925,Thailand,Asia,SMB,2024-02-06,Referral
CUST04926,Customer 04926,India,Asia,Mid-Market,2024-04-01,Organic
CUST04927,Customer 04927,Spain,Europe,Mid-Market,2024-06-08,Partner
CUST04928,Customer 04928,India,Asia,Mid-Market,2025-06-15,Partner
CUST04929,Customer 04929,Canada,North America,Mid-Market,2024-07-15,Paid Search
CUST04930,Customer 04930,Thailand,Asia,Enterprise,2025-12-10,Paid Search
CUST04931,Customer 04931,Canada,North America,Enterprise,2024-03-04,Paid Search
CUST04932,Customer 04932,Mexico,North America,SMB,2025-01-06,Partner
CUST04933,Customer 04933,Canada,North America,SMB,2025-06-07,Organic
CUST04934,Customer 04934,Japan,Asia,SMB,2024-02-09,Referral
CUST04935,Customer 04935,United States,North America,Mid-Market,2025-01-10,Paid Search
CUST04936,Customer 04936,Germany,Europe,Enterprise,2024-02-19,Partner
CUST04937,Customer 04937,Japan,Asia,SMB,2025-07-31,Social
CUST04938,Customer 04938,United States,North America,SMB,2024-12-07,Organic
CUST04939,Customer 04939,Mexico,North America,SMB,2025-09-24,Paid Search
CUST04940,Customer 04940,France,Europe,SMB,2025-04-25,Paid Search
CUST04941,Customer 04941,Brazil,South America,Enterprise,2024-08-19,Referral
CUST04942,Customer 04942,Italy,Europe,Mid-Market,2024-04-23,Organic
CUST04943,Customer 04943,Canada,North America,SMB,2024-04-25,Referral
CUST04944,Customer 04944,Australia,Oceania,SMB,2024-01-25,Referral
CUST04945,Customer 04945,Mexico,North America,SMB,2024-08-07,Social
CUST04946,Customer 04946,Brazil,South America,Mid-Market,2025-06-17,Referral
CUST04947,Customer 04947,Mexico,North America,Mid-Market,2024-09-16,Referral
CUST04948,Customer 04948,United States,North America,SMB,2024-04-16,Organic
CUST04949,Customer 04949,Canada,North America,SMB,2024-02-28,Organic
CUST04950,Customer 04950,Canada,North America,Enterprise,2024-11-16,Referral
CUST04951,Customer 04951,France,Europe,Mid-Market,2024-06-02,Referral
CUST04952,Customer 04952,Mexico,North America,Mid-Market,2025-06-20,Partner
CUST04953,Customer 04953,France,Europe,SMB,2024-09-03,Paid Search
CUST04954,Customer 04954,New Zealand,Oceania,Enterprise,2024-04-01,Organic
CUST04955,Customer 04955,France,Europe,Mid-Market,2024-07-18,Organic
CUST04956,Customer 04956,United Kingdom,Europe,Enterprise,2024-11-19,Paid Search
CUST04957,Customer 04957,Chile,South America,SMB,2024-01-28,Paid Search
CUST04958,Customer 04958,Spain,Europe,SMB,2024-03-22,Organic
CUST04959,Customer 04959,Japan,Asia,SMB,2025-12-03,Organic
CUST04960,Customer 04960,Canada,North America,Enterprise,2024-09-11,Paid Search
CUST04961,Customer 04961,United Kingdom,Europe,Mid-Market,2025-06-30,Paid Search
CUST04962,Customer 04962,Spain,Europe,SMB,2025-10-28,Social
CUST04963,Customer 04963,Thailand,Asia,Enterprise,2024-03-23,Partner
CUST04964,Customer 04964,Italy,Europe,Enterprise,2025-05-16,Organic
CUST04965,Customer 04965,Spain,Europe,SMB,2025-08-31,Partner
CUST04966,Customer 04966,Germany,Europe,Mid-Market,2024-01-17,Paid Search
CUST04967,Customer 04967,South Korea,Asia,Mid-Market,2024-08-15,Social
CUST04968,Customer 04968,Thailand,Asia,SMB,2024-04-08,Referral
CUST04969,Customer 04969,Italy,Europe,Mid-Market,2024-01-24,Organic
CUST04970,Customer 04970,Canada,North America,SMB,2024-08-02,Organic
CUST04971,Customer 04971,Mexico,North America,Enterprise,2024-05-13,Social
CUST04972,Customer 04972,Italy,Europe,Mid-Market,2025-10-16,Social
CUST04973,Customer 04973,Thailand,Asia,Enterprise,2024-06-22,Paid Search
CUST04974,Customer 04974,Brazil,South America,Mid-Market,2025-06-30,Referral
CUST04975,Customer 04975,Canada,North America,SMB,2024-02-07,Paid Search
CUST04976,Customer 04976,Singapore,Asia,SMB,2025-03-27,Partner
CUST04977,Customer 04977,Thailand,Asia,Mid-Market,2025-05-23,Paid Search
CUST04978,Customer 04978,Spain,Europe,SMB,2024-04-21,Organic
CUST04979,Customer 04979,Chile,South America,Mid-Market,2024-11-11,Paid Search
CUST04980,Customer 04980,Australia,Oceania,SMB,2025-11-10,Referral
CUST04981,Customer 04981,Australia,Oceania,SMB,2025-03-24,Paid Search
CUST04982,Customer 04982,Germany,Europe,SMB,2025-08-13,Partner
CUST04983,Customer 04983,Thailand,Asia,Mid-Market,2024-11-06,Social
CUST04984,Customer 04984,France,Europe,SMB,2024-06-24,Organic
CUST04985,Customer 04985,South Korea,Asia,Mid-Market,2024-12-09,Partner
CUST04986,Customer 04986,Singapore,Asia,SMB,2024-10-22,Referral
CUST04987,Customer 04987,Mexico,North America,Mid-Market,2025-12-19,Referral
CUST04988,Customer 04988,Spain,Europe,Mid-Market,2024-11-09,Organic
CUST04989,Customer 04989,New Zealand,Oceania,Mid-Market,2025-04-03,Paid Search
CUST04990,Customer 04990,Italy,Europe,SMB,2025-03-05,Social
CUST04991,Customer 04991,Germany,Europe,SMB,2024-09-28,Referral
CUST04992,Customer 04992,Chile,South America,SMB,2024-09-30,Referral
CUST04993,Customer 04993,United States,North America,Mid-Market,2025-09-09,Organic
CUST04994,Customer 04994,Singapore,Asia,SMB,2024-06-02,Paid Search
CUST04995,Customer 04995,Canada,North America,Enterprise,2024-10-31,Paid Search
CUST04996,Customer 04996,France,Europe,Mid-Market,2025-05-02,Referral
CUST04997,Customer 04997,Spain,Europe,SMB,2024-02-11,Partner
CUST04998,Customer 04998,Japan,Asia,Mid-Market,2025-05-10,Paid Search
CUST04999,Customer 04999,Singapore,Asia,Mid-Market,2025-08-31,Organic
CUST05000,Customer 05000,United States,North America,SMB,2024-11-19,Organic
CUST05001,Customer 05001,Spain,Europe,Mid-Market,2025-03-02,Organic
CUST05002,Customer 05002,Mexico,North America,Enterprise,2024-12-21,Organic
CUST05003,Customer 05003,Canada,North America,SMB,2025-05-01,Paid Search
CUST05004,Customer 05004,Germany,Europe,SMB,2024-02-07,Partner
CUST05005,Customer 05005,Germany,Europe,Mid-Market,2025-03-27,Paid Search
CUST05006,Customer 05006,Japan,Asia,SMB,2024-11-29,Partner
CUST05007,Customer 05007,Canada,North America,Mid-Market,2024-01-27,Social
CUST05008,Customer 05008,Mexico,North America,Mid-Market,2025-08-08,Organic
CUST05009,Customer 05009,United States,North America,Mid-Market,2024-04-20,Referral
CUST05010,Customer 05010,Singapore,Asia,SMB,2025-03-08,Organic
CUST05011,Customer 05011,France,Europe,SMB,2025-09-13,Organic
CUST05012,Customer 05012,United States,North America,Enterprise,2025-11-04,Organic
CUST05013,Customer 05013,Italy,Europe,SMB,2025-04-04,Organic
CUST05014,Customer 05014,Mexico,North America,SMB,2025-06-07,Referral
CUST05015,Customer 05015,Spain,Europe,SMB,2025-03-03,Referral
CUST05016,Customer 05016,Singapore,Asia,SMB,2025-07-22,Referral
CUST05017,Customer 05017,United States,North America,SMB,2025-12-14,Referral
CUST05018,Customer 05018,Thailand,Asia,SMB,2024-12-01,Partner
CUST05019,Customer 05019,United States,North America,Mid-Market,2024-10-28,Partner
CUST05020,Customer 05020,South Korea,Asia,Mid-Market,2024-05-06,Partner
CUST05021,Customer 05021,New Zealand,Oceania,Enterprise,2025-12-16,Referral
CUST05022,Customer 05022,Brazil,South America,Enterprise,2025-10-28,Paid Search
CUST05023,Customer 05023,Chile,South America,SMB,2025-05-31,Paid Search
CUST05024,Customer 05024,United States,North America,SMB,2025-04-26,Paid Search
CUST05025,Customer 05025,Canada,North America,Enterprise,2024-05-29,Organic
CUST05026,Customer 05026,United States,North America,SMB,2025-10-26,Partner
CUST05027,Customer 05027,India,Asia,SMB,2024-02-12,Social
CUST05028,Customer 05028,South Korea,Asia,SMB,2025-03-27,Social
CUST05029,Customer 05029,Canada,North America,Mid-Market,2024-07-04,Organic
CUST05030,Customer 05030,United Kingdom,Europe,SMB,2024-11-28,Organic
CUST05031,Customer 05031,United Kingdom,Europe,SMB,2024-03-10,Organic
CUST05032,Customer 05032,Chile,South America,SMB,2024-04-08,Partner
CUST05033,Customer 05033,Spain,Europe,Mid-Market,2024-10-02,Referral
CUST05034,Customer 05034,Canada,North America,SMB,2024-10-17,Partner
CUST05035,Customer 05035,United States,North America,Mid-Market,2025-10-06,Social
CUST05036,Customer 05036,France,Europe,SMB,2025-03-12,Organic
CUST05037,Customer 05037,Argentina,South America,SMB,2024-01-23,Paid Search
CUST05038,Customer 05038,Germany,Europe,SMB,2025-11-11,Partner
CUST05039,Customer 05039,Brazil,South America,SMB,2025-03-22,Organic
CUST05040,Customer 05040,United States,North America,SMB,2025-08-29,Paid Search
CUST05041,Customer 05041,Spain,Europe,Enterprise,2025-11-06,Paid Search
CUST05042,Customer 05042,United Kingdom,Europe,SMB,2025-01-10,Referral
CUST05043,Customer 05043,Thailand,Asia,Enterprise,2024-05-11,Social
CUST05044,Customer 05044,Singapore,Asia,SMB,2024-11-23,Organic
CUST05045,Customer 05045,United Kingdom,Europe,SMB,2025-05-16,Paid Search
CUST05046,Customer 05046,New Zealand,Oceania,Mid-Market,2024-01-25,Social
CUST05047,Customer 05047,Italy,Europe,Mid-Market,2025-11-22,Paid Search
CUST05048,Customer 05048,Brazil,South America,SMB,2024-09-13,Referral
CUST05049,Customer 05049,France,Europe,SMB,2025-04-27,Social
CUST05050,Customer 05050,New Zealand,Oceania,Mid-Market,2025-12-18,Organic
CUST05051,Customer 05051,Germany,Europe,SMB,2025-09-24,Organic
CUST05052,Customer 05052,India,Asia,Mid-Market,2025-06-25,Organic
CUST05053,Customer 05053,United States,North America,Mid-Market,2024-08-06,Organic
CUST05054,Customer 05054,Italy,Europe,SMB,2025-01-18,Paid Search
CUST05055,Customer 05055,Argentina,South America,Mid-Market,2025-01-01,Organic
CUST05056,Customer 05056,India,Asia,SMB,2025-09-22,Paid Search
CUST05057,Customer 05057,Mexico,North America,Enterprise,2024-01-30,Partner
CUST05058,Customer 05058,Canada,North America,Enterprise,2024-01-17,Organic
CUST05059,Customer 05059,Mexico,North America,Mid-Market,2024-03-27,Paid Search
CUST05060,Customer 05060,Germany,Europe,Enterprise,2025-12-01,Organic
CUST05061,Customer 05061,Spain,Europe,Mid-Market,2025-01-30,Referral
CUST05062,Customer 05062,Germany,Europe,SMB,2025-05-26,Paid Search
CUST05063,Customer 05063,Singapore,Asia,SMB,2024-03-10,Organic
CUST05064,Customer 05064,United Kingdom,Europe,SMB,2024-01-10,Social
CUST05065,Customer 05065,Australia,Oceania,SMB,2025-04-20,Partner
CUST05066,Customer 05066,Canada,North America,Mid-Market,2025-05-30,Referral
CUST05067,Customer 05067,United States,North America,SMB,2024-11-08,Referral
CUST05068,Customer 05068,Singapore,Asia,Mid-Market,2024-03-01,Paid Search
CUST05069,Customer 05069,South Korea,Asia,SMB,2024-12-23,Organic
CUST05070,Customer 05070,United States,North America,SMB,2025-04-12,Paid Search
CUST05071,Customer 05071,Singapore,Asia,SMB,2024-06-05,Partner
CUST05072,Customer 05072,Thailand,Asia,Enterprise,2024-08-07,Social
CUST05073,Customer 05073,Japan,Asia,SMB,2025-06-29,Referral
CUST05074,Customer 05074,United States,North America,SMB,2024-06-04,Paid Search
CUST05075,Customer 05075,Australia,Oceania,SMB,2024-03-13,Referral
CUST05076,Customer 05076,United Kingdom,Europe,Enterprise,2025-04-04,Referral
CUST05077,Customer 05077,Japan,Asia,SMB,2024-01-17,Organic
CUST05078,Customer 05078,Spain,Europe,Mid-Market,2024-11-13,Paid Search
CUST05079,Customer 05079,Japan,Asia,SMB,2025-02-20,Organic
CUST05080,Customer 05080,Canada,North America,SMB,2024-02-17,Paid Search
CUST05081,Customer 05081,Germany,Europe,Mid-Market,2025-04-22,Partner
CUST05082,Customer 05082,United States,North America,Mid-Market,2025-08-24,Paid Search
CUST05083,Customer 05083,India,Asia,Mid-Market,2025-12-12,Referral
CUST05084,Customer 05084,United Kingdom,Europe,SMB,2024-07-13,Paid Search
CUST05085,Customer 05085,Australia,Oceania,Enterprise,2024-08-27,Organic
CUST05086,Customer 05086,India,Asia,Mid-Market,2025-03-27,Referral
CUST05087,Customer 05087,Canada,North America,Enterprise,2025-03-14,Referral
CUST05088,Customer 05088,Singapore,Asia,SMB,2025-03-21,Partner
CUST05089,Customer 05089,Australia,Oceania,SMB,2024-08-18,Referral
CUST05090,Customer 05090,Singapore,Asia,SMB,2024-02-11,Partner
CUST05091,Customer 05091,Singapore,Asia,Mid-Market,2024-01-19,Organic
CUST05092,Customer 05092,Mexico,North America,Mid-Market,2025-12-30,Referral
CUST05093,Customer 05093,Singapore,Asia,SMB,2024-10-24,Paid Search
CUST05094,Customer 05094,Thailand,Asia,SMB,2024-11-23,Referral
CUST05095,Customer 05095,Australia,Oceania,SMB,2025-04-02,Referral
CUST05096,Customer 05096,United States,North America,SMB,2024-05-30,Organic
CUST05097,Customer 05097,Canada,North America,Mid-Market,2024-10-06,Paid Search
CUST05098,Customer 05098,United States,North America,SMB,2024-11-15,Referral
CUST05099,Customer 05099,Chile,South America,SMB,2024-03-10,Organic
CUST05100,Customer 05100,Argentina,South America,SMB,2025-03-16,Referral
CUST05101,Customer 05101,Canada,North America,SMB,2024-05-21,Partner
CUST05102,Customer 05102,Singapore,Asia,Enterprise,2024-01-03,Organic
CUST05103,Customer 05103,Germany,Europe,SMB,2025-03-29,Referral
CUST05104,Customer 05104,Canada,North America,Enterprise,2024-08-07,Partner
CUST05105,Customer 05105,Chile,South America,Mid-Market,2025-06-08,Organic
CUST05106,Customer 05106,South Korea,Asia,Mid-Market,2025-01-27,Organic
CUST05107,Customer 05107,United Kingdom,Europe,SMB,2024-01-22,Referral
CUST05108,Customer 05108,Singapore,Asia,Mid-Market,2025-05-22,Referral
CUST05109,Customer 05109,Canada,North America,Mid-Market,2024-01-30,Partner
CUST05110,Customer 05110,Chile,South America,SMB,2024-08-17,Referral
CUST05111,Customer 05111,Spain,Europe,Enterprise,2025-05-16,Referral
CUST05112,Customer 05112,Canada,North America,SMB,2024-10-22,Paid Search
CUST05113,Customer 05113,Mexico,North America,SMB,2024-10-08,Organic
CUST05114,Customer 05114,Australia,Oceania,SMB,2024-06-10,Referral
CUST05115,Customer 05115,France,Europe,Mid-Market,2024-11-20,Organic
CUST05116,Customer 05116,Australia,Oceania,SMB,2024-08-02,Social
CUST05117,Customer 05117,Mexico,North America,SMB,2025-11-22,Organic
CUST05118,Customer 05118,Canada,North America,SMB,2025-05-17,Organic
CUST05119,Customer 05119,United Kingdom,Europe,SMB,2025-10-26,Partner
CUST05120,Customer 05120,United States,North America,SMB,2024-09-03,Organic
CUST05121,Customer 05121,Canada,North America,Enterprise,2025-11-25,Paid Search
CUST05122,Customer 05122,Japan,Asia,SMB,2024-07-23,Social
CUST05123,Customer 05123,Singapore,Asia,Enterprise,2024-08-13,Partner
CUST05124,Customer 05124,Canada,North America,Mid-Market,2024-08-06,Organic
CUST05125,Customer 05125,Mexico,North America,Mid-Market,2025-03-06,Organic
CUST05126,Customer 05126,Italy,Europe,Enterprise,2025-03-23,Referral
CUST05127,Customer 05127,India,Asia,SMB,2024-02-17,Paid Search
CUST05128,Customer 05128,Spain,Europe,Mid-Market,2025-02-13,Organic
CUST05129,Customer 05129,New Zealand,Oceania,SMB,2025-11-27,Organic
CUST05130,Customer 05130,Australia,Oceania,SMB,2024-10-24,Partner
CUST05131,Customer 05131,Singapore,Asia,SMB,2025-05-26,Paid Search
CUST05132,Customer 05132,Germany,Europe,Mid-Market,2025-04-07,Partner
CUST05133,Customer 05133,Germany,Europe,Mid-Market,2025-12-17,Organic
CUST05134,Customer 05134,Singapore,Asia,SMB,2025-04-14,Referral
CUST05135,Customer 05135,Chile,South America,Mid-Market,2024-12-10,Paid Search
CUST05136,Customer 05136,Canada,North America,SMB,2024-01-10,Paid Search
CUST05137,Customer 05137,France,Europe,SMB,2025-08-10,Referral
CUST05138,Customer 05138,Spain,Europe,SMB,2024-09-04,Organic
CUST05139,Customer 05139,Spain,Europe,Mid-Market,2025-11-07,Partner
CUST05140,Customer 05140,Argentina,South America,SMB,2024-06-27,Referral
CUST05141,Customer 05141,United States,North America,SMB,2024-11-15,Organic
CUST05142,Customer 05142,Mexico,North America,SMB,2025-08-29,Referral
CUST05143,Customer 05143,South Korea,Asia,Mid-Market,2024-04-20,Social
CUST05144,Customer 05144,New Zealand,Oceania,Mid-Market,2024-07-20,Paid Search
CUST05145,Customer 05145,Thailand,Asia,SMB,2025-08-01,Paid Search
CUST05146,Customer 05146,Argentina,South America,Mid-Market,2024-08-19,Partner
CUST05147,Customer 05147,Brazil,South America,Mid-Market,2025-12-01,Organic
CUST05148,Customer 05148,Japan,Asia,SMB,2025-01-28,Referral
CUST05149,Customer 05149,Chile,South America,SMB,2025-08-26,Organic
CUST05150,Customer 05150,South Korea,Asia,Enterprise,2025-02-04,Referral
CUST05151,Customer 05151,Canada,North America,SMB,2024-02-03,Paid Search
CUST05152,Customer 05152,United Kingdom,Europe,SMB,2025-08-15,Organic
CUST05153,Customer 05153,South Korea,Asia,Enterprise,2024-11-02,Partner
CUST05154,Customer 05154,United Kingdom,Europe,Mid-Market,2024-10-10,Paid Search
CUST05155,Customer 05155,Germany,Europe,Mid-Market,2025-06-22,Paid Search
CUST05156,Customer 05156,Spain,Europe,Mid-Market,2024-07-24,Referral
CUST05157,Customer 05157,Japan,Asia,SMB,2024-11-08,Paid Search
CUST05158,Customer 05158,United States,North America,Mid-Market,2025-03-20,Organic
CUST05159,Customer 05159,India,Asia,SMB,2025-03-09,Referral
CUST05160,Customer 05160,Singapore,Asia,Enterprise,2025-06-16,Social
CUST05161,Customer 05161,New Zealand,Oceania,SMB,2024-03-01,Organic
CUST05162,Customer 05162,Australia,Oceania,SMB,2025-12-26,Partner
CUST05163,Customer 05163,France,Europe,SMB,2025-03-20,Referral
CUST05164,Customer 05164,India,Asia,Mid-Market,2025-03-27,Organic
CUST05165,Customer 05165,United States,North America,SMB,2025-10-07,Referral
CUST05166,Customer 05166,Canada,North America,Mid-Market,2024-12-24,Paid Search
CUST05167,Customer 05167,Japan,Asia,SMB,2024-01-23,Partner
CUST05168,Customer 05168,Mexico,North America,SMB,2024-04-07,Referral
CUST05169,Customer 05169,United Kingdom,Europe,Mid-Market,2025-11-23,Organic
CUST05170,Customer 05170,South Korea,Asia,SMB,2025-12-22,Organic
CUST05171,Customer 05171,United States,North America,Mid-Market,2024-03-02,Paid Search
CUST05172,Customer 05172,United States,North America,Enterprise,2025-05-15,Paid Search
CUST05173,Customer 05173,Argentina,South America,Mid-Market,2025-04-27,Social
CUST05174,Customer 05174,Germany,Europe,SMB,2024-04-30,Partner
CUST05175,Customer 05175,United Kingdom,Europe,SMB,2025-07-29,Partner
CUST05176,Customer 05176,United Kingdom,Europe,Enterprise,2024-12-02,Paid Search
CUST05177,Customer 05177,United Kingdom,Europe,Mid-Market,2024-06-17,Organic
CUST05178,Customer 05178,United Kingdom,Europe,Mid-Market,2025-02-13,Referral
CUST05179,Customer 05179,Mexico,North America,SMB,2025-10-23,Organic
CUST05180,Customer 05180,Mexico,North America,Mid-Market,2024-06-07,Organic
CUST05181,Customer 05181,United States,North America,SMB,2025-03-28,Organic
CUST05182,Customer 05182,South Korea,Asia,Mid-Market,2025-06-19,Social
CUST05183,Customer 05183,Spain,Europe,Enterprise,2025-04-02,Referral
CUST05184,Customer 05184,Mexico,North America,Enterprise,2025-04-20,Organic
CUST05185,Customer 05185,France,Europe,SMB,2025-06-14,Social
CUST05186,Customer 05186,Chile,South America,Mid-Market,2024-06-19,Partner
CUST05187,Customer 05187,Spain,Europe,SMB,2024-03-15,Referral
CUST05188,Customer 05188,Canada,North America,SMB,2025-12-24,Organic
CUST05189,Customer 05189,Chile,South America,Mid-Market,2024-08-21,Paid Search
CUST05190,Customer 05190,Canada,North America,SMB,2025-11-24,Paid Search
CUST05191,Customer 05191,Mexico,North America,SMB,2024-07-15,Referral
CUST05192,Customer 05192,Mexico,North America,Mid-Market,2024-07-13,Referral
CUST05193,Customer 05193,Italy,Europe,Mid-Market,2024-01-19,Organic
CUST05194,Customer 05194,Mexico,North America,Mid-Market,2024-11-18,Paid Search
CUST05195,Customer 05195,Chile,South America,SMB,2025-11-21,Paid Search
CUST05196,Customer 05196,Australia,Oceania,Mid-Market,2025-10-16,Partner
CUST05197,Customer 05197,Singapore,Asia,SMB,2024-08-10,Organic
CUST05198,Customer 05198,South Korea,Asia,SMB,2024-10-24,Referral
CUST05199,Customer 05199,Mexico,North America,SMB,2025-05-04,Social
CUST05200,Customer 05200,Canada,North America,Mid-Market,2025-11-28,Referral
CUST05201,Customer 05201,Japan,Asia,SMB,2025-03-17,Paid Search
CUST05202,Customer 05202,Italy,Europe,SMB,2024-05-26,Referral
CUST05203,Customer 05203,Spain,Europe,Enterprise,2024-09-17,Partner
CUST05204,Customer 05204,Thailand,Asia,Enterprise,2025-06-13,Partner
CUST05205,Customer 05205,Germany,Europe,Mid-Market,2024-01-18,Organic
CUST05206,Customer 05206,Spain,Europe,Mid-Market,2025-03-14,Organic
CUST05207,Customer 05207,Italy,Europe,Enterprise,2025-07-16,Organic
CUST05208,Customer 05208,Australia,Oceania,Mid-Market,2024-09-10,Organic
CUST05209,Customer 05209,Germany,Europe,SMB,2025-01-28,Referral
CUST05210,Customer 05210,France,Europe,Mid-Market,2025-06-08,Organic
CUST05211,Customer 05211,Thailand,Asia,Enterprise,2025-03-11,Referral
CUST05212,Customer 05212,Italy,Europe,Mid-Market,2024-01-18,Referral
CUST05213,Customer 05213,New Zealand,Oceania,SMB,2025-03-04,Paid Search
CUST05214,Customer 05214,New Zealand,Oceania,Enterprise,2024-06-17,Organic
CUST05215,Customer 05215,Singapore,Asia,Mid-Market,2025-06-24,Paid Search
CUST05216,Customer 05216,Thailand,Asia,SMB,2024-07-10,Organic
CUST05217,Customer 05217,India,Asia,Enterprise,2025-12-16,Social
CUST05218,Customer 05218,France,Europe,Mid-Market,2024-03-26,Paid Search
CUST05219,Customer 05219,Japan,Asia,Mid-Market,2025-10-13,Organic
CUST05220,Customer 05220,Spain,Europe,Enterprise,2024-01-25,Organic
CUST05221,Customer 05221,United Kingdom,Europe,SMB,2025-05-14,Referral
CUST05222,Customer 05222,Mexico,North America,Mid-Market,2024-09-15,Referral
CUST05223,Customer 05223,Spain,Europe,SMB,2024-05-22,Social
CUST05224,Customer 05224,Germany,Europe,Enterprise,2024-06-08,Organic
CUST05225,Customer 05225,Thailand,Asia,Enterprise,2024-01-29,Organic
CUST05226,Customer 05226,India,Asia,Mid-Market,2024-04-07,Partner
CUST05227,Customer 05227,Italy,Europe,Mid-Market,2024-10-13,Paid Search
CUST05228,Customer 05228,Italy,Europe,Mid-Market,2024-04-24,Paid Search
CUST05229,Customer 05229,Spain,Europe,SMB,2025-12-08,Social
CUST05230,Customer 05230,Germany,Europe,SMB,2025-08-27,Referral
CUST05231,Customer 05231,Chile,South America,SMB,2024-12-11,Paid Search
CUST05232,Customer 05232,New Zealand,Oceania,Mid-Market,2024-03-10,Social
CUST05233,Customer 05233,India,Asia,Mid-Market,2025-12-21,Organic
CUST05234,Customer 05234,Singapore,Asia,Mid-Market,2025-06-13,Organic
CUST05235,Customer 05235,Mexico,North America,SMB,2024-05-13,Organic
CUST05236,Customer 05236,Canada,North America,Mid-Market,2024-02-09,Organic
CUST05237,Customer 05237,France,Europe,SMB,2025-03-29,Paid Search
CUST05238,Customer 05238,France,Europe,Enterprise,2024-01-30,Partner
CUST05239,Customer 05239,Singapore,Asia,Enterprise,2025-03-25,Social
CUST05240,Customer 05240,Mexico,North America,SMB,2024-11-19,Referral
CUST05241,Customer 05241,Italy,Europe,Mid-Market,2025-10-05,Social
CUST05242,Customer 05242,South Korea,Asia,SMB,2024-10-06,Paid Search
CUST05243,Customer 05243,South Korea,Asia,SMB,2024-11-23,Paid Search
CUST05244,Customer 05244,South Korea,Asia,Mid-Market,2025-02-02,Organic
CUST05245,Customer 05245,Singapore,Asia,Mid-Market,2025-12-19,Paid Search
CUST05246,Customer 05246,Mexico,North America,SMB,2025-05-28,Paid Search
CUST05247,Customer 05247,United States,North America,SMB,2025-05-04,Organic
CUST05248,Customer 05248,United Kingdom,Europe,SMB,2024-08-14,Social
CUST05249,Customer 05249,France,Europe,SMB,2024-12-19,Organic
CUST05250,Customer 05250,Chile,South America,SMB,2024-05-22,Referral
CUST05251,Customer 05251,South Korea,Asia,SMB,2024-10-13,Organic
CUST05252,Customer 05252,United Kingdom,Europe,Enterprise,2025-08-23,Paid Search
CUST05253,Customer 05253,Singapore,Asia,SMB,2024-03-13,Referral
CUST05254,Customer 05254,Argentina,South America,SMB,2024-04-30,Organic
CUST05255,Customer 05255,Mexico,North America,SMB,2025-03-04,Organic
CUST05256,Customer 05256,Brazil,South America,SMB,2025-08-06,Referral
CUST05257,Customer 05257,Mexico,North America,Mid-Market,2025-12-13,Referral
CUST05258,Customer 05258,Japan,Asia,SMB,2025-03-05,Paid Search
CUST05259,Customer 05259,India,Asia,SMB,2025-04-25,Paid Search
CUST05260,Customer 05260,Italy,Europe,Enterprise,2024-07-30,Organic
CUST05261,Customer 05261,Mexico,North America,Mid-Market,2024-10-26,Organic
CUST05262,Customer 05262,Canada,North America,SMB,2024-08-17,Partner
CUST05263,Customer 05263,Italy,Europe,SMB,2024-03-20,Organic
CUST05264,Customer 05264,Chile,South America,Mid-Market,2024-09-27,Paid Search
CUST05265,Customer 05265,South Korea,Asia,Mid-Market,2024-06-08,Referral
CUST05266,Customer 05266,Spain,Europe,Enterprise,2025-03-08,Partner
CUST05267,Customer 05267,Thailand,Asia,SMB,2025-07-04,Organic
CUST05268,Customer 05268,Argentina,South America,Mid-Market,2025-12-17,Referral
CUST05269,Customer 05269,Australia,Oceania,SMB,2025-10-05,Referral
CUST05270,Customer 05270,India,Asia,SMB,2024-08-20,Organic
CUST05271,Customer 05271,New Zealand,Oceania,Mid-Market,2025-11-17,Organic
CUST05272,Customer 05272,Argentina,South America,Mid-Market,2025-11-19,Partner
CUST05273,Customer 05273,Chile,South America,SMB,2025-01-03,Paid Search
CUST05274,Customer 05274,Brazil,South America,SMB,2024-05-29,Organic
CUST05275,Customer 05275,South Korea,Asia,Mid-Market,2025-07-22,Referral
CUST05276,Customer 05276,Mexico,North America,SMB,2024-03-23,Paid Search
CUST05277,Customer 05277,Mexico,North America,SMB,2024-09-20,Organic
CUST05278,Customer 05278,Canada,North America,SMB,2025-01-23,Organic
CUST05279,Customer 05279,Germany,Europe,SMB,2025-09-23,Paid Search
CUST05280,Customer 05280,Canada,North America,Mid-Market,2025-12-14,Referral
CUST05281,Customer 05281,New Zealand,Oceania,SMB,2025-08-20,Paid Search
CUST05282,Customer 05282,Singapore,Asia,SMB,2024-12-20,Organic
CUST05283,Customer 05283,New Zealand,Oceania,Mid-Market,2024-03-03,Referral
CUST05284,Customer 05284,Singapore,Asia,SMB,2025-08-07,Referral
CUST05285,Customer 05285,United Kingdom,Europe,Mid-Market,2025-09-18,Paid Search
CUST05286,Customer 05286,France,Europe,SMB,2024-12-11,Organic
CUST05287,Customer 05287,Canada,North America,Mid-Market,2025-02-09,Organic
CUST05288,Customer 05288,United States,North America,Mid-Market,2025-09-13,Social
CUST05289,Customer 05289,Singapore,Asia,Mid-Market,2024-04-06,Organic
CUST05290,Customer 05290,Canada,North America,SMB,2025-08-17,Paid Search
CUST05291,Customer 05291,South Korea,Asia,Mid-Market,2025-01-09,Referral
CUST05292,Customer 05292,Thailand,Asia,Mid-Market,2025-05-16,Partner
CUST05293,Customer 05293,Argentina,South America,SMB,2024-05-19,Social
CUST05294,Customer 05294,United States,North America,SMB,2025-03-25,Paid Search
CUST05295,Customer 05295,Mexico,North America,SMB,2024-07-15,Social
CUST05296,Customer 05296,United States,North America,SMB,2025-01-13,Organic
CUST05297,Customer 05297,Australia,Oceania,SMB,2025-01-18,Partner
CUST05298,Customer 05298,Germany,Europe,Enterprise,2025-11-30,Organic
CUST05299,Customer 05299,Thailand,Asia,Enterprise,2025-05-04,Social
CUST05300,Customer 05300,United Kingdom,Europe,SMB,2025-02-11,Partner
CUST05301,Customer 05301,United States,North America,Enterprise,2024-10-20,Partner
CUST05302,Customer 05302,United States,North America,Mid-Market,2024-09-03,Referral
CUST05303,Customer 05303,Canada,North America,SMB,2025-04-21,Organic
CUST05304,Customer 05304,South Korea,Asia,Enterprise,2025-10-06,Paid Search
CUST05305,Customer 05305,France,Europe,Mid-Market,2025-02-22,Organic
CUST05306,Customer 05306,United States,North America,Mid-Market,2025-04-27,Referral
CUST05307,Customer 05307,Australia,Oceania,SMB,2024-08-27,Organic
CUST05308,Customer 05308,South Korea,Asia,SMB,2025-02-12,Organic
CUST05309,Customer 05309,Germany,Europe,Enterprise,2025-02-22,Organic
CUST05310,Customer 05310,Japan,Asia,SMB,2025-05-13,Partner
CUST05311,Customer 05311,India,Asia,SMB,2024-08-19,Paid Search
CUST05312,Customer 05312,Singapore,Asia,SMB,2024-09-12,Paid Search
CUST05313,Customer 05313,India,Asia,SMB,2024-09-19,Organic
CUST05314,Customer 05314,United States,North America,SMB,2024-11-03,Paid Search
CUST05315,Customer 05315,India,Asia,Enterprise,2024-08-01,Paid Search
CUST05316,Customer 05316,South Korea,Asia,SMB,2024-05-22,Organic
CUST05317,Customer 05317,United Kingdom,Europe,Enterprise,2024-12-31,Referral
CUST05318,Customer 05318,New Zealand,Oceania,Mid-Market,2025-09-17,Paid Search
CUST05319,Customer 05319,Japan,Asia,SMB,2024-01-24,Social
CUST05320,Customer 05320,Japan,Asia,SMB,2025-05-01,Organic
CUST05321,Customer 05321,France,Europe,SMB,2025-08-19,Paid Search
CUST05322,Customer 05322,Mexico,North America,Enterprise,2025-08-25,Social
CUST05323,Customer 05323,Argentina,South America,Mid-Market,2025-09-15,Partner
CUST05324,Customer 05324,France,Europe,SMB,2024-08-20,Paid Search
CUST05325,Customer 05325,Italy,Europe,Enterprise,2024-03-14,Organic
CUST05326,Customer 05326,United Kingdom,Europe,Mid-Market,2025-12-28,Paid Search
CUST05327,Customer 05327,United States,North America,SMB,2025-05-26,Referral
CUST05328,Customer 05328,New Zealand,Oceania,Mid-Market,2024-09-18,Organic
CUST05329,Customer 05329,India,Asia,Mid-Market,2025-09-14,Organic
CUST05330,Customer 05330,India,Asia,Mid-Market,2024-09-15,Paid Search
CUST05331,Customer 05331,Mexico,North America,SMB,2025-07-01,Organic
CUST05332,Customer 05332,Canada,North America,SMB,2025-12-03,Partner
CUST05333,Customer 05333,France,Europe,SMB,2025-07-15,Organic
CUST05334,Customer 05334,Germany,Europe,SMB,2025-04-23,Social
CUST05335,Customer 05335,Singapore,Asia,SMB,2024-05-19,Paid Search
CUST05336,Customer 05336,Mexico,North America,Mid-Market,2025-11-13,Social
CUST05337,Customer 05337,United States,North America,SMB,2024-11-07,Partner
CUST05338,Customer 05338,Canada,North America,SMB,2025-03-31,Organic
CUST05339,Customer 05339,Argentina,South America,Mid-Market,2025-03-23,Organic
CUST05340,Customer 05340,Thailand,Asia,SMB,2024-06-29,Organic
CUST05341,Customer 05341,South Korea,Asia,SMB,2025-03-16,Referral
CUST05342,Customer 05342,France,Europe,Mid-Market,2024-10-12,Organic
CUST05343,Customer 05343,Argentina,South America,Enterprise,2024-09-12,Referral
CUST05344,Customer 05344,Mexico,North America,SMB,2025-09-19,Partner
CUST05345,Customer 05345,Japan,Asia,Enterprise,2025-06-11,Paid Search
CUST05346,Customer 05346,Germany,Europe,Enterprise,2024-12-23,Referral
CUST05347,Customer 05347,United States,North America,Mid-Market,2024-01-15,Partner
CUST05348,Customer 05348,Canada,North America,Enterprise,2025-06-02,Partner
CUST05349,Customer 05349,Mexico,North America,SMB,2025-06-23,Organic
CUST05350,Customer 05350,France,Europe,SMB,2024-05-01,Organic
CUST05351,Customer 05351,Australia,Oceania,Mid-Market,2025-07-07,Paid Search
CUST05352,Customer 05352,United States,North America,SMB,2024-10-19,Organic
CUST05353,Customer 05353,Canada,North America,SMB,2025-06-19,Paid Search
CUST05354,Customer 05354,United States,North America,SMB,2025-09-05,Social
CUST05355,Customer 05355,Australia,Oceania,SMB,2025-05-26,Paid Search
CUST05356,Customer 05356,New Zealand,Oceania,SMB,2025-11-18,Organic
CUST05357,Customer 05357,Mexico,North America,SMB,2024-02-25,Organic
CUST05358,Customer 05358,Japan,Asia,Enterprise,2024-08-25,Social
CUST05359,Customer 05359,Singapore,Asia,SMB,2024-02-13,Organic
CUST05360,Customer 05360,Argentina,South America,Mid-Market,2024-05-06,Organic
CUST05361,Customer 05361,Mexico,North America,SMB,2024-09-30,Referral
CUST05362,Customer 05362,Spain,Europe,SMB,2024-01-18,Paid Search
CUST05363,Customer 05363,Spain,Europe,Enterprise,2024-10-16,Paid Search
CUST05364,Customer 05364,Australia,Oceania,SMB,2024-04-03,Referral
CUST05365,Customer 05365,Chile,South America,SMB,2024-03-23,Referral
CUST05366,Customer 05366,Australia,Oceania,Mid-Market,2025-09-02,Organic
CUST05367,Customer 05367,Thailand,Asia,SMB,2025-06-27,Paid Search
CUST05368,Customer 05368,United States,North America,SMB,2024-11-29,Referral
CUST05369,Customer 05369,Brazil,South America,Enterprise,2025-02-18,Paid Search
CUST05370,Customer 05370,India,Asia,SMB,2024-08-01,Social
CUST05371,Customer 05371,Germany,Europe,Mid-Market,2024-12-21,Organic
CUST05372,Customer 05372,Australia,Oceania,SMB,2025-07-21,Paid Search
CUST05373,Customer 05373,Italy,Europe,SMB,2025-01-16,Referral
CUST05374,Customer 05374,Mexico,North America,SMB,2025-08-03,Paid Search
CUST05375,Customer 05375,United States,North America,Mid-Market,2024-12-20,Organic
CUST05376,Customer 05376,United States,North America,SMB,2024-09-21,Paid Search
CUST05377,Customer 05377,India,Asia,Enterprise,2025-10-16,Social
CUST05378,Customer 05378,United States,North America,Mid-Market,2025-10-20,Paid Search
CUST05379,Customer 05379,Italy,Europe,Mid-Market,2024-06-16,Organic
CUST05380,Customer 05380,Argentina,South America,SMB,2024-12-04,Organic
CUST05381,Customer 05381,France,Europe,Mid-Market,2025-07-18,Paid Search
CUST05382,Customer 05382,United States,North America,Mid-Market,2024-07-09,Organic
CUST05383,Customer 05383,Mexico,North America,SMB,2025-07-01,Partner
CUST05384,Customer 05384,United Kingdom,Europe,Enterprise,2025-10-19,Social
CUST05385,Customer 05385,France,Europe,SMB,2024-06-21,Social
CUST05386,Customer 05386,Mexico,North America,Enterprise,2024-04-21,Paid Search
CUST05387,Customer 05387,Germany,Europe,Enterprise,2025-11-21,Paid Search
CUST05388,Customer 05388,France,Europe,SMB,2025-12-29,Paid Search
CUST05389,Customer 05389,South Korea,Asia,SMB,2025-09-19,Organic
CUST05390,Customer 05390,New Zealand,Oceania,SMB,2025-03-24,Referral
CUST05391,Customer 05391,United States,North America,SMB,2024-03-03,Organic
CUST05392,Customer 05392,Thailand,Asia,Mid-Market,2025-10-31,Organic
CUST05393,Customer 05393,Australia,Oceania,SMB,2024-05-25,Partner
CUST05394,Customer 05394,South Korea,Asia,Mid-Market,2024-05-10,Partner
CUST05395,Customer 05395,Japan,Asia,Enterprise,2025-06-08,Social
CUST05396,Customer 05396,South Korea,Asia,Enterprise,2024-10-11,Paid Search
CUST05397,Customer 05397,Thailand,Asia,SMB,2025-09-26,Partner
CUST05398,Customer 05398,South Korea,Asia,Enterprise,2025-09-30,Paid Search
CUST05399,Customer 05399,Mexico,North America,SMB,2025-08-11,Organic
CUST05400,Customer 05400,United Kingdom,Europe,SMB,2025-09-03,Paid Search
CUST05401,Customer 05401,United States,North America,SMB,2025-02-03,Referral
CUST05402,Customer 05402,United Kingdom,Europe,Mid-Market,2025-09-29,Paid Search
CUST05403,Customer 05403,Singapore,Asia,SMB,2025-10-31,Partner
CUST05404,Customer 05404,Italy,Europe,SMB,2024-07-24,Paid Search
CUST05405,Customer 05405,United States,North America,SMB,2024-11-06,Social
CUST05406,Customer 05406,Mexico,North America,Enterprise,2025-03-27,Organic
CUST05407,Customer 05407,Singapore,Asia,Mid-Market,2025-09-20,Referral
CUST05408,Customer 05408,Italy,Europe,Mid-Market,2024-10-11,Social
CUST05409,Customer 05409,United Kingdom,Europe,Mid-Market,2024-07-09,Referral
CUST05410,Customer 05410,Argentina,South America,SMB,2024-08-22,Partner
CUST05411,Customer 05411,Japan,Asia,SMB,2025-08-07,Referral
CUST05412,Customer 05412,Mexico,North America,SMB,2025-01-15,Organic
CUST05413,Customer 05413,India,Asia,SMB,2024-07-05,Referral
CUST05414,Customer 05414,France,Europe,Enterprise,2025-06-06,Referral
CUST05415,Customer 05415,Canada,North America,SMB,2025-04-27,Organic
CUST05416,Customer 05416,India,Asia,Mid-Market,2025-01-14,Paid Search
CUST05417,Customer 05417,Spain,Europe,Mid-Market,2025-03-29,Organic
CUST05418,Customer 05418,Australia,Oceania,Enterprise,2024-06-17,Organic
CUST05419,Customer 05419,France,Europe,SMB,2024-05-13,Social
CUST05420,Customer 05420,Japan,Asia,Enterprise,2025-08-13,Social
CUST05421,Customer 05421,India,Asia,Mid-Market,2025-05-12,Referral
CUST05422,Customer 05422,South Korea,Asia,SMB,2025-12-15,Paid Search
CUST05423,Customer 05423,Canada,North America,Mid-Market,2025-11-17,Paid Search
CUST05424,Customer 05424,France,Europe,SMB,2024-09-22,Organic
CUST05425,Customer 05425,New Zealand,Oceania,Mid-Market,2024-12-04,Paid Search
CUST05426,Customer 05426,Canada,North America,Mid-Market,2025-09-12,Partner
CUST05427,Customer 05427,Australia,Oceania,Mid-Market,2024-01-03,Paid Search
CUST05428,Customer 05428,Argentina,South America,Enterprise,2025-09-23,Paid Search
CUST05429,Customer 05429,New Zealand,Oceania,Mid-Market,2024-05-02,Organic
CUST05430,Customer 05430,United States,North America,SMB,2024-07-09,Social
CUST05431,Customer 05431,Thailand,Asia,SMB,2024-12-18,Organic
CUST05432,Customer 05432,Japan,Asia,Enterprise,2025-05-30,Paid Search
CUST05433,Customer 05433,United States,North America,Mid-Market,2024-09-15,Paid Search
CUST05434,Customer 05434,Singapore,Asia,Enterprise,2025-11-16,Paid Search
CUST05435,Customer 05435,Mexico,North America,SMB,2025-07-26,Referral
CUST05436,Customer 05436,Italy,Europe,SMB,2025-06-24,Referral
CUST05437,Customer 05437,Brazil,South America,Enterprise,2025-07-18,Referral
CUST05438,Customer 05438,France,Europe,Mid-Market,2024-01-22,Organic
CUST05439,Customer 05439,New Zealand,Oceania,SMB,2025-08-24,Social
CUST05440,Customer 05440,France,Europe,SMB,2025-03-17,Referral
CUST05441,Customer 05441,Spain,Europe,Enterprise,2024-05-16,Partner
CUST05442,Customer 05442,Brazil,South America,Mid-Market,2025-07-23,Organic
CUST05443,Customer 05443,Brazil,South America,SMB,2024-03-18,Social
CUST05444,Customer 05444,United States,North America,SMB,2025-03-27,Referral
CUST05445,Customer 05445,New Zealand,Oceania,SMB,2025-02-20,Paid Search
CUST05446,Customer 05446,India,Asia,SMB,2024-01-22,Organic
CUST05447,Customer 05447,Chile,South America,SMB,2024-09-30,Organic
CUST05448,Customer 05448,Thailand,Asia,SMB,2024-03-28,Partner
CUST05449,Customer 05449,United States,North America,Mid-Market,2025-11-22,Paid Search
CUST05450,Customer 05450,India,Asia,SMB,2025-08-08,Referral
CUST05451,Customer 05451,Spain,Europe,Mid-Market,2025-12-29,Referral
CUST05452,Customer 05452,United States,North America,SMB,2024-12-22,Partner
CUST05453,Customer 05453,Canada,North America,SMB,2024-08-28,Paid Search
CUST05454,Customer 05454,Spain,Europe,SMB,2025-12-01,Social
CUST05455,Customer 05455,Australia,Oceania,SMB,2024-08-12,Organic
CUST05456,Customer 05456,Canada,North America,Mid-Market,2024-10-30,Partner
CUST05457,Customer 05457,France,Europe,Enterprise,2024-04-07,Paid Search
CUST05458,Customer 05458,Canada,North America,Mid-Market,2025-08-23,Organic
CUST05459,Customer 05459,Spain,Europe,Mid-Market,2024-03-28,Paid Search
CUST05460,Customer 05460,Italy,Europe,Enterprise,2024-01-26,Partner
CUST05461,Customer 05461,United States,North America,Mid-Market,2025-09-01,Referral
CUST05462,Customer 05462,Spain,Europe,Mid-Market,2025-09-06,Organic
CUST05463,Customer 05463,United Kingdom,Europe,Mid-Market,2025-09-16,Organic
CUST05464,Customer 05464,United States,North America,SMB,2025-09-19,Referral
CUST05465,Customer 05465,France,Europe,SMB,2024-04-13,Organic
CUST05466,Customer 05466,Brazil,South America,Mid-Market,2024-09-21,Organic
CUST05467,Customer 05467,Canada,North America,Mid-Market,2025-07-13,Referral
CUST05468,Customer 05468,Spain,Europe,SMB,2024-08-14,Paid Search
CUST05469,Customer 05469,United States,North America,Enterprise,2025-07-22,Organic
CUST05470,Customer 05470,Italy,Europe,SMB,2025-10-27,Paid Search
CUST05471,Customer 05471,Mexico,North America,Mid-Market,2025-12-03,Referral
CUST05472,Customer 05472,Spain,Europe,Enterprise,2025-07-22,Referral
CUST05473,Customer 05473,New Zealand,Oceania,SMB,2025-08-05,Organic
CUST05474,Customer 05474,France,Europe,Enterprise,2025-03-13,Paid Search
CUST05475,Customer 05475,United States,North America,Mid-Market,2024-02-27,Paid Search
CUST05476,Customer 05476,Spain,Europe,Mid-Market,2024-11-14,Paid Search
CUST05477,Customer 05477,United Kingdom,Europe,Enterprise,2025-11-27,Organic
CUST05478,Customer 05478,Japan,Asia,Mid-Market,2025-10-28,Organic
CUST05479,Customer 05479,Mexico,North America,SMB,2024-06-23,Referral
CUST05480,Customer 05480,New Zealand,Oceania,Mid-Market,2025-06-30,Organic
CUST05481,Customer 05481,Spain,Europe,SMB,2024-08-12,Social
CUST05482,Customer 05482,Spain,Europe,SMB,2024-10-31,Social
CUST05483,Customer 05483,Thailand,Asia,SMB,2025-04-19,Paid Search
CUST05484,Customer 05484,India,Asia,SMB,2024-12-29,Referral
CUST05485,Customer 05485,Brazil,South America,Mid-Market,2025-03-17,Referral
CUST05486,Customer 05486,Australia,Oceania,Enterprise,2024-03-12,Organic
CUST05487,Customer 05487,Argentina,South America,Enterprise,2024-08-04,Paid Search
CUST05488,Customer 05488,United Kingdom,Europe,SMB,2025-08-15,Social
CUST05489,Customer 05489,Thailand,Asia,Mid-Market,2025-03-28,Organic
CUST05490,Customer 05490,Mexico,North America,Mid-Market,2025-09-07,Referral
CUST05491,Customer 05491,Thailand,Asia,SMB,2025-12-06,Referral
CUST05492,Customer 05492,United States,North America,Mid-Market,2024-09-16,Organic
CUST05493,Customer 05493,Italy,Europe,SMB,2024-07-12,Paid Search
CUST05494,Customer 05494,Thailand,Asia,Enterprise,2024-08-14,Social
CUST05495,Customer 05495,Chile,South America,SMB,2025-02-22,Organic
CUST05496,Customer 05496,Japan,Asia,Mid-Market,2024-07-03,Organic
CUST05497,Customer 05497,New Zealand,Oceania,Enterprise,2024-10-12,Organic
CUST05498,Customer 05498,Singapore,Asia,Mid-Market,2024-05-06,Partner
CUST05499,Customer 05499,Germany,Europe,SMB,2024-10-08,Referral
CUST05500,Customer 05500,Japan,Asia,SMB,2025-11-23,Paid Search
CUST05501,Customer 05501,France,Europe,Enterprise,2024-11-05,Partner
CUST05502,Customer 05502,Mexico,North America,SMB,2025-07-08,Social
CUST05503,Customer 05503,Germany,Europe,SMB,2024-11-10,Organic
CUST05504,Customer 05504,United States,North America,Enterprise,2024-11-12,Partner
CUST05505,Customer 05505,Argentina,South America,Mid-Market,2025-04-26,Paid Search
CUST05506,Customer 05506,Singapore,Asia,Mid-Market,2024-03-21,Organic
CUST05507,Customer 05507,United Kingdom,Europe,SMB,2024-09-16,Organic
CUST05508,Customer 05508,India,Asia,SMB,2024-04-11,Paid Search
CUST05509,Customer 05509,Canada,North America,Mid-Market,2024-05-25,Partner
CUST05510,Customer 05510,Mexico,North America,SMB,2025-06-02,Paid Search
CUST05511,Customer 05511,Germany,Europe,SMB,2024-05-07,Referral
CUST05512,Customer 05512,Mexico,North America,SMB,2024-05-28,Organic
CUST05513,Customer 05513,India,Asia,Mid-Market,2025-02-22,Organic
CUST05514,Customer 05514,Japan,Asia,SMB,2024-09-11,Social
CUST05515,Customer 05515,Spain,Europe,Enterprise,2024-03-30,Partner
CUST05516,Customer 05516,Australia,Oceania,SMB,2025-11-30,Paid Search
CUST05517,Customer 05517,United Kingdom,Europe,SMB,2025-11-05,Organic
CUST05518,Customer 05518,France,Europe,Enterprise,2025-02-28,Organic
CUST05519,Customer 05519,Italy,Europe,Enterprise,2025-01-18,Social
CUST05520,Customer 05520,Canada,North America,Mid-Market,2025-08-13,Organic
CUST05521,Customer 05521,Singapore,Asia,Enterprise,2025-12-12,Organic
CUST05522,Customer 05522,Spain,Europe,SMB,2024-03-16,Referral
CUST05523,Customer 05523,Singapore,Asia,SMB,2024-03-12,Social
CUST05524,Customer 05524,Canada,North America,SMB,2024-08-29,Organic
CUST05525,Customer 05525,Thailand,Asia,SMB,2024-08-10,Partner
CUST05526,Customer 05526,Australia,Oceania,Mid-Market,2025-10-16,Paid Search
CUST05527,Customer 05527,Thailand,Asia,Mid-Market,2025-01-06,Referral
CUST05528,Customer 05528,Italy,Europe,SMB,2025-08-15,Organic
CUST05529,Customer 05529,New Zealand,Oceania,SMB,2025-05-02,Partner
CUST05530,Customer 05530,Argentina,South America,Enterprise,2025-06-12,Referral
CUST05531,Customer 05531,Singapore,Asia,Mid-Market,2025-11-30,Social
CUST05532,Customer 05532,Brazil,South America,SMB,2025-03-05,Paid Search
CUST05533,Customer 05533,United States,North America,SMB,2025-07-21,Partner
CUST05534,Customer 05534,India,Asia,SMB,2024-07-15,Paid Search
CUST05535,Customer 05535,Argentina,South America,SMB,2024-07-08,Paid Search
CUST05536,Customer 05536,United States,North America,SMB,2025-03-03,Organic
CUST05537,Customer 05537,Japan,Asia,SMB,2025-10-21,Partner
CUST05538,Customer 05538,Canada,North America,SMB,2024-02-07,Paid Search
CUST05539,Customer 05539,Japan,Asia,SMB,2025-01-01,Referral
CUST05540,Customer 05540,Germany,Europe,SMB,2024-05-27,Referral
CUST05541,Customer 05541,New Zealand,Oceania,SMB,2025-10-08,Partner
CUST05542,Customer 05542,Canada,North America,SMB,2025-01-13,Referral
CUST05543,Customer 05543,United States,North America,Enterprise,2024-01-31,Referral
CUST05544,Customer 05544,United States,North America,Mid-Market,2024-01-02,Paid Search
CUST05545,Customer 05545,United States,North America,SMB,2025-04-12,Referral
CUST05546,Customer 05546,South Korea,Asia,SMB,2024-06-18,Paid Search
CUST05547,Customer 05547,Australia,Oceania,Mid-Market,2024-01-31,Partner
CUST05548,Customer 05548,United States,North America,SMB,2024-04-21,Partner
CUST05549,Customer 05549,United States,North America,Mid-Market,2024-04-22,Paid Search
CUST05550,Customer 05550,Singapore,Asia,Enterprise,2024-09-09,Organic
CUST05551,Customer 05551,South Korea,Asia,SMB,2025-06-08,Paid Search
CUST05552,Customer 05552,Germany,Europe,SMB,2025-09-19,Partner
CUST05553,Customer 05553,Thailand,Asia,SMB,2025-01-24,Social
CUST05554,Customer 05554,France,Europe,Mid-Market,2025-11-23,Organic
CUST05555,Customer 05555,Canada,North America,SMB,2025-08-01,Social
CUST05556,Customer 05556,Brazil,South America,Mid-Market,2024-04-30,Organic
CUST05557,Customer 05557,Japan,Asia,SMB,2025-06-21,Social
CUST05558,Customer 05558,Singapore,Asia,Mid-Market,2024-06-17,Social
CUST05559,Customer 05559,Canada,North America,Mid-Market,2025-12-05,Paid Search
CUST05560,Customer 05560,Italy,Europe,SMB,2025-09-11,Social
CUST05561,Customer 05561,New Zealand,Oceania,Enterprise,2024-02-17,Paid Search
CUST05562,Customer 05562,India,Asia,Mid-Market,2024-05-06,Paid Search
CUST05563,Customer 05563,France,Europe,SMB,2024-11-18,Partner
CUST05564,Customer 05564,Italy,Europe,Enterprise,2025-06-25,Organic
CUST05565,Customer 05565,New Zealand,Oceania,Mid-Market,2025-02-07,Organic
CUST05566,Customer 05566,United Kingdom,Europe,SMB,2024-03-03,Organic
CUST05567,Customer 05567,Canada,North America,Mid-Market,2025-04-04,Referral
CUST05568,Customer 05568,United Kingdom,Europe,Mid-Market,2025-04-18,Referral
CUST05569,Customer 05569,Spain,Europe,Mid-Market,2025-11-10,Partner
CUST05570,Customer 05570,Argentina,South America,Enterprise,2024-07-13,Partner
CUST05571,Customer 05571,United Kingdom,Europe,SMB,2024-01-28,Partner
CUST05572,Customer 05572,France,Europe,SMB,2025-07-01,Referral
CUST05573,Customer 05573,Canada,North America,SMB,2025-05-28,Social
CUST05574,Customer 05574,Chile,South America,Mid-Market,2025-01-14,Organic
CUST05575,Customer 05575,Thailand,Asia,SMB,2025-05-20,Referral
CUST05576,Customer 05576,Italy,Europe,SMB,2024-05-10,Organic
CUST05577,Customer 05577,New Zealand,Oceania,SMB,2024-04-01,Organic
CUST05578,Customer 05578,Mexico,North America,Mid-Market,2024-10-21,Organic
CUST05579,Customer 05579,Brazil,South America,SMB,2025-10-15,Organic
CUST05580,Customer 05580,United States,North America,SMB,2025-01-10,Social
CUST05581,Customer 05581,United States,North America,SMB,2025-04-12,Paid Search
CUST05582,Customer 05582,South Korea,Asia,SMB,2025-12-29,Social
CUST05583,Customer 05583,South Korea,Asia,SMB,2024-08-09,Paid Search
CUST05584,Customer 05584,United States,North America,SMB,2024-12-17,Referral
CUST05585,Customer 05585,United States,North America,Mid-Market,2025-05-16,Paid Search
CUST05586,Customer 05586,Australia,Oceania,SMB,2024-04-20,Social
CUST05587,Customer 05587,Mexico,North America,SMB,2024-10-20,Organic
CUST05588,Customer 05588,India,Asia,Mid-Market,2025-02-09,Referral
CUST05589,Customer 05589,Thailand,Asia,SMB,2024-08-10,Social
CUST05590,Customer 05590,United States,North America,SMB,2024-06-09,Partner
CUST05591,Customer 05591,Japan,Asia,SMB,2024-11-16,Partner
CUST05592,Customer 05592,Canada,North America,SMB,2025-10-04,Organic
CUST05593,Customer 05593,Mexico,North America,SMB,2024-10-31,Paid Search
CUST05594,Customer 05594,Spain,Europe,Enterprise,2025-09-01,Organic
CUST05595,Customer 05595,United States,North America,SMB,2025-05-09,Paid Search
CUST05596,Customer 05596,United States,North America,Mid-Market,2024-04-04,Organic
CUST05597,Customer 05597,Australia,Oceania,Enterprise,2025-10-30,Partner
CUST05598,Customer 05598,Singapore,Asia,SMB,2025-03-06,Social
CUST05599,Customer 05599,United States,North America,Mid-Market,2025-02-19,Referral
CUST05600,Customer 05600,South Korea,Asia,SMB,2025-05-24,Partner
CUST05601,Customer 05601,United States,North America,Mid-Market,2024-01-31,Paid Search
CUST05602,Customer 05602,Spain,Europe,Enterprise,2024-07-02,Organic
CUST05603,Customer 05603,Brazil,South America,SMB,2025-08-03,Referral
CUST05604,Customer 05604,New Zealand,Oceania,Enterprise,2025-04-02,Organic
CUST05605,Customer 05605,Canada,North America,SMB,2024-10-11,Paid Search
CUST05606,Customer 05606,United States,North America,Mid-Market,2024-12-04,Social
CUST05607,Customer 05607,Italy,Europe,SMB,2025-03-28,Paid Search
CUST05608,Customer 05608,United States,North America,SMB,2024-12-18,Organic
CUST05609,Customer 05609,Singapore,Asia,SMB,2024-11-30,Organic
CUST05610,Customer 05610,Canada,North America,Enterprise,2025-02-06,Referral
CUST05611,Customer 05611,Germany,Europe,Mid-Market,2024-07-24,Organic
CUST05612,Customer 05612,United States,North America,Enterprise,2025-02-20,Referral
CUST05613,Customer 05613,Japan,Asia,SMB,2025-05-20,Paid Search
CUST05614,Customer 05614,Mexico,North America,SMB,2025-06-02,Partner
CUST05615,Customer 05615,United States,North America,SMB,2025-03-29,Partner
CUST05616,Customer 05616,Spain,Europe,SMB,2024-11-26,Organic
CUST05617,Customer 05617,Singapore,Asia,SMB,2025-04-23,Partner
CUST05618,Customer 05618,Chile,South America,Enterprise,2025-06-12,Organic
CUST05619,Customer 05619,Mexico,North America,Enterprise,2024-08-14,Organic
CUST05620,Customer 05620,France,Europe,SMB,2024-12-21,Paid Search
CUST05621,Customer 05621,Singapore,Asia,SMB,2025-05-10,Paid Search
CUST05622,Customer 05622,South Korea,Asia,Mid-Market,2025-04-29,Social
CUST05623,Customer 05623,United States,North America,Mid-Market,2024-12-28,Partner
CUST05624,Customer 05624,Canada,North America,Mid-Market,2024-07-11,Partner
CUST05625,Customer 05625,United Kingdom,Europe,SMB,2025-10-27,Organic
CUST05626,Customer 05626,United States,North America,SMB,2025-01-30,Referral
CUST05627,Customer 05627,Mexico,North America,SMB,2025-01-30,Referral
CUST05628,Customer 05628,United States,North America,Enterprise,2024-12-08,Organic
CUST05629,Customer 05629,Spain,Europe,Mid-Market,2025-07-09,Partner
CUST05630,Customer 05630,Japan,Asia,Enterprise,2024-08-08,Partner
CUST05631,Customer 05631,Singapore,Asia,SMB,2025-11-16,Social
CUST05632,Customer 05632,France,Europe,SMB,2024-02-15,Social
CUST05633,Customer 05633,Thailand,Asia,SMB,2024-01-10,Organic
CUST05634,Customer 05634,Spain,Europe,Enterprise,2025-01-07,Partner
CUST05635,Customer 05635,Italy,Europe,SMB,2025-09-20,Social
CUST05636,Customer 05636,Mexico,North America,Mid-Market,2024-01-08,Referral
CUST05637,Customer 05637,South Korea,Asia,SMB,2025-05-11,Organic
CUST05638,Customer 05638,United States,North America,SMB,2024-10-11,Paid Search
CUST05639,Customer 05639,Spain,Europe,SMB,2024-01-16,Organic
CUST05640,Customer 05640,Canada,North America,SMB,2024-09-27,Organic
CUST05641,Customer 05641,Japan,Asia,Mid-Market,2025-04-17,Social
CUST05642,Customer 05642,United States,North America,Enterprise,2025-04-08,Social
CUST05643,Customer 05643,Mexico,North America,Mid-Market,2025-09-12,Social
CUST05644,Customer 05644,Japan,Asia,SMB,2025-12-22,Organic
CUST05645,Customer 05645,Canada,North America,Mid-Market,2024-02-09,Referral
CUST05646,Customer 05646,Germany,Europe,SMB,2025-09-19,Paid Search
CUST05647,Customer 05647,Canada,North America,Mid-Market,2024-01-08,Paid Search
CUST05648,Customer 05648,Italy,Europe,Mid-Market,2025-12-13,Paid Search
CUST05649,Customer 05649,Singapore,Asia,SMB,2025-07-19,Social
CUST05650,Customer 05650,Italy,Europe,SMB,2025-11-26,Partner
CUST05651,Customer 05651,Chile,South America,SMB,2024-02-19,Partner
CUST05652,Customer 05652,Thailand,Asia,SMB,2024-02-24,Organic
CUST05653,Customer 05653,Canada,North America,Enterprise,2025-12-21,Paid Search
CUST05654,Customer 05654,Thailand,Asia,Mid-Market,2024-07-25,Referral
CUST05655,Customer 05655,Thailand,Asia,SMB,2024-10-05,Referral
CUST05656,Customer 05656,Germany,Europe,SMB,2024-08-05,Partner
CUST05657,Customer 05657,Australia,Oceania,Mid-Market,2024-04-24,Organic
CUST05658,Customer 05658,Mexico,North America,SMB,2024-02-21,Organic
CUST05659,Customer 05659,United Kingdom,Europe,SMB,2024-04-08,Partner
CUST05660,Customer 05660,United States,North America,Mid-Market,2025-09-10,Paid Search
CUST05661,Customer 05661,Singapore,Asia,SMB,2024-01-20,Paid Search
CUST05662,Customer 05662,France,Europe,SMB,2025-10-16,Partner
CUST05663,Customer 05663,Mexico,North America,SMB,2024-06-09,Referral
CUST05664,Customer 05664,United Kingdom,Europe,SMB,2025-03-18,Referral
CUST05665,Customer 05665,Germany,Europe,Enterprise,2024-07-07,Organic
CUST05666,Customer 05666,United States,North America,Mid-Market,2025-10-13,Referral
CUST05667,Customer 05667,Japan,Asia,Enterprise,2024-01-30,Paid Search
CUST05668,Customer 05668,Brazil,South America,Enterprise,2025-06-06,Referral
CUST05669,Customer 05669,Mexico,North America,SMB,2025-11-14,Referral
CUST05670,Customer 05670,Brazil,South America,SMB,2024-11-18,Organic
CUST05671,Customer 05671,Canada,North America,Mid-Market,2024-11-25,Paid Search
CUST05672,Customer 05672,Brazil,South America,SMB,2024-04-19,Paid Search
CUST05673,Customer 05673,Singapore,Asia,Enterprise,2025-10-04,Paid Search
CUST05674,Customer 05674,Mexico,North America,SMB,2025-12-01,Organic
CUST05675,Customer 05675,Canada,North America,SMB,2024-12-28,Partner
CUST05676,Customer 05676,Australia,Oceania,Mid-Market,2025-05-21,Paid Search
CUST05677,Customer 05677,Italy,Europe,Enterprise,2025-07-08,Paid Search
CUST05678,Customer 05678,Canada,North America,Mid-Market,2024-09-15,Referral
CUST05679,Customer 05679,United States,North America,Mid-Market,2024-01-03,Referral
CUST05680,Customer 05680,Thailand,Asia,SMB,2024-04-04,Paid Search
CUST05681,Customer 05681,Chile,South America,Mid-Market,2025-10-17,Organic
CUST05682,Customer 05682,Singapore,Asia,Mid-Market,2025-08-07,Organic
CUST05683,Customer 05683,Germany,Europe,SMB,2024-03-10,Organic
CUST05684,Customer 05684,Canada,North America,Mid-Market,2025-08-09,Organic
CUST05685,Customer 05685,Singapore,Asia,SMB,2025-10-07,Referral
CUST05686,Customer 05686,Spain,Europe,SMB,2025-01-31,Paid Search
CUST05687,Customer 05687,Italy,Europe,Enterprise,2024-11-25,Organic
CUST05688,Customer 05688,France,Europe,SMB,2025-12-31,Referral
CUST05689,Customer 05689,Canada,North America,Mid-Market,2025-09-29,Organic
CUST05690,Customer 05690,Brazil,South America,SMB,2024-10-09,Social
CUST05691,Customer 05691,Canada,North America,Enterprise,2024-12-14,Referral
CUST05692,Customer 05692,United Kingdom,Europe,SMB,2025-11-19,Referral
CUST05693,Customer 05693,Canada,North America,SMB,2025-11-04,Organic
CUST05694,Customer 05694,Argentina,South America,Enterprise,2025-04-05,Paid Search
CUST05695,Customer 05695,Canada,North America,Mid-Market,2025-04-19,Paid Search
CUST05696,Customer 05696,South Korea,Asia,SMB,2025-06-22,Social
CUST05697,Customer 05697,United Kingdom,Europe,SMB,2024-07-30,Organic
CUST05698,Customer 05698,Australia,Oceania,SMB,2025-11-01,Paid Search
CUST05699,Customer 05699,Chile,South America,Enterprise,2024-08-02,Partner
CUST05700,Customer 05700,Italy,Europe,Mid-Market,2025-08-30,Paid Search
CUST05701,Customer 05701,Chile,South America,Enterprise,2025-08-22,Referral
CUST05702,Customer 05702,Italy,Europe,Enterprise,2024-07-30,Social
CUST05703,Customer 05703,Germany,Europe,SMB,2025-08-13,Paid Search
CUST05704,Customer 05704,Mexico,North America,Mid-Market,2025-09-25,Organic
CUST05705,Customer 05705,Mexico,North America,Mid-Market,2024-12-29,Social
CUST05706,Customer 05706,India,Asia,Mid-Market,2025-01-29,Organic
CUST05707,Customer 05707,Australia,Oceania,Mid-Market,2025-01-07,Partner
CUST05708,Customer 05708,Brazil,South America,SMB,2024-02-02,Organic
CUST05709,Customer 05709,Spain,Europe,Enterprise,2025-01-30,Organic
CUST05710,Customer 05710,Mexico,North America,Mid-Market,2025-05-07,Paid Search
CUST05711,Customer 05711,United States,North America,Enterprise,2025-02-14,Partner
CUST05712,Customer 05712,Canada,North America,SMB,2024-12-31,Organic
CUST05713,Customer 05713,Australia,Oceania,SMB,2025-01-01,Organic
CUST05714,Customer 05714,United States,North America,Mid-Market,2025-01-27,Organic
CUST05715,Customer 05715,France,Europe,Mid-Market,2025-11-10,Organic
CUST05716,Customer 05716,Germany,Europe,SMB,2024-10-27,Organic
CUST05717,Customer 05717,Chile,South America,SMB,2024-06-12,Social
CUST05718,Customer 05718,New Zealand,Oceania,Mid-Market,2024-02-16,Referral
CUST05719,Customer 05719,Germany,Europe,Enterprise,2025-09-28,Paid Search
CUST05720,Customer 05720,United Kingdom,Europe,SMB,2024-05-11,Organic
CUST05721,Customer 05721,United States,North America,SMB,2024-10-31,Organic
CUST05722,Customer 05722,United Kingdom,Europe,SMB,2025-07-06,Paid Search
CUST05723,Customer 05723,Spain,Europe,SMB,2024-05-10,Paid Search
CUST05724,Customer 05724,Chile,South America,SMB,2024-06-20,Social
CUST05725,Customer 05725,Chile,South America,SMB,2025-04-09,Organic
CUST05726,Customer 05726,Brazil,South America,Mid-Market,2025-04-03,Paid Search
CUST05727,Customer 05727,United States,North America,SMB,2024-06-26,Referral
CUST05728,Customer 05728,India,Asia,SMB,2025-01-31,Paid Search
CUST05729,Customer 05729,Australia,Oceania,Enterprise,2025-05-29,Partner
CUST05730,Customer 05730,South Korea,Asia,SMB,2024-06-10,Referral
CUST05731,Customer 05731,South Korea,Asia,Mid-Market,2024-11-20,Organic
CUST05732,Customer 05732,Chile,South America,SMB,2024-07-24,Partner
CUST05733,Customer 05733,United States,North America,Mid-Market,2025-11-18,Paid Search
CUST05734,Customer 05734,Brazil,South America,Mid-Market,2024-10-07,Organic
CUST05735,Customer 05735,Italy,Europe,SMB,2025-09-17,Referral
CUST05736,Customer 05736,New Zealand,Oceania,Mid-Market,2025-10-05,Referral
CUST05737,Customer 05737,Canada,North America,Mid-Market,2024-05-02,Organic
CUST05738,Customer 05738,United States,North America,SMB,2025-11-19,Paid Search
CUST05739,Customer 05739,Australia,Oceania,Mid-Market,2024-02-05,Partner
CUST05740,Customer 05740,India,Asia,SMB,2024-10-09,Referral
CUST05741,Customer 05741,Canada,North America,SMB,2024-04-26,Paid Search
CUST05742,Customer 05742,Mexico,North America,Enterprise,2024-02-03,Paid Search
CUST05743,Customer 05743,United States,North America,SMB,2025-02-07,Referral
CUST05744,Customer 05744,Brazil,South America,SMB,2025-03-15,Referral
CUST05745,Customer 05745,Mexico,North America,SMB,2025-03-01,Organic
CUST05746,Customer 05746,Germany,Europe,Enterprise,2024-11-01,Paid Search
CUST05747,Customer 05747,Spain,Europe,SMB,2025-07-29,Paid Search
CUST05748,Customer 05748,New Zealand,Oceania,SMB,2024-12-25,Referral
CUST05749,Customer 05749,Australia,Oceania,Mid-Market,2025-01-26,Referral
CUST05750,Customer 05750,Australia,Oceania,Mid-Market,2024-11-19,Referral
CUST05751,Customer 05751,France,Europe,SMB,2024-05-31,Referral
CUST05752,Customer 05752,Japan,Asia,Enterprise,2025-04-23,Paid Search
CUST05753,Customer 05753,Mexico,North America,SMB,2025-08-29,Partner
CUST05754,Customer 05754,Mexico,North America,Mid-Market,2024-08-10,Social
CUST05755,Customer 05755,France,Europe,Mid-Market,2024-12-04,Partner
CUST05756,Customer 05756,United States,North America,SMB,2025-10-14,Partner
CUST05757,Customer 05757,United Kingdom,Europe,Enterprise,2024-05-31,Social
CUST05758,Customer 05758,South Korea,Asia,Mid-Market,2024-11-03,Organic
CUST05759,Customer 05759,Italy,Europe,SMB,2024-07-16,Paid Search
CUST05760,Customer 05760,France,Europe,SMB,2024-09-06,Paid Search
CUST05761,Customer 05761,United Kingdom,Europe,SMB,2024-12-01,Paid Search
CUST05762,Customer 05762,Australia,Oceania,Enterprise,2025-11-05,Partner
CUST05763,Customer 05763,Canada,North America,SMB,2024-01-10,Paid Search
CUST05764,Customer 05764,New Zealand,Oceania,Enterprise,2024-09-18,Organic
CUST05765,Customer 05765,Japan,Asia,SMB,2025-09-24,Organic
CUST05766,Customer 05766,Japan,Asia,Enterprise,2024-03-01,Organic
CUST05767,Customer 05767,Singapore,Asia,Mid-Market,2025-01-05,Paid Search
CUST05768,Customer 05768,Mexico,North America,SMB,2024-04-23,Organic
CUST05769,Customer 05769,South Korea,Asia,SMB,2025-02-12,Organic
CUST05770,Customer 05770,Mexico,North America,Mid-Market,2025-06-06,Paid Search
CUST05771,Customer 05771,Brazil,South America,SMB,2025-04-09,Referral
CUST05772,Customer 05772,Chile,South America,SMB,2025-02-15,Referral
CUST05773,Customer 05773,Germany,Europe,Mid-Market,2025-06-26,Organic
CUST05774,Customer 05774,United States,North America,Enterprise,2025-01-25,Social
CUST05775,Customer 05775,United Kingdom,Europe,Mid-Market,2025-03-23,Organic
CUST05776,Customer 05776,France,Europe,Enterprise,2024-02-29,Referral
CUST05777,Customer 05777,Mexico,North America,Mid-Market,2024-01-16,Partner
CUST05778,Customer 05778,Mexico,North America,Mid-Market,2024-04-29,Partner
CUST05779,Customer 05779,Canada,North America,SMB,2025-01-29,Paid Search
CUST05780,Customer 05780,United Kingdom,Europe,Mid-Market,2024-10-16,Organic
CUST05781,Customer 05781,New Zealand,Oceania,Mid-Market,2024-09-24,Partner
CUST05782,Customer 05782,New Zealand,Oceania,Mid-Market,2024-11-23,Referral
CUST05783,Customer 05783,Singapore,Asia,Enterprise,2025-12-24,Partner
CUST05784,Customer 05784,Chile,South America,SMB,2024-10-02,Paid Search
CUST05785,Customer 05785,Germany,Europe,Mid-Market,2024-11-20,Social
CUST05786,Customer 05786,United States,North America,SMB,2025-01-02,Social
CUST05787,Customer 05787,Brazil,South America,SMB,2025-07-19,Referral
CUST05788,Customer 05788,Brazil,South America,SMB,2025-06-20,Social
CUST05789,Customer 05789,Brazil,South America,Enterprise,2025-12-16,Paid Search
CUST05790,Customer 05790,South Korea,Asia,SMB,2025-04-09,Organic
CUST05791,Customer 05791,Chile,South America,Mid-Market,2025-11-28,Referral
CUST05792,Customer 05792,Canada,North America,Mid-Market,2025-03-22,Referral
CUST05793,Customer 05793,United Kingdom,Europe,Enterprise,2025-01-28,Paid Search
CUST05794,Customer 05794,France,Europe,Mid-Market,2025-02-11,Organic
CUST05795,Customer 05795,United States,North America,SMB,2024-12-16,Referral
CUST05796,Customer 05796,Canada,North America,SMB,2024-05-26,Organic
CUST05797,Customer 05797,United States,North America,Mid-Market,2024-09-24,Partner
CUST05798,Customer 05798,New Zealand,Oceania,SMB,2025-03-17,Social
CUST05799,Customer 05799,Canada,North America,SMB,2025-03-19,Organic
CUST05800,Customer 05800,Japan,Asia,SMB,2024-04-25,Partner
CUST05801,Customer 05801,India,Asia,SMB,2025-08-10,Organic
CUST05802,Customer 05802,United States,North America,Enterprise,2025-06-05,Paid Search
CUST05803,Customer 05803,United States,North America,Enterprise,2025-01-18,Social
CUST05804,Customer 05804,Mexico,North America,Mid-Market,2024-11-26,Organic
CUST05805,Customer 05805,Canada,North America,SMB,2025-02-11,Organic
CUST05806,Customer 05806,Mexico,North America,Enterprise,2025-03-01,Social
CUST05807,Customer 05807,Canada,North America,Mid-Market,2024-11-08,Organic
CUST05808,Customer 05808,Chile,South America,Enterprise,2025-09-22,Paid Search
CUST05809,Customer 05809,Italy,Europe,SMB,2024-04-25,Paid Search
CUST05810,Customer 05810,United States,North America,SMB,2024-09-29,Organic
CUST05811,Customer 05811,United States,North America,Mid-Market,2024-10-17,Organic
CUST05812,Customer 05812,Spain,Europe,Enterprise,2024-03-13,Partner
CUST05813,Customer 05813,United States,North America,SMB,2024-03-06,Paid Search
CUST05814,Customer 05814,Mexico,North America,SMB,2025-10-13,Paid Search
CUST05815,Customer 05815,Canada,North America,Mid-Market,2025-07-20,Referral
CUST05816,Customer 05816,Mexico,North America,Enterprise,2024-09-23,Paid Search
CUST05817,Customer 05817,Japan,Asia,Mid-Market,2024-07-13,Paid Search
CUST05818,Customer 05818,France,Europe,Enterprise,2024-10-24,Social
CUST05819,Customer 05819,Singapore,Asia,Mid-Market,2025-05-30,Partner
CUST05820,Customer 05820,India,Asia,Enterprise,2024-08-04,Referral
CUST05821,Customer 05821,United States,North America,SMB,2024-02-18,Paid Search
CUST05822,Customer 05822,Argentina,South America,SMB,2024-11-03,Partner
CUST05823,Customer 05823,United States,North America,Mid-Market,2025-03-13,Referral
CUST05824,Customer 05824,France,Europe,Mid-Market,2025-01-15,Paid Search
CUST05825,Customer 05825,Thailand,Asia,SMB,2024-05-05,Paid Search
CUST05826,Customer 05826,France,Europe,SMB,2025-09-08,Organic
CUST05827,Customer 05827,Mexico,North America,Mid-Market,2025-04-06,Social
CUST05828,Customer 05828,Spain,Europe,Mid-Market,2025-06-10,Referral
CUST05829,Customer 05829,Mexico,North America,SMB,2025-12-01,Paid Search
CUST05830,Customer 05830,United States,North America,Enterprise,2025-01-10,Paid Search
CUST05831,Customer 05831,United States,North America,SMB,2025-02-27,Social
CUST05832,Customer 05832,Thailand,Asia,SMB,2025-07-12,Paid Search
CUST05833,Customer 05833,India,Asia,SMB,2025-07-19,Partner
CUST05834,Customer 05834,Canada,North America,SMB,2025-09-11,Partner
CUST05835,Customer 05835,Canada,North America,SMB,2025-05-29,Social
CUST05836,Customer 05836,Spain,Europe,Mid-Market,2024-02-12,Paid Search
CUST05837,Customer 05837,Chile,South America,Mid-Market,2024-09-13,Partner
CUST05838,Customer 05838,United States,North America,SMB,2025-03-08,Paid Search
CUST05839,Customer 05839,Singapore,Asia,Enterprise,2024-11-21,Social
CUST05840,Customer 05840,Italy,Europe,Enterprise,2024-02-01,Organic
CUST05841,Customer 05841,Thailand,Asia,SMB,2024-07-14,Referral
CUST05842,Customer 05842,Singapore,Asia,SMB,2024-08-13,Paid Search
CUST05843,Customer 05843,India,Asia,SMB,2024-01-27,Partner
CUST05844,Customer 05844,Mexico,North America,Mid-Market,2025-07-11,Organic
CUST05845,Customer 05845,Singapore,Asia,SMB,2024-10-03,Organic
CUST05846,Customer 05846,Brazil,South America,Mid-Market,2025-08-01,Partner
CUST05847,Customer 05847,Australia,Oceania,Mid-Market,2025-09-28,Paid Search
CUST05848,Customer 05848,France,Europe,Mid-Market,2025-10-08,Paid Search
CUST05849,Customer 05849,Italy,Europe,SMB,2025-10-25,Organic
CUST05850,Customer 05850,Mexico,North America,SMB,2024-12-30,Social
CUST05851,Customer 05851,Australia,Oceania,SMB,2024-06-26,Referral
CUST05852,Customer 05852,Brazil,South America,Mid-Market,2024-03-02,Referral
CUST05853,Customer 05853,Spain,Europe,Mid-Market,2025-04-01,Partner
CUST05854,Customer 05854,South Korea,Asia,Mid-Market,2024-04-02,Partner
CUST05855,Customer 05855,United Kingdom,Europe,Mid-Market,2024-06-25,Paid Search
CUST05856,Customer 05856,Brazil,South America,SMB,2024-06-27,Organic
CUST05857,Customer 05857,Mexico,North America,SMB,2024-07-18,Referral
CUST05858,Customer 05858,United States,North America,SMB,2024-09-29,Referral
CUST05859,Customer 05859,Canada,North America,SMB,2024-08-30,Organic
CUST05860,Customer 05860,Singapore,Asia,SMB,2025-01-19,Partner
CUST05861,Customer 05861,Canada,North America,SMB,2025-11-30,Paid Search
CUST05862,Customer 05862,United Kingdom,Europe,Mid-Market,2025-04-17,Paid Search
CUST05863,Customer 05863,Canada,North America,SMB,2025-05-09,Paid Search
CUST05864,Customer 05864,Canada,North America,SMB,2024-04-28,Social
CUST05865,Customer 05865,Canada,North America,SMB,2024-03-24,Organic
CUST05866,Customer 05866,Singapore,Asia,SMB,2024-05-18,Paid Search
CUST05867,Customer 05867,Chile,South America,SMB,2025-09-12,Paid Search
CUST05868,Customer 05868,Mexico,North America,SMB,2024-05-06,Social
CUST05869,Customer 05869,Germany,Europe,SMB,2025-12-20,Paid Search
CUST05870,Customer 05870,Spain,Europe,Enterprise,2025-07-05,Paid Search
CUST05871,Customer 05871,United States,North America,SMB,2025-08-29,Social
CUST05872,Customer 05872,Japan,Asia,SMB,2024-08-08,Referral
CUST05873,Customer 05873,France,Europe,SMB,2024-04-24,Organic
CUST05874,Customer 05874,France,Europe,SMB,2024-05-01,Organic
CUST05875,Customer 05875,France,Europe,Mid-Market,2025-09-19,Referral
CUST05876,Customer 05876,Japan,Asia,SMB,2024-11-11,Paid Search
CUST05877,Customer 05877,Canada,North America,Enterprise,2024-10-26,Organic
CUST05878,Customer 05878,Italy,Europe,Enterprise,2024-06-29,Paid Search
CUST05879,Customer 05879,Mexico,North America,Mid-Market,2024-09-17,Social
CUST05880,Customer 05880,Japan,Asia,SMB,2024-09-26,Referral
CUST05881,Customer 05881,Japan,Asia,SMB,2025-07-01,Referral
CUST05882,Customer 05882,Italy,Europe,SMB,2025-08-25,Organic
CUST05883,Customer 05883,United States,North America,Mid-Market,2024-12-07,Paid Search
CUST05884,Customer 05884,Australia,Oceania,SMB,2024-09-01,Social
CUST05885,Customer 05885,Japan,Asia,Mid-Market,2024-11-26,Referral
CUST05886,Customer 05886,Italy,Europe,SMB,2024-05-07,Organic
CUST05887,Customer 05887,India,Asia,SMB,2024-02-20,Referral
CUST05888,Customer 05888,Spain,Europe,SMB,2024-06-18,Organic
CUST05889,Customer 05889,Brazil,South America,SMB,2024-01-18,Paid Search
CUST05890,Customer 05890,United Kingdom,Europe,Mid-Market,2024-01-26,Organic
CUST05891,Customer 05891,New Zealand,Oceania,Mid-Market,2024-06-23,Partner
CUST05892,Customer 05892,Canada,North America,SMB,2025-10-20,Referral
CUST05893,Customer 05893,Canada,North America,SMB,2024-05-15,Paid Search
CUST05894,Customer 05894,Brazil,South America,Enterprise,2025-05-24,Paid Search
CUST05895,Customer 05895,Italy,Europe,SMB,2024-04-17,Partner
CUST05896,Customer 05896,Canada,North America,Mid-Market,2024-12-04,Organic
CUST05897,Customer 05897,France,Europe,SMB,2025-03-19,Organic
CUST05898,Customer 05898,Brazil,South America,Mid-Market,2025-02-13,Partner
CUST05899,Customer 05899,Canada,North America,Mid-Market,2025-08-07,Partner
CUST05900,Customer 05900,Spain,Europe,SMB,2024-07-04,Organic
CUST05901,Customer 05901,Chile,South America,SMB,2025-06-26,Organic
CUST05902,Customer 05902,France,Europe,SMB,2024-10-22,Referral
CUST05903,Customer 05903,France,Europe,SMB,2024-11-21,Organic
CUST05904,Customer 05904,United States,North America,Mid-Market,2024-08-21,Referral
CUST05905,Customer 05905,Singapore,Asia,SMB,2025-12-29,Referral
CUST05906,Customer 05906,Brazil,South America,SMB,2025-08-25,Referral
CUST05907,Customer 05907,Mexico,North America,Mid-Market,2024-12-04,Paid Search
CUST05908,Customer 05908,Canada,North America,Enterprise,2025-06-27,Partner
CUST05909,Customer 05909,Japan,Asia,SMB,2025-10-31,Social
CUST05910,Customer 05910,Spain,Europe,Mid-Market,2024-07-26,Referral
CUST05911,Customer 05911,New Zealand,Oceania,SMB,2024-08-26,Paid Search
CUST05912,Customer 05912,France,Europe,Mid-Market,2025-07-11,Social
CUST05913,Customer 05913,United States,North America,SMB,2024-07-26,Paid Search
CUST05914,Customer 05914,Japan,Asia,Mid-Market,2024-03-09,Organic
CUST05915,Customer 05915,Japan,Asia,SMB,2025-03-11,Organic
CUST05916,Customer 05916,Canada,North America,SMB,2024-05-28,Paid Search
CUST05917,Customer 05917,Mexico,North America,Mid-Market,2025-03-04,Organic
CUST05918,Customer 05918,Mexico,North America,SMB,2024-03-18,Partner
CUST05919,Customer 05919,Chile,South America,SMB,2024-12-15,Organic
CUST05920,Customer 05920,Thailand,Asia,SMB,2024-06-23,Paid Search
CUST05921,Customer 05921,India,Asia,Mid-Market,2025-01-21,Partner
CUST05922,Customer 05922,Germany,Europe,SMB,2024-06-14,Organic
CUST05923,Customer 05923,Mexico,North America,Mid-Market,2024-07-02,Referral
CUST05924,Customer 05924,South Korea,Asia,SMB,2025-10-20,Social
CUST05925,Customer 05925,United States,North America,Mid-Market,2025-12-18,Organic
CUST05926,Customer 05926,Italy,Europe,Enterprise,2024-08-27,Paid Search
CUST05927,Customer 05927,Brazil,South America,SMB,2025-04-16,Organic
CUST05928,Customer 05928,Chile,South America,Mid-Market,2024-09-16,Referral
CUST05929,Customer 05929,Chile,South America,SMB,2024-05-04,Paid Search
CUST05930,Customer 05930,United Kingdom,Europe,SMB,2024-03-13,Social
CUST05931,Customer 05931,New Zealand,Oceania,Mid-Market,2025-10-12,Referral
CUST05932,Customer 05932,Italy,Europe,Enterprise,2024-02-18,Referral
CUST05933,Customer 05933,Thailand,Asia,Mid-Market,2024-12-25,Social
CUST05934,Customer 05934,United Kingdom,Europe,Enterprise,2024-06-09,Organic
CUST05935,Customer 05935,Japan,Asia,SMB,2025-07-09,Partner
CUST05936,Customer 05936,United States,North America,Mid-Market,2024-04-08,Referral
CUST05937,Customer 05937,France,Europe,SMB,2025-02-25,Referral
CUST05938,Customer 05938,India,Asia,Enterprise,2024-09-08,Referral
CUST05939,Customer 05939,Mexico,North America,Mid-Market,2025-01-15,Organic
CUST05940,Customer 05940,Argentina,South America,SMB,2024-05-15,Partner
CUST05941,Customer 05941,Mexico,North America,Mid-Market,2024-03-26,Referral
CUST05942,Customer 05942,United States,North America,Mid-Market,2024-05-10,Partner
CUST05943,Customer 05943,France,Europe,Enterprise,2025-02-25,Partner
CUST05944,Customer 05944,Argentina,South America,Mid-Market,2025-04-18,Paid Search
CUST05945,Customer 05945,Germany,Europe,Enterprise,2025-10-23,Social
CUST05946,Customer 05946,Thailand,Asia,SMB,2025-11-19,Organic
CUST05947,Customer 05947,United Kingdom,Europe,SMB,2025-07-04,Organic
CUST05948,Customer 05948,Mexico,North America,Mid-Market,2024-01-10,Paid Search
CUST05949,Customer 05949,Thailand,Asia,SMB,2025-05-29,Organic
CUST05950,Customer 05950,United States,North America,SMB,2025-05-30,Referral
CUST05951,Customer 05951,Thailand,Asia,Enterprise,2025-05-31,Organic
CUST05952,Customer 05952,India,Asia,Enterprise,2025-04-26,Referral
CUST05953,Customer 05953,Thailand,Asia,Enterprise,2025-05-17,Social
CUST05954,Customer 05954,Italy,Europe,SMB,2025-03-03,Partner
CUST05955,Customer 05955,Thailand,Asia,SMB,2025-03-28,Paid Search
CUST05956,Customer 05956,Canada,North America,Enterprise,2025-05-21,Social
CUST05957,Customer 05957,United States,North America,SMB,2024-02-01,Partner
CUST05958,Customer 05958,Germany,Europe,SMB,2025-01-06,Partner
CUST05959,Customer 05959,United States,North America,SMB,2024-04-03,Organic
CUST05960,Customer 05960,Thailand,Asia,Enterprise,2025-11-08,Referral
CUST05961,Customer 05961,United Kingdom,Europe,SMB,2025-12-24,Organic
CUST05962,Customer 05962,France,Europe,SMB,2024-04-25,Organic
CUST05963,Customer 05963,India,Asia,SMB,2025-10-13,Organic
CUST05964,Customer 05964,India,Asia,SMB,2024-12-12,Referral
CUST05965,Customer 05965,United States,North America,Mid-Market,2025-05-06,Organic
CUST05966,Customer 05966,Italy,Europe,Mid-Market,2025-04-22,Paid Search
CUST05967,Customer 05967,Mexico,North America,Mid-Market,2024-03-27,Referral
CUST05968,Customer 05968,South Korea,Asia,SMB,2025-10-26,Paid Search
CUST05969,Customer 05969,Mexico,North America,SMB,2025-04-13,Paid Search
CUST05970,Customer 05970,Canada,North America,SMB,2024-12-22,Partner
CUST05971,Customer 05971,Japan,Asia,Enterprise,2025-03-25,Social
CUST05972,Customer 05972,Italy,Europe,SMB,2025-12-15,Partner
CUST05973,Customer 05973,United States,North America,SMB,2025-04-18,Referral
CUST05974,Customer 05974,New Zealand,Oceania,SMB,2025-04-24,Organic
CUST05975,Customer 05975,New Zealand,Oceania,Enterprise,2025-10-02,Organic
CUST05976,Customer 05976,Germany,Europe,Mid-Market,2025-05-26,Paid Search
CUST05977,Customer 05977,United States,North America,SMB,2024-04-14,Social
CUST05978,Customer 05978,South Korea,Asia,Mid-Market,2025-08-21,Organic
CUST05979,Customer 05979,Italy,Europe,SMB,2025-10-19,Organic
CUST05980,Customer 05980,United States,North America,Mid-Market,2025-06-20,Partner
CUST05981,Customer 05981,Mexico,North America,Enterprise,2024-04-21,Referral
CUST05982,Customer 05982,Canada,North America,Mid-Market,2025-01-17,Paid Search
CUST05983,Customer 05983,Chile,South America,Enterprise,2024-02-09,Partner
CUST05984,Customer 05984,Singapore,Asia,SMB,2025-07-18,Referral
CUST05985,Customer 05985,Canada,North America,SMB,2025-11-30,Social
CUST05986,Customer 05986,Japan,Asia,Mid-Market,2024-01-27,Paid Search
CUST05987,Customer 05987,Germany,Europe,Mid-Market,2024-03-20,Paid Search
CUST05988,Customer 05988,India,Asia,SMB,2025-11-12,Organic
CUST05989,Customer 05989,Australia,Oceania,SMB,2025-08-07,Paid Search
CUST05990,Customer 05990,Thailand,Asia,SMB,2025-08-24,Organic
CUST05991,Customer 05991,United Kingdom,Europe,SMB,2024-06-01,Organic
CUST05992,Customer 05992,Canada,North America,Enterprise,2025-04-11,Organic
CUST05993,Customer 05993,New Zealand,Oceania,SMB,2025-08-28,Paid Search
CUST05994,Customer 05994,New Zealand,Oceania,Mid-Market,2024-02-20,Organic
CUST05995,Customer 05995,United States,North America,SMB,2024-07-26,Organic
CUST05996,Customer 05996,Japan,Asia,Mid-Market,2024-08-03,Paid Search
CUST05997,Customer 05997,Canada,North America,Enterprise,2025-01-30,Organic
CUST05998,Customer 05998,Chile,South America,Mid-Market,2024-07-04,Organic
CUST05999,Customer 05999,Chile,South America,Mid-Market,2024-09-06,Social
CUST06000,Customer 06000,Argentina,South America,SMB,2024-07-06,Paid Search
CUST06001,Customer 06001,Japan,Asia,SMB,2024-02-16,Partner
CUST06002,Customer 06002,France,Europe,Mid-Market,2025-05-06,Organic
CUST06003,Customer 06003,United States,North America,Mid-Market,2025-04-11,Paid Search
CUST06004,Customer 06004,Italy,Europe,Mid-Market,2025-10-02,Organic
CUST06005,Customer 06005,Spain,Europe,Mid-Market,2025-02-25,Paid Search
CUST06006,Customer 06006,South Korea,Asia,SMB,2025-05-13,Partner
CUST06007,Customer 06007,United States,North America,SMB,2024-09-19,Partner
CUST06008,Customer 06008,Argentina,South America,Enterprise,2024-10-11,Paid Search
CUST06009,Customer 06009,Mexico,North America,Mid-Market,2024-10-28,Organic
CUST06010,Customer 06010,Argentina,South America,Mid-Market,2025-12-09,Referral
CUST06011,Customer 06011,Mexico,North America,Mid-Market,2024-12-11,Referral
CUST06012,Customer 06012,Canada,North America,Enterprise,2025-09-22,Paid Search
CUST06013,Customer 06013,United Kingdom,Europe,Enterprise,2024-08-22,Paid Search
CUST06014,Customer 06014,Canada,North America,SMB,2025-05-16,Paid Search
CUST06015,Customer 06015,France,Europe,Enterprise,2024-07-19,Paid Search
CUST06016,Customer 06016,United Kingdom,Europe,SMB,2024-10-17,Paid Search
CUST06017,Customer 06017,France,Europe,SMB,2025-09-19,Organic
CUST06018,Customer 06018,Chile,South America,Enterprise,2025-05-14,Referral
CUST06019,Customer 06019,Canada,North America,SMB,2024-12-21,Paid Search
CUST06020,Customer 06020,Australia,Oceania,SMB,2024-10-25,Paid Search
CUST06021,Customer 06021,New Zealand,Oceania,Mid-Market,2025-08-07,Paid Search
CUST06022,Customer 06022,Argentina,South America,Enterprise,2024-04-23,Referral
CUST06023,Customer 06023,Spain,Europe,SMB,2025-09-12,Paid Search
CUST06024,Customer 06024,Argentina,South America,Mid-Market,2025-03-28,Organic
CUST06025,Customer 06025,Chile,South America,SMB,2024-08-28,Paid Search
CUST06026,Customer 06026,Chile,South America,SMB,2025-05-25,Organic
CUST06027,Customer 06027,France,Europe,Mid-Market,2025-12-25,Paid Search
CUST06028,Customer 06028,France,Europe,Mid-Market,2024-09-12,Paid Search
CUST06029,Customer 06029,New Zealand,Oceania,Mid-Market,2024-10-14,Paid Search
CUST06030,Customer 06030,France,Europe,Mid-Market,2025-11-10,Paid Search
CUST06031,Customer 06031,South Korea,Asia,Enterprise,2024-09-08,Organic
CUST06032,Customer 06032,India,Asia,Mid-Market,2025-09-16,Paid Search
CUST06033,Customer 06033,Spain,Europe,SMB,2025-10-19,Organic
CUST06034,Customer 06034,Italy,Europe,Mid-Market,2025-03-02,Social
CUST06035,Customer 06035,New Zealand,Oceania,Mid-Market,2024-03-01,Referral
CUST06036,Customer 06036,Argentina,South America,SMB,2024-02-14,Referral
CUST06037,Customer 06037,New Zealand,Oceania,Mid-Market,2024-07-24,Organic
CUST06038,Customer 06038,Japan,Asia,Mid-Market,2024-01-13,Social
CUST06039,Customer 06039,France,Europe,SMB,2025-07-11,Referral
CUST06040,Customer 06040,Japan,Asia,SMB,2025-04-12,Paid Search
CUST06041,Customer 06041,India,Asia,SMB,2024-11-28,Referral
CUST06042,Customer 06042,Spain,Europe,SMB,2025-08-17,Paid Search
CUST06043,Customer 06043,Mexico,North America,Enterprise,2024-04-07,Social
CUST06044,Customer 06044,Australia,Oceania,SMB,2024-12-31,Organic
CUST06045,Customer 06045,Mexico,North America,Mid-Market,2024-09-04,Partner
CUST06046,Customer 06046,South Korea,Asia,Mid-Market,2024-01-18,Social
CUST06047,Customer 06047,Singapore,Asia,SMB,2024-12-15,Paid Search
CUST06048,Customer 06048,Germany,Europe,SMB,2024-04-15,Partner
CUST06049,Customer 06049,Singapore,Asia,SMB,2024-02-03,Organic
CUST06050,Customer 06050,United States,North America,SMB,2024-06-03,Referral
CUST06051,Customer 06051,South Korea,Asia,SMB,2024-05-22,Paid Search
CUST06052,Customer 06052,United States,North America,SMB,2025-04-03,Paid Search
CUST06053,Customer 06053,Argentina,South America,Mid-Market,2025-08-02,Paid Search
CUST06054,Customer 06054,France,Europe,Mid-Market,2024-12-21,Referral
CUST06055,Customer 06055,Germany,Europe,SMB,2025-04-13,Referral
CUST06056,Customer 06056,United Kingdom,Europe,SMB,2024-03-15,Organic
CUST06057,Customer 06057,France,Europe,Enterprise,2025-07-29,Paid Search
CUST06058,Customer 06058,United States,North America,SMB,2025-01-01,Organic
CUST06059,Customer 06059,Chile,South America,Mid-Market,2024-11-09,Referral
CUST06060,Customer 06060,Argentina,South America,SMB,2025-09-27,Organic
CUST06061,Customer 06061,Canada,North America,Enterprise,2024-08-17,Paid Search
CUST06062,Customer 06062,India,Asia,SMB,2024-11-16,Social
CUST06063,Customer 06063,France,Europe,SMB,2025-11-07,Social
CUST06064,Customer 06064,Japan,Asia,Mid-Market,2024-04-19,Paid Search
CUST06065,Customer 06065,South Korea,Asia,SMB,2025-01-16,Organic
CUST06066,Customer 06066,Brazil,South America,Mid-Market,2025-02-26,Referral
CUST06067,Customer 06067,Thailand,Asia,SMB,2025-05-26,Paid Search
CUST06068,Customer 06068,Germany,Europe,SMB,2025-11-10,Organic
CUST06069,Customer 06069,South Korea,Asia,SMB,2024-09-08,Social
CUST06070,Customer 06070,Germany,Europe,Mid-Market,2024-03-25,Paid Search
CUST06071,Customer 06071,New Zealand,Oceania,Enterprise,2024-10-18,Paid Search
CUST06072,Customer 06072,Italy,Europe,SMB,2024-04-24,Paid Search
CUST06073,Customer 06073,Spain,Europe,Enterprise,2025-06-16,Partner
CUST06074,Customer 06074,Spain,Europe,Mid-Market,2025-02-18,Partner
CUST06075,Customer 06075,Chile,South America,SMB,2025-07-07,Organic
CUST06076,Customer 06076,Canada,North America,SMB,2024-09-05,Referral
CUST06077,Customer 06077,Mexico,North America,SMB,2025-11-28,Partner
CUST06078,Customer 06078,India,Asia,SMB,2025-10-16,Referral
CUST06079,Customer 06079,Italy,Europe,Mid-Market,2025-10-31,Organic
CUST06080,Customer 06080,Chile,South America,SMB,2025-06-05,Paid Search
CUST06081,Customer 06081,France,Europe,SMB,2024-05-16,Partner
CUST06082,Customer 06082,Spain,Europe,Mid-Market,2024-04-17,Organic
CUST06083,Customer 06083,Canada,North America,SMB,2025-11-30,Paid Search
CUST06084,Customer 06084,United Kingdom,Europe,Enterprise,2025-09-28,Referral
CUST06085,Customer 06085,France,Europe,Mid-Market,2025-10-05,Referral
CUST06086,Customer 06086,Brazil,South America,SMB,2025-04-14,Organic
CUST06087,Customer 06087,Thailand,Asia,SMB,2025-09-18,Organic
CUST06088,Customer 06088,Italy,Europe,SMB,2024-12-26,Referral
CUST06089,Customer 06089,Singapore,Asia,Enterprise,2024-04-28,Organic
CUST06090,Customer 06090,Mexico,North America,SMB,2024-07-06,Paid Search
CUST06091,Customer 06091,Germany,Europe,Enterprise,2025-09-14,Paid Search
CUST06092,Customer 06092,Italy,Europe,Enterprise,2025-04-19,Organic
CUST06093,Customer 06093,Canada,North America,SMB,2025-12-30,Paid Search
CUST06094,Customer 06094,Canada,North America,Mid-Market,2025-10-18,Social
CUST06095,Customer 06095,Australia,Oceania,Mid-Market,2025-07-09,Paid Search
CUST06096,Customer 06096,South Korea,Asia,SMB,2024-01-29,Organic
CUST06097,Customer 06097,Italy,Europe,Enterprise,2024-05-15,Organic
CUST06098,Customer 06098,Mexico,North America,SMB,2024-10-01,Paid Search
CUST06099,Customer 06099,Canada,North America,Enterprise,2024-01-27,Paid Search
CUST06100,Customer 06100,Germany,Europe,Mid-Market,2025-11-14,Partner
CUST06101,Customer 06101,United States,North America,SMB,2024-06-15,Referral
CUST06102,Customer 06102,Germany,Europe,SMB,2024-10-06,Paid Search
CUST06103,Customer 06103,Brazil,South America,SMB,2025-05-08,Paid Search
CUST06104,Customer 06104,Chile,South America,SMB,2024-01-27,Paid Search
CUST06105,Customer 06105,India,Asia,Mid-Market,2025-04-10,Organic
CUST06106,Customer 06106,Australia,Oceania,SMB,2024-03-15,Paid Search
CUST06107,Customer 06107,Australia,Oceania,Enterprise,2025-10-21,Organic
CUST06108,Customer 06108,France,Europe,SMB,2025-05-19,Paid Search
CUST06109,Customer 06109,South Korea,Asia,SMB,2024-09-02,Paid Search
CUST06110,Customer 06110,United States,North America,SMB,2025-05-26,Partner
CUST06111,Customer 06111,United Kingdom,Europe,SMB,2024-08-17,Organic
CUST06112,Customer 06112,Japan,Asia,Mid-Market,2024-03-25,Social
CUST06113,Customer 06113,Thailand,Asia,SMB,2024-01-08,Paid Search
CUST06114,Customer 06114,Australia,Oceania,Mid-Market,2024-06-09,Referral
CUST06115,Customer 06115,Japan,Asia,Mid-Market,2025-06-01,Referral
CUST06116,Customer 06116,Canada,North America,SMB,2025-02-16,Partner
CUST06117,Customer 06117,Thailand,Asia,SMB,2024-07-18,Referral
CUST06118,Customer 06118,United Kingdom,Europe,SMB,2025-05-16,Organic
CUST06119,Customer 06119,Brazil,South America,SMB,2024-10-10,Paid Search
CUST06120,Customer 06120,United Kingdom,Europe,Mid-Market,2024-04-24,Social
CUST06121,Customer 06121,France,Europe,SMB,2025-05-11,Paid Search
CUST06122,Customer 06122,Japan,Asia,SMB,2024-11-29,Partner
CUST06123,Customer 06123,Mexico,North America,SMB,2025-04-30,Partner
CUST06124,Customer 06124,Thailand,Asia,SMB,2025-02-14,Paid Search
CUST06125,Customer 06125,France,Europe,Enterprise,2024-03-15,Partner
CUST06126,Customer 06126,Singapore,Asia,Mid-Market,2024-02-06,Paid Search
CUST06127,Customer 06127,United Kingdom,Europe,Mid-Market,2024-03-14,Organic
CUST06128,Customer 06128,Spain,Europe,SMB,2024-06-12,Referral
CUST06129,Customer 06129,Mexico,North America,SMB,2024-06-12,Partner
CUST06130,Customer 06130,France,Europe,SMB,2025-11-02,Paid Search
CUST06131,Customer 06131,India,Asia,Mid-Market,2025-07-26,Organic
CUST06132,Customer 06132,United States,North America,SMB,2025-10-05,Referral
CUST06133,Customer 06133,United States,North America,SMB,2024-12-12,Referral
CUST06134,Customer 06134,South Korea,Asia,Mid-Market,2024-08-23,Referral
CUST06135,Customer 06135,South Korea,Asia,Mid-Market,2024-10-21,Paid Search
CUST06136,Customer 06136,Spain,Europe,SMB,2025-09-26,Paid Search
CUST06137,Customer 06137,Australia,Oceania,SMB,2024-09-16,Paid Search
CUST06138,Customer 06138,Germany,Europe,Enterprise,2025-04-07,Organic
CUST06139,Customer 06139,Germany,Europe,SMB,2024-04-15,Partner
CUST06140,Customer 06140,South Korea,Asia,Enterprise,2025-12-18,Organic
CUST06141,Customer 06141,Germany,Europe,SMB,2025-04-14,Paid Search
CUST06142,Customer 06142,Italy,Europe,Enterprise,2025-12-07,Partner
CUST06143,Customer 06143,Spain,Europe,Enterprise,2024-08-03,Paid Search
CUST06144,Customer 06144,United States,North America,SMB,2025-03-26,Partner
CUST06145,Customer 06145,Mexico,North America,Mid-Market,2024-07-19,Organic
CUST06146,Customer 06146,Canada,North America,SMB,2024-12-07,Paid Search
CUST06147,Customer 06147,Mexico,North America,SMB,2024-08-24,Referral
CUST06148,Customer 06148,Japan,Asia,SMB,2024-04-14,Partner
CUST06149,Customer 06149,Australia,Oceania,Mid-Market,2024-11-19,Referral
CUST06150,Customer 06150,United States,North America,SMB,2025-01-22,Organic
CUST06151,Customer 06151,Chile,South America,SMB,2024-04-24,Organic
CUST06152,Customer 06152,Mexico,North America,Enterprise,2024-10-18,Partner
CUST06153,Customer 06153,India,Asia,Enterprise,2024-03-09,Referral
CUST06154,Customer 06154,Singapore,Asia,SMB,2025-04-16,Organic
CUST06155,Customer 06155,South Korea,Asia,SMB,2024-08-16,Paid Search
CUST06156,Customer 06156,Italy,Europe,SMB,2024-03-06,Organic
CUST06157,Customer 06157,Thailand,Asia,SMB,2025-01-10,Organic
CUST06158,Customer 06158,Italy,Europe,Enterprise,2025-09-02,Social
CUST06159,Customer 06159,Spain,Europe,Enterprise,2025-12-25,Paid Search
CUST06160,Customer 06160,New Zealand,Oceania,SMB,2025-12-07,Organic
CUST06161,Customer 06161,Mexico,North America,SMB,2024-05-06,Partner
CUST06162,Customer 06162,Canada,North America,SMB,2024-06-02,Social
CUST06163,Customer 06163,Singapore,Asia,SMB,2025-10-14,Partner
CUST06164,Customer 06164,Canada,North America,SMB,2025-04-07,Referral
CUST06165,Customer 06165,Chile,South America,SMB,2025-02-01,Social
CUST06166,Customer 06166,United States,North America,SMB,2025-08-09,Organic
CUST06167,Customer 06167,Mexico,North America,SMB,2024-02-17,Partner
CUST06168,Customer 06168,South Korea,Asia,Mid-Market,2025-02-09,Paid Search
CUST06169,Customer 06169,India,Asia,Mid-Market,2025-02-22,Organic
CUST06170,Customer 06170,Canada,North America,SMB,2025-11-14,Organic
CUST06171,Customer 06171,Australia,Oceania,SMB,2024-12-07,Organic
CUST06172,Customer 06172,South Korea,Asia,Mid-Market,2025-01-09,Partner
CUST06173,Customer 06173,Singapore,Asia,SMB,2025-08-08,Partner
CUST06174,Customer 06174,Japan,Asia,Enterprise,2024-07-16,Organic
CUST06175,Customer 06175,India,Asia,SMB,2024-02-21,Partner
CUST06176,Customer 06176,Australia,Oceania,Enterprise,2024-12-10,Partner
CUST06177,Customer 06177,Mexico,North America,SMB,2025-03-22,Organic
CUST06178,Customer 06178,Thailand,Asia,Mid-Market,2024-12-22,Referral
CUST06179,Customer 06179,Japan,Asia,SMB,2025-05-31,Organic
CUST06180,Customer 06180,Thailand,Asia,Mid-Market,2024-07-04,Organic
CUST06181,Customer 06181,United Kingdom,Europe,Mid-Market,2024-01-11,Paid Search
CUST06182,Customer 06182,Canada,North America,SMB,2025-07-29,Social
CUST06183,Customer 06183,Argentina,South America,Mid-Market,2025-09-13,Organic
CUST06184,Customer 06184,Mexico,North America,SMB,2025-03-27,Paid Search
CUST06185,Customer 06185,Spain,Europe,SMB,2024-08-17,Referral
CUST06186,Customer 06186,Canada,North America,SMB,2024-09-27,Referral
CUST06187,Customer 06187,Canada,North America,Mid-Market,2024-12-16,Social
CUST06188,Customer 06188,South Korea,Asia,Enterprise,2024-11-04,Paid Search
CUST06189,Customer 06189,Canada,North America,SMB,2024-06-12,Partner
CUST06190,Customer 06190,Canada,North America,Mid-Market,2024-09-28,Referral
CUST06191,Customer 06191,Argentina,South America,Enterprise,2024-08-05,Organic
CUST06192,Customer 06192,United Kingdom,Europe,Mid-Market,2024-11-23,Referral
CUST06193,Customer 06193,Germany,Europe,SMB,2024-10-01,Paid Search
CUST06194,Customer 06194,India,Asia,SMB,2025-01-21,Referral
CUST06195,Customer 06195,Italy,Europe,SMB,2025-08-12,Organic
CUST06196,Customer 06196,India,Asia,SMB,2024-08-29,Organic
CUST06197,Customer 06197,Canada,North America,SMB,2024-02-12,Social
CUST06198,Customer 06198,Italy,Europe,Mid-Market,2025-08-21,Social
CUST06199,Customer 06199,Japan,Asia,Mid-Market,2024-05-16,Paid Search
CUST06200,Customer 06200,Australia,Oceania,Mid-Market,2025-11-09,Partner
CUST06201,Customer 06201,Mexico,North America,SMB,2025-01-21,Social
CUST06202,Customer 06202,India,Asia,SMB,2025-01-17,Organic
CUST06203,Customer 06203,Mexico,North America,Mid-Market,2024-10-25,Referral
CUST06204,Customer 06204,Germany,Europe,SMB,2025-06-04,Organic
CUST06205,Customer 06205,Spain,Europe,Enterprise,2025-04-22,Partner
CUST06206,Customer 06206,Canada,North America,SMB,2025-11-11,Organic
CUST06207,Customer 06207,India,Asia,SMB,2024-01-13,Partner
CUST06208,Customer 06208,South Korea,Asia,Mid-Market,2024-05-20,Organic
CUST06209,Customer 06209,Germany,Europe,Mid-Market,2024-07-21,Paid Search
CUST06210,Customer 06210,Argentina,South America,SMB,2024-05-18,Partner
CUST06211,Customer 06211,United Kingdom,Europe,Mid-Market,2025-11-24,Organic
CUST06212,Customer 06212,Mexico,North America,SMB,2024-02-23,Social
CUST06213,Customer 06213,Singapore,Asia,SMB,2024-03-29,Organic
CUST06214,Customer 06214,Mexico,North America,SMB,2024-11-19,Paid Search
CUST06215,Customer 06215,United Kingdom,Europe,Mid-Market,2024-07-12,Referral
CUST06216,Customer 06216,France,Europe,Mid-Market,2024-08-30,Organic
CUST06217,Customer 06217,Canada,North America,SMB,2025-03-17,Referral
CUST06218,Customer 06218,Mexico,North America,Mid-Market,2025-02-13,Paid Search
CUST06219,Customer 06219,Italy,Europe,Mid-Market,2025-09-23,Referral
CUST06220,Customer 06220,India,Asia,SMB,2024-11-25,Referral
CUST06221,Customer 06221,South Korea,Asia,SMB,2025-11-16,Paid Search
CUST06222,Customer 06222,United Kingdom,Europe,SMB,2024-05-19,Organic
CUST06223,Customer 06223,Canada,North America,SMB,2024-05-22,Organic
CUST06224,Customer 06224,Germany,Europe,Enterprise,2024-10-12,Social
CUST06225,Customer 06225,Mexico,North America,Mid-Market,2024-03-26,Paid Search
CUST06226,Customer 06226,Germany,Europe,SMB,2024-01-22,Organic
CUST06227,Customer 06227,Thailand,Asia,SMB,2024-09-28,Organic
CUST06228,Customer 06228,India,Asia,SMB,2025-01-27,Partner
CUST06229,Customer 06229,Singapore,Asia,SMB,2024-07-22,Paid Search
CUST06230,Customer 06230,India,Asia,SMB,2024-07-17,Organic
CUST06231,Customer 06231,Australia,Oceania,SMB,2024-03-12,Partner
CUST06232,Customer 06232,Thailand,Asia,SMB,2024-03-23,Social
CUST06233,Customer 06233,Argentina,South America,SMB,2025-10-07,Partner
CUST06234,Customer 06234,United Kingdom,Europe,SMB,2024-02-18,Referral
CUST06235,Customer 06235,India,Asia,SMB,2025-05-28,Paid Search
CUST06236,Customer 06236,Spain,Europe,SMB,2025-06-06,Organic
CUST06237,Customer 06237,Japan,Asia,SMB,2024-05-28,Paid Search
CUST06238,Customer 06238,Canada,North America,SMB,2024-06-29,Referral
CUST06239,Customer 06239,Chile,South America,SMB,2024-09-25,Organic
CUST06240,Customer 06240,Canada,North America,Enterprise,2025-04-26,Paid Search
CUST06241,Customer 06241,Mexico,North America,SMB,2024-01-27,Referral
CUST06242,Customer 06242,Germany,Europe,Mid-Market,2025-08-19,Referral
CUST06243,Customer 06243,United Kingdom,Europe,SMB,2024-09-06,Organic
CUST06244,Customer 06244,Canada,North America,SMB,2024-12-31,Partner
CUST06245,Customer 06245,Germany,Europe,SMB,2025-10-27,Paid Search
CUST06246,Customer 06246,France,Europe,Mid-Market,2024-04-07,Referral
CUST06247,Customer 06247,New Zealand,Oceania,Enterprise,2025-11-23,Social
CUST06248,Customer 06248,New Zealand,Oceania,SMB,2025-03-25,Organic
CUST06249,Customer 06249,Mexico,North America,SMB,2024-11-08,Partner
CUST06250,Customer 06250,Thailand,Asia,Mid-Market,2024-02-22,Partner
CUST06251,Customer 06251,Chile,South America,SMB,2024-02-19,Social
CUST06252,Customer 06252,Germany,Europe,SMB,2025-08-20,Paid Search
CUST06253,Customer 06253,Thailand,Asia,Mid-Market,2024-10-20,Organic
CUST06254,Customer 06254,South Korea,Asia,SMB,2025-07-10,Organic
CUST06255,Customer 06255,New Zealand,Oceania,Mid-Market,2025-09-01,Partner
CUST06256,Customer 06256,New Zealand,Oceania,SMB,2024-10-20,Organic
CUST06257,Customer 06257,United States,North America,SMB,2024-08-19,Paid Search
CUST06258,Customer 06258,United Kingdom,Europe,Enterprise,2024-07-15,Social
CUST06259,Customer 06259,South Korea,Asia,SMB,2025-04-10,Paid Search
CUST06260,Customer 06260,Germany,Europe,SMB,2025-06-02,Organic
CUST06261,Customer 06261,Argentina,South America,SMB,2024-09-12,Partner
CUST06262,Customer 06262,Italy,Europe,SMB,2025-02-18,Organic
CUST06263,Customer 06263,United Kingdom,Europe,SMB,2025-01-29,Paid Search
CUST06264,Customer 06264,Mexico,North America,SMB,2024-04-16,Organic
CUST06265,Customer 06265,India,Asia,SMB,2025-01-19,Paid Search
CUST06266,Customer 06266,Argentina,South America,SMB,2025-07-08,Organic
CUST06267,Customer 06267,Spain,Europe,Mid-Market,2025-12-04,Partner
CUST06268,Customer 06268,Argentina,South America,SMB,2024-09-01,Paid Search
CUST06269,Customer 06269,Germany,Europe,Enterprise,2024-06-23,Paid Search
CUST06270,Customer 06270,Germany,Europe,SMB,2025-10-15,Social
CUST06271,Customer 06271,Singapore,Asia,SMB,2025-11-03,Partner
CUST06272,Customer 06272,Spain,Europe,Enterprise,2025-08-29,Referral
CUST06273,Customer 06273,United States,North America,Mid-Market,2024-09-02,Social
CUST06274,Customer 06274,Germany,Europe,SMB,2024-07-20,Organic
CUST06275,Customer 06275,France,Europe,SMB,2025-04-01,Referral
CUST06276,Customer 06276,United States,North America,Mid-Market,2024-07-05,Social
CUST06277,Customer 06277,Germany,Europe,SMB,2025-07-16,Referral
CUST06278,Customer 06278,United States,North America,SMB,2024-10-17,Paid Search
CUST06279,Customer 06279,Canada,North America,SMB,2024-08-27,Partner
CUST06280,Customer 06280,Spain,Europe,Mid-Market,2025-08-11,Organic
CUST06281,Customer 06281,United States,North America,Mid-Market,2024-09-16,Organic
CUST06282,Customer 06282,South Korea,Asia,SMB,2024-04-05,Referral
CUST06283,Customer 06283,Thailand,Asia,Enterprise,2025-08-04,Organic
CUST06284,Customer 06284,Germany,Europe,SMB,2024-08-19,Organic
CUST06285,Customer 06285,Chile,South America,Mid-Market,2025-04-24,Paid Search
CUST06286,Customer 06286,United States,North America,SMB,2025-04-26,Paid Search
CUST06287,Customer 06287,Mexico,North America,Mid-Market,2024-03-01,Paid Search
CUST06288,Customer 06288,New Zealand,Oceania,SMB,2024-01-25,Referral
CUST06289,Customer 06289,Thailand,Asia,SMB,2025-08-22,Referral
CUST06290,Customer 06290,Argentina,South America,SMB,2024-02-10,Referral
CUST06291,Customer 06291,Canada,North America,Enterprise,2024-08-30,Organic
CUST06292,Customer 06292,Australia,Oceania,SMB,2025-07-11,Paid Search
CUST06293,Customer 06293,Australia,Oceania,SMB,2024-05-09,Social
CUST06294,Customer 06294,New Zealand,Oceania,SMB,2025-01-16,Paid Search
CUST06295,Customer 06295,Germany,Europe,Mid-Market,2024-03-25,Organic
CUST06296,Customer 06296,United States,North America,Mid-Market,2025-02-11,Social
CUST06297,Customer 06297,Chile,South America,SMB,2025-06-05,Paid Search
CUST06298,Customer 06298,Canada,North America,SMB,2024-06-30,Paid Search
CUST06299,Customer 06299,Singapore,Asia,Mid-Market,2024-07-24,Organic
CUST06300,Customer 06300,Australia,Oceania,SMB,2025-01-23,Referral
CUST06301,Customer 06301,Germany,Europe,SMB,2025-08-01,Organic
CUST06302,Customer 06302,South Korea,Asia,SMB,2025-02-02,Referral
CUST06303,Customer 06303,Canada,North America,SMB,2025-05-27,Partner
CUST06304,Customer 06304,Italy,Europe,Enterprise,2024-10-29,Referral
CUST06305,Customer 06305,Canada,North America,Mid-Market,2024-04-04,Organic
CUST06306,Customer 06306,France,Europe,SMB,2025-12-05,Organic
CUST06307,Customer 06307,United States,North America,Mid-Market,2025-08-05,Partner
CUST06308,Customer 06308,Argentina,South America,SMB,2024-02-06,Social
CUST06309,Customer 06309,Japan,Asia,Enterprise,2024-07-20,Organic
CUST06310,Customer 06310,Mexico,North America,SMB,2024-10-30,Paid Search
CUST06311,Customer 06311,United Kingdom,Europe,Enterprise,2024-02-29,Referral
CUST06312,Customer 06312,Chile,South America,Enterprise,2025-09-18,Partner
CUST06313,Customer 06313,Australia,Oceania,Enterprise,2024-05-06,Social
CUST06314,Customer 06314,United Kingdom,Europe,SMB,2024-05-30,Referral
CUST06315,Customer 06315,Canada,North America,Mid-Market,2024-08-19,Organic
CUST06316,Customer 06316,Canada,North America,Mid-Market,2025-11-14,Partner
CUST06317,Customer 06317,Canada,North America,SMB,2024-06-14,Partner
CUST06318,Customer 06318,Mexico,North America,SMB,2024-11-07,Paid Search
CUST06319,Customer 06319,South Korea,Asia,Mid-Market,2025-05-13,Paid Search
CUST06320,Customer 06320,United States,North America,Enterprise,2024-04-24,Organic
CUST06321,Customer 06321,Germany,Europe,Mid-Market,2024-03-06,Paid Search
CUST06322,Customer 06322,India,Asia,SMB,2024-03-09,Partner
CUST06323,Customer 06323,Chile,South America,Mid-Market,2024-05-14,Organic
CUST06324,Customer 06324,France,Europe,SMB,2024-08-27,Partner
CUST06325,Customer 06325,Canada,North America,SMB,2025-11-18,Organic
CUST06326,Customer 06326,Spain,Europe,Mid-Market,2025-11-03,Organic
CUST06327,Customer 06327,Brazil,South America,Mid-Market,2025-02-20,Referral
CUST06328,Customer 06328,United States,North America,Mid-Market,2025-11-17,Organic
CUST06329,Customer 06329,India,Asia,SMB,2024-01-22,Referral
CUST06330,Customer 06330,France,Europe,SMB,2025-02-15,Paid Search
CUST06331,Customer 06331,India,Asia,Mid-Market,2024-11-20,Referral
CUST06332,Customer 06332,New Zealand,Oceania,SMB,2024-03-27,Social
CUST06333,Customer 06333,Mexico,North America,Enterprise,2025-02-08,Paid Search
CUST06334,Customer 06334,India,Asia,Enterprise,2024-11-29,Organic
CUST06335,Customer 06335,Canada,North America,Enterprise,2025-07-12,Partner
CUST06336,Customer 06336,Japan,Asia,Enterprise,2024-11-01,Organic
CUST06337,Customer 06337,India,Asia,SMB,2024-11-09,Organic
CUST06338,Customer 06338,Singapore,Asia,SMB,2024-06-17,Partner
CUST06339,Customer 06339,Italy,Europe,Mid-Market,2024-12-11,Organic
CUST06340,Customer 06340,United States,North America,SMB,2024-02-25,Referral
CUST06341,Customer 06341,Chile,South America,Mid-Market,2025-02-18,Organic
CUST06342,Customer 06342,New Zealand,Oceania,SMB,2024-10-05,Referral
CUST06343,Customer 06343,Brazil,South America,Enterprise,2024-07-19,Referral
CUST06344,Customer 06344,India,Asia,SMB,2024-09-28,Paid Search
CUST06345,Customer 06345,Japan,Asia,Mid-Market,2025-10-13,Referral
CUST06346,Customer 06346,Mexico,North America,SMB,2025-05-29,Organic
CUST06347,Customer 06347,Australia,Oceania,Mid-Market,2025-09-15,Organic
CUST06348,Customer 06348,Canada,North America,Enterprise,2024-10-15,Partner
CUST06349,Customer 06349,Singapore,Asia,SMB,2024-10-14,Partner
CUST06350,Customer 06350,United States,North America,SMB,2024-01-10,Partner
CUST06351,Customer 06351,United States,North America,SMB,2025-05-13,Referral
CUST06352,Customer 06352,Australia,Oceania,Mid-Market,2024-01-15,Paid Search
CUST06353,Customer 06353,United States,North America,Mid-Market,2025-12-11,Referral
CUST06354,Customer 06354,Singapore,Asia,Mid-Market,2025-05-17,Referral
CUST06355,Customer 06355,Thailand,Asia,SMB,2024-12-06,Organic
CUST06356,Customer 06356,Japan,Asia,SMB,2025-04-28,Paid Search
CUST06357,Customer 06357,Japan,Asia,Enterprise,2025-12-27,Organic
CUST06358,Customer 06358,Australia,Oceania,Mid-Market,2024-04-27,Paid Search
CUST06359,Customer 06359,Mexico,North America,SMB,2025-06-29,Referral
CUST06360,Customer 06360,Thailand,Asia,SMB,2025-09-25,Paid Search
CUST06361,Customer 06361,South Korea,Asia,SMB,2025-03-04,Referral
CUST06362,Customer 06362,Canada,North America,Mid-Market,2025-04-29,Social
CUST06363,Customer 06363,United States,North America,Mid-Market,2025-01-04,Social
CUST06364,Customer 06364,Spain,Europe,Mid-Market,2024-04-22,Partner
CUST06365,Customer 06365,Brazil,South America,Mid-Market,2025-12-18,Partner
CUST06366,Customer 06366,India,Asia,Enterprise,2024-07-29,Paid Search
CUST06367,Customer 06367,South Korea,Asia,SMB,2024-10-08,Referral
CUST06368,Customer 06368,Germany,Europe,SMB,2025-12-12,Referral
CUST06369,Customer 06369,United States,North America,SMB,2024-02-11,Social
CUST06370,Customer 06370,Canada,North America,Enterprise,2024-10-25,Referral
CUST06371,Customer 06371,Brazil,South America,Mid-Market,2025-02-10,Paid Search
CUST06372,Customer 06372,France,Europe,SMB,2024-06-22,Partner
CUST06373,Customer 06373,New Zealand,Oceania,Mid-Market,2025-05-04,Referral
CUST06374,Customer 06374,United States,North America,SMB,2025-01-18,Organic
CUST06375,Customer 06375,South Korea,Asia,SMB,2024-07-10,Referral
CUST06376,Customer 06376,Germany,Europe,Mid-Market,2024-05-30,Referral
CUST06377,Customer 06377,South Korea,Asia,Enterprise,2024-07-28,Referral
CUST06378,Customer 06378,Brazil,South America,SMB,2025-08-01,Social
CUST06379,Customer 06379,South Korea,Asia,SMB,2025-01-15,Referral
CUST06380,Customer 06380,South Korea,Asia,Enterprise,2025-08-03,Partner
CUST06381,Customer 06381,Mexico,North America,Mid-Market,2025-06-09,Paid Search
CUST06382,Customer 06382,Brazil,South America,Mid-Market,2025-08-08,Organic
CUST06383,Customer 06383,United States,North America,SMB,2025-09-17,Paid Search
CUST06384,Customer 06384,Mexico,North America,SMB,2025-03-27,Paid Search
CUST06385,Customer 06385,Italy,Europe,SMB,2024-09-20,Partner
CUST06386,Customer 06386,Brazil,South America,SMB,2025-05-22,Referral
CUST06387,Customer 06387,India,Asia,Mid-Market,2025-11-21,Paid Search
CUST06388,Customer 06388,France,Europe,Mid-Market,2024-08-22,Paid Search
CUST06389,Customer 06389,New Zealand,Oceania,Mid-Market,2024-12-22,Social
CUST06390,Customer 06390,France,Europe,SMB,2025-10-04,Organic
CUST06391,Customer 06391,Spain,Europe,SMB,2025-03-12,Organic
CUST06392,Customer 06392,Canada,North America,Mid-Market,2024-04-15,Referral
CUST06393,Customer 06393,Thailand,Asia,SMB,2024-09-13,Referral
CUST06394,Customer 06394,Spain,Europe,SMB,2024-07-05,Paid Search
CUST06395,Customer 06395,Canada,North America,SMB,2024-12-15,Organic
CUST06396,Customer 06396,Mexico,North America,SMB,2025-12-26,Paid Search
CUST06397,Customer 06397,Canada,North America,SMB,2025-09-05,Organic
CUST06398,Customer 06398,Germany,Europe,SMB,2025-12-03,Organic
CUST06399,Customer 06399,United States,North America,Enterprise,2025-06-26,Paid Search
CUST06400,Customer 06400,Argentina,South America,SMB,2025-01-06,Organic
CUST06401,Customer 06401,Spain,Europe,Mid-Market,2025-04-27,Paid Search
CUST06402,Customer 06402,Spain,Europe,Mid-Market,2024-12-30,Partner
CUST06403,Customer 06403,Germany,Europe,SMB,2024-01-30,Organic
CUST06404,Customer 06404,United States,North America,SMB,2024-03-26,Paid Search
CUST06405,Customer 06405,United Kingdom,Europe,SMB,2025-02-09,Paid Search
CUST06406,Customer 06406,Canada,North America,SMB,2025-04-27,Organic
CUST06407,Customer 06407,New Zealand,Oceania,SMB,2024-07-04,Referral
CUST06408,Customer 06408,France,Europe,Enterprise,2024-01-23,Organic
CUST06409,Customer 06409,Mexico,North America,SMB,2024-02-21,Social
CUST06410,Customer 06410,United Kingdom,Europe,SMB,2024-08-17,Referral
CUST06411,Customer 06411,France,Europe,Enterprise,2025-09-21,Organic
CUST06412,Customer 06412,Canada,North America,Mid-Market,2024-11-01,Social
CUST06413,Customer 06413,Thailand,Asia,Mid-Market,2025-12-12,Paid Search
CUST06414,Customer 06414,Australia,Oceania,SMB,2025-10-15,Organic
CUST06415,Customer 06415,Canada,North America,Enterprise,2025-09-19,Paid Search
CUST06416,Customer 06416,Spain,Europe,Mid-Market,2025-12-08,Referral
CUST06417,Customer 06417,India,Asia,Mid-Market,2024-06-25,Referral
CUST06418,Customer 06418,United Kingdom,Europe,Mid-Market,2025-12-12,Referral
CUST06419,Customer 06419,Chile,South America,SMB,2025-11-06,Social
CUST06420,Customer 06420,Mexico,North America,Enterprise,2025-08-06,Social
CUST06421,Customer 06421,India,Asia,Enterprise,2024-05-20,Organic
CUST06422,Customer 06422,Mexico,North America,Mid-Market,2024-07-30,Social
CUST06423,Customer 06423,Mexico,North America,SMB,2025-04-21,Organic
CUST06424,Customer 06424,Canada,North America,Mid-Market,2024-02-03,Social
CUST06425,Customer 06425,Italy,Europe,SMB,2025-08-23,Organic
CUST06426,Customer 06426,United Kingdom,Europe,Mid-Market,2024-11-07,Organic
CUST06427,Customer 06427,Italy,Europe,SMB,2024-01-16,Paid Search
CUST06428,Customer 06428,Japan,Asia,Mid-Market,2024-08-05,Organic
CUST06429,Customer 06429,India,Asia,Enterprise,2024-10-15,Partner
CUST06430,Customer 06430,Spain,Europe,SMB,2025-04-23,Organic
CUST06431,Customer 06431,Japan,Asia,Mid-Market,2025-03-16,Paid Search
CUST06432,Customer 06432,India,Asia,Enterprise,2024-09-28,Social
CUST06433,Customer 06433,Spain,Europe,SMB,2025-03-28,Referral
CUST06434,Customer 06434,New Zealand,Oceania,SMB,2025-10-13,Referral
CUST06435,Customer 06435,Canada,North America,SMB,2024-09-12,Social
CUST06436,Customer 06436,Singapore,Asia,Mid-Market,2024-09-30,Organic
CUST06437,Customer 06437,Canada,North America,SMB,2024-03-15,Paid Search
CUST06438,Customer 06438,South Korea,Asia,SMB,2024-10-03,Organic
CUST06439,Customer 06439,Argentina,South America,SMB,2024-07-26,Organic
CUST06440,Customer 06440,Canada,North America,SMB,2025-07-08,Organic
CUST06441,Customer 06441,South Korea,Asia,SMB,2024-03-23,Referral
CUST06442,Customer 06442,New Zealand,Oceania,Mid-Market,2025-03-07,Organic
CUST06443,Customer 06443,Chile,South America,SMB,2025-07-18,Referral
CUST06444,Customer 06444,Chile,South America,Mid-Market,2024-07-05,Referral
CUST06445,Customer 06445,France,Europe,Mid-Market,2024-02-19,Paid Search
CUST06446,Customer 06446,Italy,Europe,Enterprise,2025-05-09,Paid Search
CUST06447,Customer 06447,United States,North America,SMB,2025-03-06,Organic
CUST06448,Customer 06448,Japan,Asia,Mid-Market,2025-02-15,Partner
CUST06449,Customer 06449,Mexico,North America,Mid-Market,2025-10-05,Paid Search
CUST06450,Customer 06450,Canada,North America,SMB,2024-03-17,Partner
CUST06451,Customer 06451,India,Asia,SMB,2024-05-24,Paid Search
CUST06452,Customer 06452,Japan,Asia,SMB,2024-12-07,Referral
CUST06453,Customer 06453,Thailand,Asia,Mid-Market,2025-02-14,Paid Search
CUST06454,Customer 06454,South Korea,Asia,SMB,2025-11-02,Paid Search
CUST06455,Customer 06455,Mexico,North America,Enterprise,2025-03-28,Paid Search
CUST06456,Customer 06456,Canada,North America,Mid-Market,2024-06-03,Referral
CUST06457,Customer 06457,India,Asia,Mid-Market,2025-09-14,Paid Search
CUST06458,Customer 06458,United States,North America,Enterprise,2024-10-30,Partner
CUST06459,Customer 06459,United States,North America,Mid-Market,2025-09-26,Organic
CUST06460,Customer 06460,Mexico,North America,SMB,2024-07-20,Social
CUST06461,Customer 06461,Italy,Europe,SMB,2025-08-01,Social
CUST06462,Customer 06462,Canada,North America,Mid-Market,2025-01-27,Organic
CUST06463,Customer 06463,Mexico,North America,SMB,2025-02-10,Organic
CUST06464,Customer 06464,Singapore,Asia,Enterprise,2025-12-13,Referral
CUST06465,Customer 06465,Mexico,North America,SMB,2024-04-22,Organic
CUST06466,Customer 06466,Chile,South America,SMB,2024-08-14,Organic
CUST06467,Customer 06467,United Kingdom,Europe,Mid-Market,2024-05-13,Paid Search
CUST06468,Customer 06468,Canada,North America,Mid-Market,2025-08-31,Referral
CUST06469,Customer 06469,Australia,Oceania,Enterprise,2025-09-13,Organic
CUST06470,Customer 06470,Chile,South America,SMB,2025-09-04,Social
CUST06471,Customer 06471,Thailand,Asia,SMB,2024-06-23,Organic
CUST06472,Customer 06472,United States,North America,Mid-Market,2024-07-08,Organic
CUST06473,Customer 06473,New Zealand,Oceania,Enterprise,2024-10-20,Organic
CUST06474,Customer 06474,United States,North America,SMB,2025-07-18,Social
CUST06475,Customer 06475,France,Europe,Mid-Market,2025-07-03,Partner
CUST06476,Customer 06476,Italy,Europe,SMB,2025-12-23,Organic
CUST06477,Customer 06477,United States,North America,Mid-Market,2025-07-27,Referral
CUST06478,Customer 06478,Japan,Asia,SMB,2025-11-28,Organic
CUST06479,Customer 06479,France,Europe,Enterprise,2024-07-13,Organic
CUST06480,Customer 06480,India,Asia,SMB,2025-03-18,Organic
CUST06481,Customer 06481,Canada,North America,Mid-Market,2025-01-24,Partner
CUST06482,Customer 06482,India,Asia,Mid-Market,2024-04-20,Paid Search
CUST06483,Customer 06483,Brazil,South America,SMB,2025-11-23,Referral
CUST06484,Customer 06484,United States,North America,SMB,2024-03-28,Organic
CUST06485,Customer 06485,New Zealand,Oceania,Mid-Market,2025-09-16,Social
CUST06486,Customer 06486,Chile,South America,Mid-Market,2024-07-14,Social
CUST06487,Customer 06487,India,Asia,Mid-Market,2024-06-10,Organic
CUST06488,Customer 06488,United States,North America,Mid-Market,2025-03-15,Referral
CUST06489,Customer 06489,Italy,Europe,SMB,2024-12-07,Referral
CUST06490,Customer 06490,Australia,Oceania,Enterprise,2024-10-09,Social
CUST06491,Customer 06491,South Korea,Asia,SMB,2025-10-22,Paid Search
CUST06492,Customer 06492,Mexico,North America,Mid-Market,2025-05-25,Organic
CUST06493,Customer 06493,Brazil,South America,Enterprise,2025-03-21,Paid Search
CUST06494,Customer 06494,Spain,Europe,Enterprise,2025-07-29,Referral
CUST06495,Customer 06495,Brazil,South America,SMB,2025-08-10,Paid Search
CUST06496,Customer 06496,France,Europe,SMB,2024-05-11,Organic
CUST06497,Customer 06497,Singapore,Asia,Mid-Market,2024-11-18,Partner
CUST06498,Customer 06498,Thailand,Asia,SMB,2025-10-23,Partner
CUST06499,Customer 06499,Singapore,Asia,Mid-Market,2025-08-18,Paid Search
CUST06500,Customer 06500,United States,North America,SMB,2024-02-14,Paid Search
CUST06501,Customer 06501,Australia,Oceania,SMB,2024-06-29,Paid Search
CUST06502,Customer 06502,South Korea,Asia,SMB,2024-07-12,Paid Search
CUST06503,Customer 06503,Canada,North America,Mid-Market,2025-01-10,Organic
CUST06504,Customer 06504,Brazil,South America,Mid-Market,2025-08-18,Paid Search
CUST06505,Customer 06505,Canada,North America,SMB,2024-12-19,Paid Search
CUST06506,Customer 06506,United Kingdom,Europe,SMB,2024-05-14,Social
CUST06507,Customer 06507,Australia,Oceania,SMB,2025-02-11,Organic
CUST06508,Customer 06508,France,Europe,Mid-Market,2024-06-09,Paid Search
CUST06509,Customer 06509,Mexico,North America,Mid-Market,2025-05-10,Paid Search
CUST06510,Customer 06510,Mexico,North America,Enterprise,2025-12-14,Partner
CUST06511,Customer 06511,United States,North America,Enterprise,2025-04-07,Paid Search
CUST06512,Customer 06512,Germany,Europe,SMB,2025-10-28,Organic
CUST06513,Customer 06513,France,Europe,Enterprise,2025-02-01,Paid Search
CUST06514,Customer 06514,Canada,North America,SMB,2025-08-17,Organic
CUST06515,Customer 06515,United Kingdom,Europe,Mid-Market,2025-11-18,Paid Search
CUST06516,Customer 06516,South Korea,Asia,SMB,2024-05-07,Referral
CUST06517,Customer 06517,United States,North America,Mid-Market,2025-05-01,Paid Search
CUST06518,Customer 06518,United States,North America,Mid-Market,2024-07-05,Referral
CUST06519,Customer 06519,Italy,Europe,SMB,2024-03-02,Organic
CUST06520,Customer 06520,Thailand,Asia,Enterprise,2024-06-20,Referral
CUST06521,Customer 06521,Australia,Oceania,Enterprise,2024-04-14,Social
CUST06522,Customer 06522,Japan,Asia,Enterprise,2024-05-18,Paid Search
CUST06523,Customer 06523,Italy,Europe,SMB,2024-01-05,Partner
CUST06524,Customer 06524,Germany,Europe,Enterprise,2025-12-10,Paid Search
CUST06525,Customer 06525,Thailand,Asia,Mid-Market,2024-11-17,Referral
CUST06526,Customer 06526,Australia,Oceania,Mid-Market,2024-05-01,Paid Search
CUST06527,Customer 06527,Singapore,Asia,SMB,2024-09-07,Social
CUST06528,Customer 06528,France,Europe,Mid-Market,2025-06-29,Organic
CUST06529,Customer 06529,Mexico,North America,Mid-Market,2025-04-07,Organic
CUST06530,Customer 06530,Germany,Europe,Mid-Market,2024-02-07,Organic
CUST06531,Customer 06531,India,Asia,Enterprise,2024-04-18,Paid Search
CUST06532,Customer 06532,New Zealand,Oceania,SMB,2025-02-01,Referral
CUST06533,Customer 06533,Mexico,North America,Mid-Market,2025-12-09,Referral
CUST06534,Customer 06534,Italy,Europe,SMB,2024-02-21,Organic
CUST06535,Customer 06535,South Korea,Asia,SMB,2025-09-22,Referral
CUST06536,Customer 06536,United Kingdom,Europe,SMB,2024-02-15,Organic
CUST06537,Customer 06537,Germany,Europe,SMB,2024-12-28,Partner
CUST06538,Customer 06538,Canada,North America,SMB,2024-06-17,Organic
CUST06539,Customer 06539,Mexico,North America,SMB,2024-11-05,Paid Search
CUST06540,Customer 06540,Mexico,North America,SMB,2025-11-07,Paid Search
CUST06541,Customer 06541,Chile,South America,Mid-Market,2024-06-06,Paid Search
CUST06542,Customer 06542,France,Europe,SMB,2025-04-11,Referral
CUST06543,Customer 06543,New Zealand,Oceania,SMB,2024-08-31,Social
CUST06544,Customer 06544,Canada,North America,SMB,2025-04-21,Paid Search
CUST06545,Customer 06545,South Korea,Asia,SMB,2024-02-10,Paid Search
CUST06546,Customer 06546,Chile,South America,SMB,2024-08-05,Organic
CUST06547,Customer 06547,Italy,Europe,Enterprise,2025-12-01,Referral
CUST06548,Customer 06548,United States,North America,Mid-Market,2025-06-12,Paid Search
CUST06549,Customer 06549,United States,North America,SMB,2025-11-15,Partner
CUST06550,Customer 06550,South Korea,Asia,SMB,2025-05-13,Referral
CUST06551,Customer 06551,Chile,South America,SMB,2024-05-15,Paid Search
CUST06552,Customer 06552,Spain,Europe,Mid-Market,2024-12-03,Social
CUST06553,Customer 06553,Argentina,South America,Enterprise,2025-10-03,Organic
CUST06554,Customer 06554,United Kingdom,Europe,SMB,2025-05-13,Referral
CUST06555,Customer 06555,Spain,Europe,SMB,2025-01-15,Paid Search
CUST06556,Customer 06556,Thailand,Asia,Mid-Market,2025-09-25,Organic
CUST06557,Customer 06557,Brazil,South America,SMB,2024-03-24,Organic
CUST06558,Customer 06558,France,Europe,SMB,2025-12-03,Referral
CUST06559,Customer 06559,Argentina,South America,Mid-Market,2024-04-02,Organic
CUST06560,Customer 06560,United Kingdom,Europe,Mid-Market,2025-12-29,Partner
CUST06561,Customer 06561,Japan,Asia,SMB,2025-08-11,Paid Search
CUST06562,Customer 06562,Japan,Asia,Mid-Market,2024-12-22,Paid Search
CUST06563,Customer 06563,Germany,Europe,SMB,2024-12-14,Referral
CUST06564,Customer 06564,Australia,Oceania,SMB,2024-01-24,Organic
CUST06565,Customer 06565,Singapore,Asia,Mid-Market,2024-08-19,Organic
CUST06566,Customer 06566,Mexico,North America,Mid-Market,2024-06-16,Paid Search
CUST06567,Customer 06567,United States,North America,Mid-Market,2025-05-31,Paid Search
CUST06568,Customer 06568,United States,North America,Mid-Market,2024-05-23,Paid Search
CUST06569,Customer 06569,United States,North America,Mid-Market,2025-08-12,Paid Search
CUST06570,Customer 06570,Chile,South America,Enterprise,2024-08-07,Referral
CUST06571,Customer 06571,Canada,North America,Mid-Market,2025-09-13,Partner
CUST06572,Customer 06572,Canada,North America,SMB,2024-09-20,Paid Search
CUST06573,Customer 06573,United States,North America,Mid-Market,2025-07-04,Partner
CUST06574,Customer 06574,Mexico,North America,SMB,2025-05-03,Organic
CUST06575,Customer 06575,India,Asia,Mid-Market,2025-12-24,Paid Search
CUST06576,Customer 06576,Mexico,North America,SMB,2025-01-19,Paid Search
CUST06577,Customer 06577,Thailand,Asia,SMB,2024-09-14,Paid Search
CUST06578,Customer 06578,Canada,North America,Mid-Market,2025-04-19,Organic
CUST06579,Customer 06579,New Zealand,Oceania,Mid-Market,2024-01-22,Organic
CUST06580,Customer 06580,New Zealand,Oceania,SMB,2025-12-11,Organic
CUST06581,Customer 06581,Argentina,South America,SMB,2025-05-10,Organic
CUST06582,Customer 06582,Mexico,North America,Mid-Market,2024-02-05,Paid Search
CUST06583,Customer 06583,Canada,North America,Enterprise,2024-05-06,Paid Search
CUST06584,Customer 06584,United Kingdom,Europe,SMB,2024-01-11,Organic
CUST06585,Customer 06585,Japan,Asia,SMB,2025-05-02,Referral
CUST06586,Customer 06586,South Korea,Asia,SMB,2025-05-01,Paid Search
CUST06587,Customer 06587,France,Europe,SMB,2024-04-29,Organic
CUST06588,Customer 06588,Australia,Oceania,SMB,2025-02-03,Organic
CUST06589,Customer 06589,Brazil,South America,Enterprise,2024-12-23,Referral
CUST06590,Customer 06590,United States,North America,SMB,2024-12-18,Referral
CUST06591,Customer 06591,Thailand,Asia,SMB,2025-03-27,Partner
CUST06592,Customer 06592,United States,North America,SMB,2025-09-15,Organic
CUST06593,Customer 06593,South Korea,Asia,SMB,2025-10-30,Referral
CUST06594,Customer 06594,Argentina,South America,SMB,2024-04-26,Paid Search
CUST06595,Customer 06595,Australia,Oceania,SMB,2025-11-21,Partner
CUST06596,Customer 06596,Japan,Asia,SMB,2025-02-23,Referral
CUST06597,Customer 06597,Spain,Europe,Mid-Market,2024-05-12,Organic
CUST06598,Customer 06598,Singapore,Asia,SMB,2025-11-12,Social
CUST06599,Customer 06599,United Kingdom,Europe,Mid-Market,2024-09-27,Paid Search
CUST06600,Customer 06600,South Korea,Asia,Enterprise,2024-11-21,Social
CUST06601,Customer 06601,Spain,Europe,SMB,2025-12-07,Organic
CUST06602,Customer 06602,Italy,Europe,SMB,2025-02-27,Paid Search
CUST06603,Customer 06603,Singapore,Asia,Enterprise,2024-04-14,Referral
CUST06604,Customer 06604,Spain,Europe,SMB,2024-02-21,Organic
CUST06605,Customer 06605,Mexico,North America,SMB,2025-08-22,Referral
CUST06606,Customer 06606,Spain,Europe,Mid-Market,2024-09-12,Organic
CUST06607,Customer 06607,Brazil,South America,Mid-Market,2024-03-13,Organic
CUST06608,Customer 06608,Spain,Europe,Enterprise,2024-01-31,Organic
CUST06609,Customer 06609,Germany,Europe,SMB,2025-11-22,Social
CUST06610,Customer 06610,Italy,Europe,SMB,2025-02-22,Social
CUST06611,Customer 06611,Canada,North America,SMB,2025-01-18,Paid Search
CUST06612,Customer 06612,Japan,Asia,SMB,2025-03-07,Paid Search
CUST06613,Customer 06613,United States,North America,SMB,2024-11-02,Organic
CUST06614,Customer 06614,Spain,Europe,SMB,2025-11-26,Paid Search
CUST06615,Customer 06615,New Zealand,Oceania,SMB,2025-03-16,Social
CUST06616,Customer 06616,Germany,Europe,SMB,2025-04-11,Partner
CUST06617,Customer 06617,South Korea,Asia,SMB,2025-10-15,Referral
CUST06618,Customer 06618,Brazil,South America,SMB,2024-01-03,Organic
CUST06619,Customer 06619,United Kingdom,Europe,Mid-Market,2024-08-21,Partner
CUST06620,Customer 06620,Japan,Asia,SMB,2025-09-01,Social
CUST06621,Customer 06621,Chile,South America,Mid-Market,2024-03-11,Social
CUST06622,Customer 06622,Singapore,Asia,SMB,2024-08-28,Referral
CUST06623,Customer 06623,United Kingdom,Europe,SMB,2024-04-29,Organic
CUST06624,Customer 06624,South Korea,Asia,Enterprise,2025-06-06,Social
CUST06625,Customer 06625,United Kingdom,Europe,Enterprise,2025-09-08,Paid Search
CUST06626,Customer 06626,Australia,Oceania,SMB,2024-07-12,Organic
CUST06627,Customer 06627,Canada,North America,SMB,2025-05-17,Organic
CUST06628,Customer 06628,Mexico,North America,Enterprise,2025-07-09,Referral
CUST06629,Customer 06629,United Kingdom,Europe,SMB,2025-10-23,Partner
CUST06630,Customer 06630,United States,North America,SMB,2025-11-08,Social
CUST06631,Customer 06631,United States,North America,SMB,2024-11-29,Social
CUST06632,Customer 06632,France,Europe,SMB,2024-02-27,Referral
CUST06633,Customer 06633,Chile,South America,Mid-Market,2025-06-28,Social
CUST06634,Customer 06634,United States,North America,Mid-Market,2025-02-01,Organic
CUST06635,Customer 06635,Mexico,North America,SMB,2024-12-01,Organic
CUST06636,Customer 06636,Japan,Asia,SMB,2025-01-30,Organic
CUST06637,Customer 06637,United Kingdom,Europe,SMB,2025-04-15,Partner
CUST06638,Customer 06638,Mexico,North America,Mid-Market,2024-07-28,Social
CUST06639,Customer 06639,Canada,North America,Enterprise,2024-08-27,Partner
CUST06640,Customer 06640,India,Asia,SMB,2024-09-06,Social
CUST06641,Customer 06641,Germany,Europe,Mid-Market,2024-12-26,Paid Search
CUST06642,Customer 06642,Brazil,South America,SMB,2025-05-09,Partner
CUST06643,Customer 06643,Spain,Europe,Mid-Market,2024-01-31,Paid Search
CUST06644,Customer 06644,India,Asia,SMB,2024-08-01,Partner
CUST06645,Customer 06645,United States,North America,SMB,2025-06-16,Partner
CUST06646,Customer 06646,Italy,Europe,SMB,2024-01-23,Paid Search
CUST06647,Customer 06647,Italy,Europe,Mid-Market,2025-08-04,Organic
CUST06648,Customer 06648,Spain,Europe,SMB,2025-07-16,Organic
CUST06649,Customer 06649,Australia,Oceania,SMB,2024-08-21,Partner
CUST06650,Customer 06650,South Korea,Asia,Enterprise,2025-04-02,Referral
CUST06651,Customer 06651,United States,North America,Mid-Market,2024-12-24,Paid Search
CUST06652,Customer 06652,New Zealand,Oceania,SMB,2024-07-02,Social
CUST06653,Customer 06653,United States,North America,SMB,2024-04-19,Paid Search
CUST06654,Customer 06654,Mexico,North America,Mid-Market,2025-12-03,Paid Search
CUST06655,Customer 06655,Canada,North America,SMB,2025-09-20,Partner
CUST06656,Customer 06656,Japan,Asia,SMB,2025-10-18,Paid Search
CUST06657,Customer 06657,Mexico,North America,SMB,2024-04-12,Paid Search
CUST06658,Customer 06658,Australia,Oceania,SMB,2025-12-05,Referral
CUST06659,Customer 06659,Mexico,North America,Mid-Market,2025-04-02,Paid Search
CUST06660,Customer 06660,Singapore,Asia,Mid-Market,2025-01-09,Paid Search
CUST06661,Customer 06661,South Korea,Asia,SMB,2024-09-06,Organic
CUST06662,Customer 06662,Brazil,South America,Enterprise,2024-06-20,Partner
CUST06663,Customer 06663,Spain,Europe,Mid-Market,2024-08-25,Paid Search
CUST06664,Customer 06664,Argentina,South America,Mid-Market,2024-05-07,Partner
CUST06665,Customer 06665,Singapore,Asia,SMB,2025-07-31,Referral
CUST06666,Customer 06666,Canada,North America,SMB,2025-11-24,Organic
CUST06667,Customer 06667,Brazil,South America,Mid-Market,2025-12-07,Paid Search
CUST06668,Customer 06668,Japan,Asia,Mid-Market,2025-10-13,Paid Search
CUST06669,Customer 06669,Germany,Europe,SMB,2024-04-06,Referral
CUST06670,Customer 06670,Argentina,South America,SMB,2025-06-25,Paid Search
CUST06671,Customer 06671,Singapore,Asia,SMB,2025-09-19,Referral
CUST06672,Customer 06672,Japan,Asia,SMB,2025-01-08,Partner
CUST06673,Customer 06673,Mexico,North America,SMB,2025-02-11,Organic
CUST06674,Customer 06674,India,Asia,SMB,2024-10-08,Partner
CUST06675,Customer 06675,Mexico,North America,SMB,2025-08-24,Paid Search
CUST06676,Customer 06676,Spain,Europe,Enterprise,2025-05-29,Referral
CUST06677,Customer 06677,India,Asia,Mid-Market,2025-04-04,Organic
CUST06678,Customer 06678,Chile,South America,SMB,2024-01-07,Organic
CUST06679,Customer 06679,France,Europe,SMB,2025-12-03,Referral
CUST06680,Customer 06680,India,Asia,SMB,2025-01-18,Paid Search
CUST06681,Customer 06681,Mexico,North America,SMB,2025-11-29,Partner
CUST06682,Customer 06682,Brazil,South America,Mid-Market,2025-05-11,Referral
CUST06683,Customer 06683,United States,North America,SMB,2025-01-15,Referral
CUST06684,Customer 06684,Brazil,South America,Enterprise,2025-07-04,Paid Search
CUST06685,Customer 06685,Germany,Europe,SMB,2024-06-29,Social
CUST06686,Customer 06686,India,Asia,Enterprise,2024-11-25,Social
CUST06687,Customer 06687,New Zealand,Oceania,Mid-Market,2024-01-19,Organic
CUST06688,Customer 06688,Brazil,South America,Mid-Market,2025-06-28,Paid Search
CUST06689,Customer 06689,Mexico,North America,Enterprise,2024-08-24,Social
CUST06690,Customer 06690,India,Asia,SMB,2024-03-11,Organic
CUST06691,Customer 06691,Thailand,Asia,SMB,2025-08-05,Organic
CUST06692,Customer 06692,Spain,Europe,SMB,2024-06-19,Social
CUST06693,Customer 06693,Argentina,South America,Mid-Market,2024-06-12,Paid Search
CUST06694,Customer 06694,Chile,South America,Enterprise,2024-04-15,Social
CUST06695,Customer 06695,Japan,Asia,SMB,2025-03-17,Paid Search
CUST06696,Customer 06696,South Korea,Asia,Mid-Market,2024-09-05,Paid Search
CUST06697,Customer 06697,Japan,Asia,SMB,2025-02-21,Paid Search
CUST06698,Customer 06698,Italy,Europe,SMB,2024-09-08,Paid Search
CUST06699,Customer 06699,Mexico,North America,Mid-Market,2025-07-04,Social
CUST06700,Customer 06700,Mexico,North America,SMB,2024-09-30,Referral
CUST06701,Customer 06701,France,Europe,SMB,2025-08-02,Social
CUST06702,Customer 06702,Mexico,North America,Mid-Market,2024-12-06,Paid Search
CUST06703,Customer 06703,New Zealand,Oceania,SMB,2024-01-11,Social
CUST06704,Customer 06704,Spain,Europe,SMB,2024-11-14,Referral
CUST06705,Customer 06705,South Korea,Asia,SMB,2024-06-28,Organic
CUST06706,Customer 06706,South Korea,Asia,SMB,2024-12-24,Paid Search
CUST06707,Customer 06707,Italy,Europe,Mid-Market,2024-04-01,Organic
CUST06708,Customer 06708,Mexico,North America,Enterprise,2025-07-04,Organic
CUST06709,Customer 06709,United States,North America,SMB,2025-04-01,Social
CUST06710,Customer 06710,Spain,Europe,Mid-Market,2024-04-13,Social
CUST06711,Customer 06711,Germany,Europe,Mid-Market,2025-12-16,Organic
CUST06712,Customer 06712,Argentina,South America,Mid-Market,2024-09-13,Organic
CUST06713,Customer 06713,Japan,Asia,Mid-Market,2024-06-02,Organic
CUST06714,Customer 06714,United States,North America,SMB,2024-01-01,Partner
CUST06715,Customer 06715,United States,North America,Mid-Market,2024-06-29,Referral
CUST06716,Customer 06716,Brazil,South America,SMB,2024-01-21,Referral
CUST06717,Customer 06717,Canada,North America,SMB,2024-12-19,Referral
CUST06718,Customer 06718,Argentina,South America,SMB,2025-03-19,Social
CUST06719,Customer 06719,Canada,North America,SMB,2024-09-27,Organic
CUST06720,Customer 06720,India,Asia,SMB,2025-10-02,Organic
CUST06721,Customer 06721,South Korea,Asia,Enterprise,2025-12-07,Referral
CUST06722,Customer 06722,India,Asia,SMB,2024-08-11,Social
CUST06723,Customer 06723,Thailand,Asia,SMB,2025-04-11,Referral
CUST06724,Customer 06724,Germany,Europe,Enterprise,2024-10-20,Partner
CUST06725,Customer 06725,India,Asia,SMB,2024-07-19,Partner
CUST06726,Customer 06726,Japan,Asia,SMB,2024-06-02,Organic
CUST06727,Customer 06727,United Kingdom,Europe,Mid-Market,2025-01-16,Referral
CUST06728,Customer 06728,Thailand,Asia,Enterprise,2024-04-14,Partner
CUST06729,Customer 06729,Canada,North America,Mid-Market,2025-05-06,Organic
CUST06730,Customer 06730,Canada,North America,SMB,2025-10-08,Referral
CUST06731,Customer 06731,Chile,South America,SMB,2024-09-26,Organic
CUST06732,Customer 06732,United States,North America,Mid-Market,2025-02-22,Partner
CUST06733,Customer 06733,Chile,South America,Enterprise,2025-12-14,Organic
CUST06734,Customer 06734,Canada,North America,SMB,2025-05-30,Paid Search
CUST06735,Customer 06735,France,Europe,Enterprise,2024-10-22,Referral
CUST06736,Customer 06736,Australia,Oceania,Mid-Market,2025-10-06,Referral
CUST06737,Customer 06737,Germany,Europe,SMB,2024-02-01,Organic
CUST06738,Customer 06738,Mexico,North America,SMB,2025-03-06,Organic
CUST06739,Customer 06739,Canada,North America,SMB,2024-07-03,Partner
CUST06740,Customer 06740,South Korea,Asia,Enterprise,2024-05-11,Social
CUST06741,Customer 06741,Canada,North America,SMB,2025-01-12,Referral
CUST06742,Customer 06742,India,Asia,Mid-Market,2025-06-05,Organic
CUST06743,Customer 06743,Spain,Europe,SMB,2025-06-23,Referral
CUST06744,Customer 06744,United Kingdom,Europe,Mid-Market,2025-06-30,Referral
CUST06745,Customer 06745,Italy,Europe,SMB,2024-07-29,Paid Search
CUST06746,Customer 06746,Germany,Europe,Enterprise,2024-10-29,Organic
CUST06747,Customer 06747,Mexico,North America,SMB,2024-03-23,Organic
CUST06748,Customer 06748,Mexico,North America,Mid-Market,2025-03-26,Organic
CUST06749,Customer 06749,Japan,Asia,Mid-Market,2025-08-10,Referral
CUST06750,Customer 06750,Mexico,North America,SMB,2024-12-20,Paid Search
CUST06751,Customer 06751,Italy,Europe,Enterprise,2024-08-16,Paid Search
CUST06752,Customer 06752,Thailand,Asia,SMB,2024-08-31,Paid Search
CUST06753,Customer 06753,Mexico,North America,Enterprise,2025-04-20,Referral
CUST06754,Customer 06754,Australia,Oceania,SMB,2025-05-06,Referral
CUST06755,Customer 06755,Thailand,Asia,Mid-Market,2024-12-14,Paid Search
CUST06756,Customer 06756,Italy,Europe,Enterprise,2024-06-29,Organic
CUST06757,Customer 06757,United States,North America,Enterprise,2024-10-27,Organic
CUST06758,Customer 06758,Chile,South America,SMB,2024-08-27,Referral
CUST06759,Customer 06759,Singapore,Asia,SMB,2024-03-12,Paid Search
CUST06760,Customer 06760,Spain,Europe,Mid-Market,2024-10-23,Paid Search
CUST06761,Customer 06761,Germany,Europe,SMB,2025-09-12,Paid Search
CUST06762,Customer 06762,United States,North America,Enterprise,2025-03-25,Organic
CUST06763,Customer 06763,Australia,Oceania,SMB,2024-04-07,Organic
CUST06764,Customer 06764,Canada,North America,SMB,2025-09-14,Referral
CUST06765,Customer 06765,South Korea,Asia,Mid-Market,2024-06-05,Paid Search
CUST06766,Customer 06766,United States,North America,SMB,2025-03-25,Referral
CUST06767,Customer 06767,Chile,South America,SMB,2025-02-18,Organic
CUST06768,Customer 06768,India,Asia,SMB,2025-06-14,Partner
CUST06769,Customer 06769,Brazil,South America,Enterprise,2025-07-14,Paid Search
CUST06770,Customer 06770,South Korea,Asia,Mid-Market,2024-08-01,Referral
CUST06771,Customer 06771,Japan,Asia,Enterprise,2025-07-22,Paid Search
CUST06772,Customer 06772,Canada,North America,SMB,2025-03-05,Paid Search
CUST06773,Customer 06773,South Korea,Asia,SMB,2024-09-12,Partner
CUST06774,Customer 06774,Australia,Oceania,SMB,2024-03-16,Organic
CUST06775,Customer 06775,Mexico,North America,SMB,2025-02-19,Organic
CUST06776,Customer 06776,Thailand,Asia,SMB,2024-12-04,Organic
CUST06777,Customer 06777,Thailand,Asia,SMB,2024-12-09,Social
CUST06778,Customer 06778,Canada,North America,SMB,2025-05-19,Social
CUST06779,Customer 06779,Japan,Asia,Mid-Market,2025-06-02,Referral
CUST06780,Customer 06780,Mexico,North America,SMB,2024-05-11,Paid Search
CUST06781,Customer 06781,South Korea,Asia,SMB,2024-08-04,Organic
CUST06782,Customer 06782,South Korea,Asia,SMB,2025-10-21,Partner
CUST06783,Customer 06783,United States,North America,SMB,2025-03-10,Organic
CUST06784,Customer 06784,Spain,Europe,Mid-Market,2024-10-31,Organic
CUST06785,Customer 06785,Canada,North America,Mid-Market,2025-12-11,Partner
CUST06786,Customer 06786,Mexico,North America,Mid-Market,2025-05-05,Organic
CUST06787,Customer 06787,Thailand,Asia,SMB,2025-09-13,Partner
CUST06788,Customer 06788,United States,North America,SMB,2024-12-09,Partner
CUST06789,Customer 06789,United States,North America,Mid-Market,2024-04-29,Partner
CUST06790,Customer 06790,Brazil,South America,Enterprise,2025-06-19,Referral
CUST06791,Customer 06791,South Korea,Asia,SMB,2025-08-19,Paid Search
CUST06792,Customer 06792,Thailand,Asia,SMB,2025-03-03,Referral
CUST06793,Customer 06793,United States,North America,Mid-Market,2024-11-12,Partner
CUST06794,Customer 06794,United States,North America,Enterprise,2024-03-30,Referral
CUST06795,Customer 06795,Canada,North America,SMB,2024-06-28,Partner
CUST06796,Customer 06796,Canada,North America,SMB,2025-11-06,Social
CUST06797,Customer 06797,United States,North America,Mid-Market,2024-05-03,Referral
CUST06798,Customer 06798,Italy,Europe,Mid-Market,2025-04-27,Social
CUST06799,Customer 06799,Mexico,North America,SMB,2025-04-29,Organic
CUST06800,Customer 06800,France,Europe,SMB,2024-12-11,Social
CUST06801,Customer 06801,India,Asia,Mid-Market,2025-12-29,Social
CUST06802,Customer 06802,United States,North America,Mid-Market,2025-05-09,Organic
CUST06803,Customer 06803,India,Asia,Mid-Market,2025-12-07,Referral
CUST06804,Customer 06804,Singapore,Asia,SMB,2024-07-09,Paid Search
CUST06805,Customer 06805,Brazil,South America,SMB,2025-06-25,Partner
CUST06806,Customer 06806,Canada,North America,Mid-Market,2025-07-16,Organic
CUST06807,Customer 06807,United States,North America,SMB,2025-11-02,Paid Search
CUST06808,Customer 06808,New Zealand,Oceania,SMB,2024-10-27,Paid Search
CUST06809,Customer 06809,Singapore,Asia,SMB,2024-08-30,Paid Search
CUST06810,Customer 06810,United States,North America,SMB,2025-08-11,Social
CUST06811,Customer 06811,Germany,Europe,Mid-Market,2025-06-09,Paid Search
CUST06812,Customer 06812,Singapore,Asia,SMB,2024-07-19,Paid Search
CUST06813,Customer 06813,Singapore,Asia,Mid-Market,2024-08-10,Partner
CUST06814,Customer 06814,Germany,Europe,Mid-Market,2025-07-31,Organic
CUST06815,Customer 06815,United States,North America,SMB,2025-02-20,Organic
CUST06816,Customer 06816,Italy,Europe,Enterprise,2025-10-24,Organic
CUST06817,Customer 06817,Canada,North America,SMB,2025-04-05,Social
CUST06818,Customer 06818,Germany,Europe,Mid-Market,2025-12-17,Partner
CUST06819,Customer 06819,France,Europe,SMB,2024-08-27,Referral
CUST06820,Customer 06820,Australia,Oceania,Enterprise,2025-07-21,Paid Search
CUST06821,Customer 06821,Mexico,North America,SMB,2024-05-18,Paid Search
CUST06822,Customer 06822,New Zealand,Oceania,Mid-Market,2025-05-29,Referral
CUST06823,Customer 06823,Japan,Asia,SMB,2024-11-01,Paid Search
CUST06824,Customer 06824,France,Europe,SMB,2025-01-15,Organic
CUST06825,Customer 06825,United States,North America,SMB,2025-08-13,Organic
CUST06826,Customer 06826,Mexico,North America,SMB,2024-03-18,Social
CUST06827,Customer 06827,Spain,Europe,SMB,2024-06-12,Referral
CUST06828,Customer 06828,Brazil,South America,SMB,2025-02-13,Organic
CUST06829,Customer 06829,Canada,North America,Mid-Market,2024-10-29,Social
CUST06830,Customer 06830,United States,North America,SMB,2025-02-15,Paid Search
CUST06831,Customer 06831,Thailand,Asia,SMB,2024-11-10,Referral
CUST06832,Customer 06832,United States,North America,Enterprise,2024-02-17,Organic
CUST06833,Customer 06833,India,Asia,Mid-Market,2025-11-15,Social
CUST06834,Customer 06834,New Zealand,Oceania,SMB,2025-05-19,Organic
CUST06835,Customer 06835,Thailand,Asia,SMB,2025-03-21,Social
CUST06836,Customer 06836,France,Europe,SMB,2024-04-18,Referral
CUST06837,Customer 06837,Spain,Europe,Mid-Market,2024-05-24,Organic
CUST06838,Customer 06838,United States,North America,Enterprise,2025-03-12,Organic
CUST06839,Customer 06839,Australia,Oceania,Mid-Market,2024-02-08,Partner
CUST06840,Customer 06840,Argentina,South America,Enterprise,2024-12-11,Organic
CUST06841,Customer 06841,Canada,North America,Mid-Market,2025-10-12,Organic
CUST06842,Customer 06842,Australia,Oceania,Enterprise,2025-10-01,Referral
CUST06843,Customer 06843,Mexico,North America,Mid-Market,2025-01-11,Organic
CUST06844,Customer 06844,South Korea,Asia,Mid-Market,2024-06-18,Paid Search
CUST06845,Customer 06845,United States,North America,Mid-Market,2024-02-24,Referral
CUST06846,Customer 06846,Spain,Europe,Mid-Market,2024-05-05,Organic
CUST06847,Customer 06847,Germany,Europe,SMB,2024-07-24,Paid Search
CUST06848,Customer 06848,Singapore,Asia,SMB,2025-02-06,Organic
CUST06849,Customer 06849,United Kingdom,Europe,SMB,2025-06-14,Social
CUST06850,Customer 06850,Australia,Oceania,SMB,2024-12-02,Organic
CUST06851,Customer 06851,Australia,Oceania,Enterprise,2025-08-27,Referral
CUST06852,Customer 06852,Japan,Asia,Mid-Market,2024-04-27,Referral
CUST06853,Customer 06853,United States,North America,SMB,2024-11-05,Partner
CUST06854,Customer 06854,Thailand,Asia,SMB,2025-03-24,Paid Search
CUST06855,Customer 06855,Germany,Europe,SMB,2024-02-09,Organic
CUST06856,Customer 06856,Singapore,Asia,Mid-Market,2025-10-24,Paid Search
CUST06857,Customer 06857,France,Europe,Enterprise,2025-12-28,Referral
CUST06858,Customer 06858,India,Asia,SMB,2025-06-25,Partner
CUST06859,Customer 06859,France,Europe,SMB,2025-05-28,Organic
CUST06860,Customer 06860,Spain,Europe,Enterprise,2024-06-02,Partner
CUST06861,Customer 06861,United Kingdom,Europe,Mid-Market,2024-05-13,Organic
CUST06862,Customer 06862,New Zealand,Oceania,Enterprise,2024-06-23,Paid Search
CUST06863,Customer 06863,Spain,Europe,SMB,2024-04-08,Referral
CUST06864,Customer 06864,Singapore,Asia,SMB,2025-02-11,Organic
CUST06865,Customer 06865,Mexico,North America,Mid-Market,2025-11-30,Social
CUST06866,Customer 06866,Japan,Asia,SMB,2025-05-10,Referral
CUST06867,Customer 06867,Canada,North America,Mid-Market,2025-10-06,Organic
CUST06868,Customer 06868,Italy,Europe,Mid-Market,2025-12-16,Organic
CUST06869,Customer 06869,Canada,North America,SMB,2025-04-29,Partner
CUST06870,Customer 06870,Mexico,North America,SMB,2024-03-17,Partner
CUST06871,Customer 06871,United States,North America,Mid-Market,2025-11-11,Organic
CUST06872,Customer 06872,Canada,North America,Enterprise,2025-02-03,Organic
CUST06873,Customer 06873,South Korea,Asia,SMB,2025-02-04,Referral
CUST06874,Customer 06874,Japan,Asia,Mid-Market,2025-12-22,Paid Search
CUST06875,Customer 06875,Spain,Europe,SMB,2025-05-14,Paid Search
CUST06876,Customer 06876,United States,North America,Enterprise,2024-03-22,Paid Search
CUST06877,Customer 06877,France,Europe,Mid-Market,2025-07-13,Paid Search
CUST06878,Customer 06878,Japan,Asia,SMB,2025-12-11,Organic
CUST06879,Customer 06879,Mexico,North America,Mid-Market,2024-06-22,Paid Search
CUST06880,Customer 06880,Germany,Europe,Mid-Market,2024-12-03,Organic
CUST06881,Customer 06881,Germany,Europe,Mid-Market,2024-03-16,Organic
CUST06882,Customer 06882,Mexico,North America,SMB,2025-06-08,Social
CUST06883,Customer 06883,Japan,Asia,Mid-Market,2024-04-14,Organic
CUST06884,Customer 06884,Brazil,South America,Mid-Market,2024-11-06,Organic
CUST06885,Customer 06885,Australia,Oceania,SMB,2025-04-20,Partner
CUST06886,Customer 06886,Australia,Oceania,SMB,2025-09-06,Social
CUST06887,Customer 06887,India,Asia,Enterprise,2024-08-21,Partner
CUST06888,Customer 06888,Thailand,Asia,Mid-Market,2025-10-26,Organic
CUST06889,Customer 06889,United States,North America,SMB,2024-01-18,Referral
CUST06890,Customer 06890,Canada,North America,Enterprise,2024-05-01,Referral
CUST06891,Customer 06891,United States,North America,SMB,2024-03-27,Partner
CUST06892,Customer 06892,Japan,Asia,Mid-Market,2025-06-30,Organic
CUST06893,Customer 06893,Germany,Europe,SMB,2024-09-21,Paid Search
CUST06894,Customer 06894,Spain,Europe,SMB,2024-01-16,Organic
CUST06895,Customer 06895,Spain,Europe,Enterprise,2025-07-30,Referral
CUST06896,Customer 06896,Germany,Europe,Mid-Market,2024-07-21,Paid Search
CUST06897,Customer 06897,Australia,Oceania,SMB,2025-05-13,Paid Search
CUST06898,Customer 06898,Spain,Europe,Enterprise,2025-02-07,Referral
CUST06899,Customer 06899,Canada,North America,Enterprise,2024-03-22,Partner
CUST06900,Customer 06900,Australia,Oceania,Mid-Market,2025-03-16,Social
CUST06901,Customer 06901,India,Asia,SMB,2025-09-21,Referral
CUST06902,Customer 06902,Canada,North America,SMB,2024-09-24,Organic
CUST06903,Customer 06903,Canada,North America,Mid-Market,2025-09-01,Partner
CUST06904,Customer 06904,South Korea,Asia,Enterprise,2024-07-16,Organic
CUST06905,Customer 06905,India,Asia,SMB,2024-07-25,Organic
CUST06906,Customer 06906,Argentina,South America,SMB,2024-05-05,Paid Search
CUST06907,Customer 06907,United States,North America,SMB,2024-06-03,Referral
CUST06908,Customer 06908,Argentina,South America,SMB,2024-06-24,Organic
CUST06909,Customer 06909,Australia,Oceania,Mid-Market,2025-04-19,Organic
CUST06910,Customer 06910,Japan,Asia,SMB,2024-04-05,Organic
CUST06911,Customer 06911,Mexico,North America,Mid-Market,2025-02-02,Referral
CUST06912,Customer 06912,Canada,North America,Mid-Market,2024-07-09,Referral
CUST06913,Customer 06913,Canada,North America,SMB,2024-04-17,Paid Search
CUST06914,Customer 06914,United States,North America,Enterprise,2025-08-23,Paid Search
CUST06915,Customer 06915,United States,North America,SMB,2025-01-29,Partner
CUST06916,Customer 06916,Chile,South America,SMB,2024-07-29,Paid Search
CUST06917,Customer 06917,Thailand,Asia,SMB,2025-04-11,Paid Search
CUST06918,Customer 06918,Canada,North America,SMB,2025-10-25,Referral
CUST06919,Customer 06919,India,Asia,SMB,2024-07-25,Referral
CUST06920,Customer 06920,Canada,North America,Enterprise,2024-06-28,Partner
CUST06921,Customer 06921,United States,North America,SMB,2025-05-14,Organic
CUST06922,Customer 06922,United States,North America,SMB,2024-12-25,Partner
CUST06923,Customer 06923,India,Asia,Mid-Market,2025-05-07,Paid Search
CUST06924,Customer 06924,Canada,North America,Enterprise,2024-05-02,Social
CUST06925,Customer 06925,Singapore,Asia,SMB,2025-11-13,Paid Search
CUST06926,Customer 06926,United Kingdom,Europe,SMB,2024-01-13,Paid Search
CUST06927,Customer 06927,South Korea,Asia,SMB,2024-07-19,Organic
CUST06928,Customer 06928,Australia,Oceania,SMB,2025-04-02,Paid Search
CUST06929,Customer 06929,Japan,Asia,SMB,2025-01-15,Paid Search
CUST06930,Customer 06930,New Zealand,Oceania,Mid-Market,2024-09-03,Partner
CUST06931,Customer 06931,Germany,Europe,SMB,2025-12-15,Partner
CUST06932,Customer 06932,United States,North America,SMB,2024-09-09,Paid Search
CUST06933,Customer 06933,Mexico,North America,Mid-Market,2025-05-10,Partner
CUST06934,Customer 06934,United States,North America,SMB,2024-10-25,Partner
CUST06935,Customer 06935,United States,North America,SMB,2024-11-17,Social
CUST06936,Customer 06936,Mexico,North America,Mid-Market,2025-07-22,Paid Search
CUST06937,Customer 06937,New Zealand,Oceania,SMB,2024-09-15,Organic
CUST06938,Customer 06938,United States,North America,SMB,2024-10-19,Social
CUST06939,Customer 06939,Spain,Europe,SMB,2025-07-25,Referral
CUST06940,Customer 06940,Japan,Asia,Mid-Market,2024-03-04,Paid Search
CUST06941,Customer 06941,Mexico,North America,Mid-Market,2024-11-12,Paid Search
CUST06942,Customer 06942,South Korea,Asia,SMB,2024-07-22,Organic
CUST06943,Customer 06943,Mexico,North America,SMB,2024-12-18,Organic
CUST06944,Customer 06944,Mexico,North America,SMB,2025-02-25,Organic
CUST06945,Customer 06945,South Korea,Asia,SMB,2024-11-09,Referral
CUST06946,Customer 06946,United States,North America,Mid-Market,2025-12-27,Paid Search
CUST06947,Customer 06947,Mexico,North America,Enterprise,2025-10-29,Paid Search
CUST06948,Customer 06948,United States,North America,SMB,2024-04-14,Organic
CUST06949,Customer 06949,United States,North America,SMB,2025-04-15,Organic
CUST06950,Customer 06950,Argentina,South America,Mid-Market,2024-08-24,Paid Search
CUST06951,Customer 06951,United States,North America,SMB,2025-06-06,Organic
CUST06952,Customer 06952,New Zealand,Oceania,SMB,2024-12-20,Partner
CUST06953,Customer 06953,Germany,Europe,Enterprise,2025-11-28,Paid Search
CUST06954,Customer 06954,Canada,North America,SMB,2025-11-21,Paid Search
CUST06955,Customer 06955,Canada,North America,SMB,2024-02-11,Paid Search
CUST06956,Customer 06956,South Korea,Asia,SMB,2024-03-20,Referral
CUST06957,Customer 06957,Singapore,Asia,Mid-Market,2024-01-17,Organic
CUST06958,Customer 06958,Mexico,North America,Mid-Market,2025-08-03,Referral
CUST06959,Customer 06959,India,Asia,SMB,2024-06-16,Organic
CUST06960,Customer 06960,New Zealand,Oceania,Mid-Market,2025-06-12,Paid Search
CUST06961,Customer 06961,Japan,Asia,SMB,2024-08-30,Paid Search
CUST06962,Customer 06962,France,Europe,Enterprise,2024-08-12,Referral
CUST06963,Customer 06963,Canada,North America,SMB,2025-03-17,Referral
CUST06964,Customer 06964,India,Asia,SMB,2025-07-19,Partner
CUST06965,Customer 06965,Spain,Europe,Mid-Market,2025-02-18,Paid Search
CUST06966,Customer 06966,United States,North America,SMB,2025-02-24,Organic
CUST06967,Customer 06967,Mexico,North America,Mid-Market,2025-06-22,Referral
CUST06968,Customer 06968,Germany,Europe,SMB,2024-05-05,Paid Search
CUST06969,Customer 06969,Mexico,North America,SMB,2025-03-08,Referral
CUST06970,Customer 06970,Canada,North America,SMB,2024-07-27,Paid Search
CUST06971,Customer 06971,Canada,North America,SMB,2024-04-23,Paid Search
CUST06972,Customer 06972,Thailand,Asia,SMB,2024-08-28,Referral
CUST06973,Customer 06973,Germany,Europe,SMB,2024-05-20,Paid Search
CUST06974,Customer 06974,Australia,Oceania,SMB,2024-08-24,Partner
CUST06975,Customer 06975,Mexico,North America,Mid-Market,2024-01-18,Referral
CUST06976,Customer 06976,Germany,Europe,Mid-Market,2025-06-29,Paid Search
CUST06977,Customer 06977,Brazil,South America,SMB,2024-09-11,Organic
CUST06978,Customer 06978,United Kingdom,Europe,SMB,2025-04-27,Organic
CUST06979,Customer 06979,United States,North America,SMB,2025-07-01,Organic
CUST06980,Customer 06980,Mexico,North America,SMB,2025-08-22,Organic
CUST06981,Customer 06981,New Zealand,Oceania,SMB,2024-02-26,Organic
CUST06982,Customer 06982,Australia,Oceania,SMB,2025-01-08,Referral
CUST06983,Customer 06983,India,Asia,Enterprise,2024-10-31,Paid Search
CUST06984,Customer 06984,Mexico,North America,Mid-Market,2024-09-13,Organic
CUST06985,Customer 06985,Singapore,Asia,SMB,2025-08-12,Paid Search
CUST06986,Customer 06986,Mexico,North America,SMB,2024-02-19,Partner
CUST06987,Customer 06987,Mexico,North America,SMB,2024-08-14,Paid Search
CUST06988,Customer 06988,United Kingdom,Europe,SMB,2025-08-03,Social
CUST06989,Customer 06989,France,Europe,SMB,2024-10-15,Partner
CUST06990,Customer 06990,Italy,Europe,SMB,2024-02-24,Partner
CUST06991,Customer 06991,Italy,Europe,SMB,2024-05-06,Referral
CUST06992,Customer 06992,Singapore,Asia,SMB,2024-08-08,Partner
CUST06993,Customer 06993,Australia,Oceania,Mid-Market,2024-06-30,Paid Search
CUST06994,Customer 06994,United States,North America,SMB,2025-05-03,Referral
CUST06995,Customer 06995,Canada,North America,Enterprise,2024-05-05,Organic
CUST06996,Customer 06996,Argentina,South America,SMB,2025-07-12,Organic
CUST06997,Customer 06997,Canada,North America,SMB,2024-08-15,Social
CUST06998,Customer 06998,India,Asia,SMB,2024-02-20,Paid Search
CUST06999,Customer 06999,Chile,South America,SMB,2024-01-09,Organic
CUST07000,Customer 07000,Mexico,North America,SMB,2025-03-20,Organic
CUST07001,Customer 07001,Mexico,North America,SMB,2025-06-21,Paid Search
CUST07002,Customer 07002,New Zealand,Oceania,SMB,2024-04-10,Partner
CUST07003,Customer 07003,Canada,North America,SMB,2024-08-13,Partner
CUST07004,Customer 07004,United States,North America,SMB,2025-07-07,Organic
CUST07005,Customer 07005,Argentina,South America,Mid-Market,2025-09-26,Organic
CUST07006,Customer 07006,Singapore,Asia,Mid-Market,2025-06-17,Organic
CUST07007,Customer 07007,Chile,South America,Mid-Market,2025-03-27,Referral
CUST07008,Customer 07008,France,Europe,Enterprise,2025-06-30,Paid Search
CUST07009,Customer 07009,Germany,Europe,SMB,2024-08-05,Referral
CUST07010,Customer 07010,United States,North America,Enterprise,2024-02-16,Referral
CUST07011,Customer 07011,Germany,Europe,SMB,2025-02-16,Organic
CUST07012,Customer 07012,New Zealand,Oceania,SMB,2025-02-12,Organic
CUST07013,Customer 07013,Germany,Europe,Mid-Market,2025-08-10,Paid Search
CUST07014,Customer 07014,United States,North America,SMB,2024-06-25,Referral
CUST07015,Customer 07015,France,Europe,SMB,2025-10-11,Referral
CUST07016,Customer 07016,New Zealand,Oceania,SMB,2024-12-28,Social
CUST07017,Customer 07017,Singapore,Asia,SMB,2024-11-19,Organic
CUST07018,Customer 07018,France,Europe,SMB,2025-12-24,Social
CUST07019,Customer 07019,France,Europe,Mid-Market,2025-02-01,Organic
CUST07020,Customer 07020,Mexico,North America,SMB,2024-03-07,Paid Search
CUST07021,Customer 07021,Australia,Oceania,SMB,2024-07-04,Organic
CUST07022,Customer 07022,Australia,Oceania,SMB,2025-03-10,Organic
CUST07023,Customer 07023,South Korea,Asia,Enterprise,2024-06-17,Organic
CUST07024,Customer 07024,Japan,Asia,Enterprise,2024-04-30,Organic
CUST07025,Customer 07025,France,Europe,Mid-Market,2024-08-04,Referral
CUST07026,Customer 07026,Mexico,North America,SMB,2025-01-07,Partner
CUST07027,Customer 07027,United States,North America,SMB,2024-03-08,Referral
CUST07028,Customer 07028,Singapore,Asia,SMB,2025-01-15,Partner
CUST07029,Customer 07029,Canada,North America,Mid-Market,2025-06-15,Referral
CUST07030,Customer 07030,Brazil,South America,SMB,2024-11-29,Social
CUST07031,Customer 07031,Germany,Europe,Mid-Market,2025-05-22,Organic
CUST07032,Customer 07032,Spain,Europe,SMB,2025-04-12,Social
CUST07033,Customer 07033,France,Europe,Enterprise,2024-12-28,Paid Search
CUST07034,Customer 07034,France,Europe,SMB,2025-12-13,Paid Search
CUST07035,Customer 07035,United Kingdom,Europe,SMB,2025-03-23,Referral
CUST07036,Customer 07036,United States,North America,SMB,2025-08-11,Organic
CUST07037,Customer 07037,Germany,Europe,Mid-Market,2025-04-13,Organic
CUST07038,Customer 07038,Canada,North America,Enterprise,2025-12-01,Paid Search
CUST07039,Customer 07039,Chile,South America,SMB,2024-11-11,Partner
CUST07040,Customer 07040,New Zealand,Oceania,Enterprise,2024-05-18,Partner
CUST07041,Customer 07041,Canada,North America,SMB,2024-05-12,Organic
CUST07042,Customer 07042,Italy,Europe,SMB,2025-12-27,Organic
CUST07043,Customer 07043,Spain,Europe,SMB,2025-08-06,Referral
CUST07044,Customer 07044,Spain,Europe,SMB,2024-08-11,Paid Search
CUST07045,Customer 07045,Australia,Oceania,Mid-Market,2024-11-23,Organic
CUST07046,Customer 07046,New Zealand,Oceania,SMB,2024-01-25,Paid Search
CUST07047,Customer 07047,Singapore,Asia,SMB,2025-11-27,Referral
CUST07048,Customer 07048,Japan,Asia,SMB,2024-11-14,Organic
CUST07049,Customer 07049,Mexico,North America,Mid-Market,2024-10-08,Organic
CUST07050,Customer 07050,Japan,Asia,Enterprise,2024-06-28,Organic
CUST07051,Customer 07051,New Zealand,Oceania,Mid-Market,2024-03-01,Paid Search
CUST07052,Customer 07052,Germany,Europe,SMB,2025-07-11,Organic
CUST07053,Customer 07053,South Korea,Asia,SMB,2024-06-11,Referral
CUST07054,Customer 07054,South Korea,Asia,SMB,2024-03-04,Partner
CUST07055,Customer 07055,United Kingdom,Europe,Enterprise,2025-12-16,Organic
CUST07056,Customer 07056,India,Asia,SMB,2025-02-04,Organic
CUST07057,Customer 07057,Brazil,South America,Enterprise,2024-02-26,Organic
CUST07058,Customer 07058,Italy,Europe,Mid-Market,2024-07-30,Social
CUST07059,Customer 07059,Mexico,North America,Mid-Market,2025-02-08,Paid Search
CUST07060,Customer 07060,Singapore,Asia,Mid-Market,2024-05-31,Partner
CUST07061,Customer 07061,Germany,Europe,SMB,2025-12-24,Partner
CUST07062,Customer 07062,Italy,Europe,SMB,2025-10-02,Social
CUST07063,Customer 07063,Singapore,Asia,SMB,2025-10-09,Partner
CUST07064,Customer 07064,Germany,Europe,SMB,2025-01-11,Organic
CUST07065,Customer 07065,Japan,Asia,Mid-Market,2025-12-23,Referral
CUST07066,Customer 07066,Brazil,South America,SMB,2024-08-25,Social
CUST07067,Customer 07067,Mexico,North America,Enterprise,2025-02-09,Referral
CUST07068,Customer 07068,New Zealand,Oceania,Enterprise,2025-06-29,Partner
CUST07069,Customer 07069,India,Asia,SMB,2025-01-04,Social
CUST07070,Customer 07070,Canada,North America,SMB,2025-09-15,Referral
CUST07071,Customer 07071,United States,North America,SMB,2024-03-16,Referral
CUST07072,Customer 07072,United Kingdom,Europe,SMB,2024-11-19,Referral
CUST07073,Customer 07073,India,Asia,Mid-Market,2025-08-29,Paid Search
CUST07074,Customer 07074,Mexico,North America,Mid-Market,2024-05-13,Organic
CUST07075,Customer 07075,United States,North America,Mid-Market,2024-10-08,Referral
CUST07076,Customer 07076,Thailand,Asia,SMB,2025-12-27,Social
CUST07077,Customer 07077,France,Europe,Mid-Market,2025-03-24,Social
CUST07078,Customer 07078,Australia,Oceania,Mid-Market,2024-09-19,Organic
CUST07079,Customer 07079,Spain,Europe,Enterprise,2024-09-22,Partner
CUST07080,Customer 07080,New Zealand,Oceania,Mid-Market,2024-05-30,Organic
CUST07081,Customer 07081,Brazil,South America,Mid-Market,2025-06-21,Referral
CUST07082,Customer 07082,Brazil,South America,SMB,2024-03-16,Social
CUST07083,Customer 07083,Mexico,North America,Mid-Market,2024-06-01,Social
CUST07084,Customer 07084,Spain,Europe,SMB,2024-03-31,Referral
CUST07085,Customer 07085,Canada,North America,SMB,2025-07-05,Referral
CUST07086,Customer 07086,United States,North America,SMB,2025-11-20,Paid Search
CUST07087,Customer 07087,United States,North America,SMB,2024-03-04,Referral
CUST07088,Customer 07088,Japan,Asia,SMB,2025-11-23,Organic
CUST07089,Customer 07089,Italy,Europe,SMB,2025-10-31,Organic
CUST07090,Customer 07090,India,Asia,Mid-Market,2025-01-06,Partner
CUST07091,Customer 07091,South Korea,Asia,Mid-Market,2024-01-28,Organic
CUST07092,Customer 07092,Mexico,North America,Enterprise,2025-05-20,Referral
CUST07093,Customer 07093,Brazil,South America,Mid-Market,2025-01-18,Paid Search
CUST07094,Customer 07094,Mexico,North America,SMB,2025-08-31,Organic
CUST07095,Customer 07095,Mexico,North America,Mid-Market,2024-08-03,Organic
CUST07096,Customer 07096,Japan,Asia,Mid-Market,2025-02-11,Organic
CUST07097,Customer 07097,India,Asia,SMB,2025-10-13,Organic
CUST07098,Customer 07098,Japan,Asia,Enterprise,2025-05-02,Referral
CUST07099,Customer 07099,France,Europe,Enterprise,2025-04-17,Referral
CUST07100,Customer 07100,France,Europe,SMB,2025-12-07,Paid Search
CUST07101,Customer 07101,Thailand,Asia,Mid-Market,2024-12-23,Partner
CUST07102,Customer 07102,India,Asia,SMB,2024-05-06,Partner
CUST07103,Customer 07103,United States,North America,Enterprise,2025-12-14,Referral
CUST07104,Customer 07104,Italy,Europe,Mid-Market,2024-04-11,Referral
CUST07105,Customer 07105,India,Asia,SMB,2025-02-06,Referral
CUST07106,Customer 07106,Germany,Europe,Mid-Market,2025-07-04,Organic
CUST07107,Customer 07107,United States,North America,SMB,2025-07-29,Organic
CUST07108,Customer 07108,Mexico,North America,SMB,2025-05-29,Organic
CUST07109,Customer 07109,Thailand,Asia,Mid-Market,2024-11-06,Referral
CUST07110,Customer 07110,Spain,Europe,Mid-Market,2024-05-15,Paid Search
CUST07111,Customer 07111,New Zealand,Oceania,SMB,2024-01-28,Social
CUST07112,Customer 07112,United States,North America,Mid-Market,2024-08-09,Organic
CUST07113,Customer 07113,Canada,North America,SMB,2025-12-11,Paid Search
CUST07114,Customer 07114,Canada,North America,SMB,2025-05-15,Organic
CUST07115,Customer 07115,Brazil,South America,Mid-Market,2024-10-24,Partner
CUST07116,Customer 07116,Chile,South America,SMB,2024-12-27,Paid Search
CUST07117,Customer 07117,South Korea,Asia,SMB,2024-09-01,Referral
CUST07118,Customer 07118,Mexico,North America,Enterprise,2025-10-15,Referral
CUST07119,Customer 07119,France,Europe,Mid-Market,2024-11-27,Organic
CUST07120,Customer 07120,Mexico,North America,Mid-Market,2025-09-03,Partner
CUST07121,Customer 07121,India,Asia,Mid-Market,2024-02-07,Partner
CUST07122,Customer 07122,Germany,Europe,Enterprise,2024-12-22,Referral
CUST07123,Customer 07123,New Zealand,Oceania,Enterprise,2025-03-16,Organic
CUST07124,Customer 07124,Brazil,South America,SMB,2025-05-02,Referral
CUST07125,Customer 07125,Japan,Asia,SMB,2024-01-18,Referral
CUST07126,Customer 07126,New Zealand,Oceania,SMB,2025-04-15,Social
CUST07127,Customer 07127,Singapore,Asia,SMB,2025-09-05,Organic
CUST07128,Customer 07128,Japan,Asia,SMB,2024-03-08,Social
CUST07129,Customer 07129,Brazil,South America,Mid-Market,2024-08-29,Partner
CUST07130,Customer 07130,South Korea,Asia,Mid-Market,2024-11-07,Organic
CUST07131,Customer 07131,Thailand,Asia,Enterprise,2024-07-04,Referral
CUST07132,Customer 07132,Mexico,North America,SMB,2024-11-17,Organic
CUST07133,Customer 07133,France,Europe,SMB,2025-10-14,Organic
CUST07134,Customer 07134,Singapore,Asia,SMB,2025-10-17,Referral
CUST07135,Customer 07135,India,Asia,SMB,2025-03-15,Organic
CUST07136,Customer 07136,United States,North America,SMB,2025-10-09,Organic
CUST07137,Customer 07137,France,Europe,Enterprise,2025-08-18,Referral
CUST07138,Customer 07138,France,Europe,SMB,2024-02-12,Social
CUST07139,Customer 07139,Mexico,North America,Mid-Market,2024-10-09,Organic
CUST07140,Customer 07140,Spain,Europe,SMB,2025-09-09,Organic
CUST07141,Customer 07141,India,Asia,SMB,2024-11-19,Organic
CUST07142,Customer 07142,United States,North America,Enterprise,2025-03-23,Organic
CUST07143,Customer 07143,United States,North America,Enterprise,2024-10-28,Social
CUST07144,Customer 07144,Germany,Europe,SMB,2024-01-12,Paid Search
CUST07145,Customer 07145,Argentina,South America,Enterprise,2025-02-17,Referral
CUST07146,Customer 07146,Mexico,North America,SMB,2024-10-05,Paid Search
CUST07147,Customer 07147,India,Asia,Mid-Market,2025-07-19,Social
CUST07148,Customer 07148,Mexico,North America,SMB,2025-10-11,Paid Search
CUST07149,Customer 07149,Canada,North America,SMB,2024-03-17,Social
CUST07150,Customer 07150,Canada,North America,Mid-Market,2024-09-18,Referral
CUST07151,Customer 07151,Mexico,North America,Mid-Market,2024-10-14,Social
CUST07152,Customer 07152,Mexico,North America,Mid-Market,2025-05-09,Paid Search
CUST07153,Customer 07153,New Zealand,Oceania,SMB,2024-10-16,Partner
CUST07154,Customer 07154,Canada,North America,Enterprise,2025-02-17,Paid Search
CUST07155,Customer 07155,Brazil,South America,SMB,2025-10-25,Referral
CUST07156,Customer 07156,Mexico,North America,SMB,2025-03-07,Referral
CUST07157,Customer 07157,Chile,South America,SMB,2024-03-12,Paid Search
CUST07158,Customer 07158,New Zealand,Oceania,SMB,2024-12-17,Paid Search
CUST07159,Customer 07159,United Kingdom,Europe,SMB,2025-10-10,Organic
CUST07160,Customer 07160,France,Europe,Mid-Market,2024-12-18,Social
CUST07161,Customer 07161,United States,North America,SMB,2025-12-19,Paid Search
CUST07162,Customer 07162,Japan,Asia,Mid-Market,2025-10-21,Organic
CUST07163,Customer 07163,Canada,North America,SMB,2024-07-11,Referral
CUST07164,Customer 07164,United States,North America,Mid-Market,2024-10-29,Referral
CUST07165,Customer 07165,New Zealand,Oceania,SMB,2024-05-15,Organic
CUST07166,Customer 07166,South Korea,Asia,SMB,2024-05-19,Paid Search
CUST07167,Customer 07167,United States,North America,Mid-Market,2024-09-25,Referral
CUST07168,Customer 07168,Italy,Europe,Enterprise,2024-11-02,Partner
CUST07169,Customer 07169,Mexico,North America,Enterprise,2024-09-13,Paid Search
CUST07170,Customer 07170,United Kingdom,Europe,SMB,2025-06-19,Organic
CUST07171,Customer 07171,Mexico,North America,Enterprise,2024-04-21,Referral
CUST07172,Customer 07172,Mexico,North America,Mid-Market,2024-12-13,Organic
CUST07173,Customer 07173,Canada,North America,Enterprise,2025-10-11,Partner
CUST07174,Customer 07174,Canada,North America,SMB,2025-06-19,Partner
CUST07175,Customer 07175,Japan,Asia,SMB,2024-05-29,Partner
CUST07176,Customer 07176,Italy,Europe,SMB,2024-06-24,Paid Search
CUST07177,Customer 07177,Spain,Europe,Mid-Market,2025-11-07,Organic
CUST07178,Customer 07178,New Zealand,Oceania,SMB,2025-03-01,Referral
CUST07179,Customer 07179,Australia,Oceania,SMB,2025-10-05,Organic
CUST07180,Customer 07180,Singapore,Asia,Mid-Market,2025-09-23,Organic
CUST07181,Customer 07181,South Korea,Asia,Enterprise,2024-11-18,Paid Search
CUST07182,Customer 07182,India,Asia,Mid-Market,2025-01-21,Paid Search
CUST07183,Customer 07183,Canada,North America,Mid-Market,2024-09-26,Paid Search
CUST07184,Customer 07184,South Korea,Asia,SMB,2025-04-10,Organic
CUST07185,Customer 07185,United Kingdom,Europe,Enterprise,2025-04-19,Organic
CUST07186,Customer 07186,South Korea,Asia,SMB,2025-05-11,Referral
CUST07187,Customer 07187,Thailand,Asia,SMB,2025-09-21,Paid Search
CUST07188,Customer 07188,India,Asia,SMB,2025-06-24,Referral
CUST07189,Customer 07189,United Kingdom,Europe,SMB,2024-03-15,Referral
CUST07190,Customer 07190,Mexico,North America,Mid-Market,2024-09-13,Referral
CUST07191,Customer 07191,Mexico,North America,Mid-Market,2025-02-20,Social
CUST07192,Customer 07192,Singapore,Asia,SMB,2025-04-03,Social
CUST07193,Customer 07193,Mexico,North America,SMB,2025-09-23,Organic
CUST07194,Customer 07194,Japan,Asia,SMB,2024-10-31,Paid Search
CUST07195,Customer 07195,Canada,North America,SMB,2025-08-23,Partner
CUST07196,Customer 07196,New Zealand,Oceania,Enterprise,2024-10-12,Partner
CUST07197,Customer 07197,United Kingdom,Europe,Mid-Market,2024-04-16,Organic
CUST07198,Customer 07198,Argentina,South America,SMB,2024-12-13,Social
CUST07199,Customer 07199,Canada,North America,SMB,2024-04-19,Partner
CUST07200,Customer 07200,Canada,North America,Mid-Market,2024-10-25,Partner
CUST07201,Customer 07201,Thailand,Asia,Mid-Market,2024-06-26,Organic
CUST07202,Customer 07202,South Korea,Asia,Enterprise,2024-01-19,Paid Search
CUST07203,Customer 07203,Germany,Europe,SMB,2025-04-30,Paid Search
CUST07204,Customer 07204,Australia,Oceania,SMB,2025-06-26,Paid Search
CUST07205,Customer 07205,Mexico,North America,SMB,2024-04-06,Organic
CUST07206,Customer 07206,Singapore,Asia,Mid-Market,2025-03-03,Organic
CUST07207,Customer 07207,United States,North America,SMB,2025-01-02,Partner
CUST07208,Customer 07208,France,Europe,Mid-Market,2024-04-10,Paid Search
CUST07209,Customer 07209,Germany,Europe,SMB,2025-03-20,Referral
CUST07210,Customer 07210,United States,North America,Mid-Market,2024-07-10,Organic
CUST07211,Customer 07211,Mexico,North America,SMB,2025-08-23,Social
CUST07212,Customer 07212,Canada,North America,Mid-Market,2025-03-22,Social
CUST07213,Customer 07213,Canada,North America,SMB,2024-03-22,Referral
CUST07214,Customer 07214,United States,North America,Mid-Market,2025-01-13,Paid Search
CUST07215,Customer 07215,Chile,South America,SMB,2024-03-26,Organic
CUST07216,Customer 07216,Spain,Europe,Mid-Market,2025-06-12,Referral
CUST07217,Customer 07217,Mexico,North America,Mid-Market,2024-08-05,Partner
CUST07218,Customer 07218,Canada,North America,SMB,2024-12-23,Social
CUST07219,Customer 07219,South Korea,Asia,SMB,2025-05-23,Organic
CUST07220,Customer 07220,France,Europe,SMB,2025-09-09,Paid Search
CUST07221,Customer 07221,Spain,Europe,SMB,2025-01-09,Paid Search
CUST07222,Customer 07222,Spain,Europe,Mid-Market,2024-02-26,Paid Search
CUST07223,Customer 07223,United States,North America,SMB,2024-07-08,Referral
CUST07224,Customer 07224,United Kingdom,Europe,SMB,2025-03-24,Paid Search
CUST07225,Customer 07225,United States,North America,SMB,2024-01-31,Partner
CUST07226,Customer 07226,Italy,Europe,SMB,2024-09-28,Organic
CUST07227,Customer 07227,France,Europe,SMB,2024-08-24,Paid Search
CUST07228,Customer 07228,South Korea,Asia,Mid-Market,2024-08-12,Paid Search
CUST07229,Customer 07229,Spain,Europe,SMB,2025-11-28,Partner
CUST07230,Customer 07230,New Zealand,Oceania,Enterprise,2025-11-20,Partner
CUST07231,Customer 07231,India,Asia,Mid-Market,2025-10-17,Partner
CUST07232,Customer 07232,Germany,Europe,SMB,2025-09-23,Paid Search
CUST07233,Customer 07233,Spain,Europe,Enterprise,2025-10-15,Organic
CUST07234,Customer 07234,India,Asia,Mid-Market,2024-05-14,Referral
CUST07235,Customer 07235,Canada,North America,Mid-Market,2024-10-14,Social
CUST07236,Customer 07236,Mexico,North America,SMB,2024-02-11,Organic
CUST07237,Customer 07237,Singapore,Asia,Mid-Market,2025-08-05,Organic
CUST07238,Customer 07238,United States,North America,SMB,2025-09-25,Organic
CUST07239,Customer 07239,Thailand,Asia,SMB,2024-01-22,Referral
CUST07240,Customer 07240,Chile,South America,SMB,2024-05-03,Paid Search
CUST07241,Customer 07241,United States,North America,SMB,2024-05-03,Organic
CUST07242,Customer 07242,South Korea,Asia,Mid-Market,2025-11-09,Organic
CUST07243,Customer 07243,Canada,North America,SMB,2025-07-31,Referral
CUST07244,Customer 07244,Argentina,South America,SMB,2024-07-21,Paid Search
CUST07245,Customer 07245,Thailand,Asia,Mid-Market,2024-02-03,Organic
CUST07246,Customer 07246,New Zealand,Oceania,SMB,2024-10-27,Referral
CUST07247,Customer 07247,Brazil,South America,SMB,2025-03-03,Organic
CUST07248,Customer 07248,Spain,Europe,SMB,2024-02-02,Organic
CUST07249,Customer 07249,Mexico,North America,Enterprise,2024-12-08,Organic
CUST07250,Customer 07250,United States,North America,Mid-Market,2025-01-27,Organic
CUST07251,Customer 07251,United States,North America,Mid-Market,2025-12-18,Organic
CUST07252,Customer 07252,Canada,North America,Mid-Market,2024-05-17,Organic
CUST07253,Customer 07253,Chile,South America,Mid-Market,2024-05-14,Organic
CUST07254,Customer 07254,Mexico,North America,Mid-Market,2024-11-11,Referral
CUST07255,Customer 07255,Canada,North America,Mid-Market,2024-08-21,Partner
CUST07256,Customer 07256,France,Europe,Enterprise,2025-11-03,Organic
CUST07257,Customer 07257,India,Asia,Mid-Market,2025-07-29,Referral
CUST07258,Customer 07258,New Zealand,Oceania,SMB,2024-07-03,Organic
CUST07259,Customer 07259,Canada,North America,SMB,2024-09-01,Partner
CUST07260,Customer 07260,United Kingdom,Europe,SMB,2025-04-09,Organic
CUST07261,Customer 07261,Chile,South America,SMB,2025-09-29,Organic
CUST07262,Customer 07262,Brazil,South America,Enterprise,2024-05-27,Paid Search
CUST07263,Customer 07263,United States,North America,Mid-Market,2024-08-04,Organic
CUST07264,Customer 07264,Spain,Europe,Mid-Market,2025-03-21,Organic
CUST07265,Customer 07265,United States,North America,Mid-Market,2025-09-20,Paid Search
CUST07266,Customer 07266,Spain,Europe,Enterprise,2024-07-30,Referral
CUST07267,Customer 07267,Thailand,Asia,Mid-Market,2024-12-07,Organic
CUST07268,Customer 07268,United States,North America,SMB,2025-05-13,Organic
CUST07269,Customer 07269,Australia,Oceania,SMB,2024-11-06,Partner
CUST07270,Customer 07270,South Korea,Asia,SMB,2025-07-17,Organic
CUST07271,Customer 07271,Argentina,South America,SMB,2025-01-11,Organic
CUST07272,Customer 07272,Australia,Oceania,SMB,2025-10-05,Paid Search
CUST07273,Customer 07273,Germany,Europe,SMB,2025-03-20,Organic
CUST07274,Customer 07274,Germany,Europe,SMB,2025-11-02,Partner
CUST07275,Customer 07275,United States,North America,SMB,2025-09-20,Organic
CUST07276,Customer 07276,United States,North America,Enterprise,2024-06-25,Organic
CUST07277,Customer 07277,Japan,Asia,SMB,2025-10-17,Partner
CUST07278,Customer 07278,Mexico,North America,Mid-Market,2024-04-04,Partner
CUST07279,Customer 07279,Canada,North America,SMB,2024-07-25,Referral
CUST07280,Customer 07280,United States,North America,Enterprise,2024-02-05,Organic
CUST07281,Customer 07281,United States,North America,Mid-Market,2024-03-17,Paid Search
CUST07282,Customer 07282,Germany,Europe,Enterprise,2025-06-10,Social
CUST07283,Customer 07283,France,Europe,SMB,2024-03-22,Paid Search
CUST07284,Customer 07284,Italy,Europe,Mid-Market,2024-05-16,Social
CUST07285,Customer 07285,Australia,Oceania,SMB,2024-10-25,Referral
CUST07286,Customer 07286,Australia,Oceania,SMB,2025-08-07,Partner
CUST07287,Customer 07287,Canada,North America,Mid-Market,2025-08-15,Organic
CUST07288,Customer 07288,Germany,Europe,SMB,2025-12-06,Social
CUST07289,Customer 07289,United States,North America,SMB,2024-02-10,Partner
CUST07290,Customer 07290,France,Europe,Enterprise,2024-04-18,Partner
CUST07291,Customer 07291,India,Asia,SMB,2024-10-18,Social
CUST07292,Customer 07292,South Korea,Asia,Mid-Market,2024-07-26,Partner
CUST07293,Customer 07293,Chile,South America,SMB,2024-03-12,Referral
CUST07294,Customer 07294,Italy,Europe,SMB,2025-01-18,Referral
CUST07295,Customer 07295,Mexico,North America,SMB,2024-12-08,Partner
CUST07296,Customer 07296,New Zealand,Oceania,SMB,2024-11-10,Referral
CUST07297,Customer 07297,Mexico,North America,Mid-Market,2024-01-17,Referral
CUST07298,Customer 07298,Germany,Europe,Enterprise,2024-11-07,Referral
CUST07299,Customer 07299,New Zealand,Oceania,SMB,2024-11-30,Partner
CUST07300,Customer 07300,Canada,North America,SMB,2024-06-07,Organic
CUST07301,Customer 07301,Singapore,Asia,Mid-Market,2025-08-04,Referral
CUST07302,Customer 07302,Mexico,North America,SMB,2025-10-12,Referral
CUST07303,Customer 07303,Argentina,South America,SMB,2025-11-10,Partner
CUST07304,Customer 07304,Japan,Asia,SMB,2025-05-13,Organic
CUST07305,Customer 07305,United States,North America,Mid-Market,2025-05-09,Paid Search
CUST07306,Customer 07306,India,Asia,SMB,2024-04-22,Organic
CUST07307,Customer 07307,Germany,Europe,SMB,2024-10-15,Referral
CUST07308,Customer 07308,Canada,North America,Enterprise,2024-01-04,Partner
CUST07309,Customer 07309,Italy,Europe,Enterprise,2025-02-12,Referral
CUST07310,Customer 07310,Japan,Asia,Mid-Market,2025-07-11,Referral
CUST07311,Customer 07311,Singapore,Asia,Mid-Market,2025-05-04,Paid Search
CUST07312,Customer 07312,India,Asia,Enterprise,2024-01-12,Referral
CUST07313,Customer 07313,Singapore,Asia,Mid-Market,2025-02-10,Partner
CUST07314,Customer 07314,Mexico,North America,Mid-Market,2025-10-05,Referral
CUST07315,Customer 07315,Japan,Asia,SMB,2024-03-15,Organic
CUST07316,Customer 07316,United Kingdom,Europe,SMB,2025-01-22,Paid Search
CUST07317,Customer 07317,Chile,South America,Mid-Market,2024-07-01,Referral
CUST07318,Customer 07318,New Zealand,Oceania,Mid-Market,2025-11-10,Paid Search
CUST07319,Customer 07319,Japan,Asia,SMB,2025-02-06,Referral
CUST07320,Customer 07320,India,Asia,Mid-Market,2025-07-18,Social
CUST07321,Customer 07321,Spain,Europe,Mid-Market,2025-01-18,Partner
CUST07322,Customer 07322,Italy,Europe,SMB,2025-10-15,Organic
CUST07323,Customer 07323,India,Asia,Mid-Market,2024-07-29,Paid Search
CUST07324,Customer 07324,New Zealand,Oceania,SMB,2025-06-27,Referral
CUST07325,Customer 07325,Mexico,North America,Mid-Market,2024-11-09,Partner
CUST07326,Customer 07326,Thailand,Asia,Enterprise,2025-02-25,Organic
CUST07327,Customer 07327,Australia,Oceania,Enterprise,2025-05-16,Organic
CUST07328,Customer 07328,Singapore,Asia,Enterprise,2024-05-06,Referral
CUST07329,Customer 07329,Thailand,Asia,Mid-Market,2025-09-26,Paid Search
CUST07330,Customer 07330,South Korea,Asia,SMB,2025-06-15,Organic
CUST07331,Customer 07331,United Kingdom,Europe,Mid-Market,2024-10-26,Social
CUST07332,Customer 07332,Brazil,South America,SMB,2025-03-08,Paid Search
CUST07333,Customer 07333,South Korea,Asia,Mid-Market,2025-04-30,Organic
CUST07334,Customer 07334,Canada,North America,SMB,2024-11-28,Organic
CUST07335,Customer 07335,Singapore,Asia,SMB,2025-04-09,Organic
CUST07336,Customer 07336,New Zealand,Oceania,SMB,2025-02-12,Organic
CUST07337,Customer 07337,Canada,North America,SMB,2025-07-23,Paid Search
CUST07338,Customer 07338,South Korea,Asia,SMB,2024-06-18,Organic
CUST07339,Customer 07339,Germany,Europe,SMB,2024-01-04,Referral
CUST07340,Customer 07340,New Zealand,Oceania,SMB,2024-10-22,Paid Search
CUST07341,Customer 07341,Canada,North America,SMB,2025-08-25,Referral
CUST07342,Customer 07342,Thailand,Asia,Enterprise,2024-03-31,Social
CUST07343,Customer 07343,Brazil,South America,SMB,2025-09-21,Social
CUST07344,Customer 07344,Spain,Europe,Mid-Market,2024-10-26,Paid Search
CUST07345,Customer 07345,Singapore,Asia,SMB,2024-06-01,Paid Search
CUST07346,Customer 07346,United States,North America,Enterprise,2024-12-07,Referral
CUST07347,Customer 07347,India,Asia,Mid-Market,2025-08-16,Paid Search
CUST07348,Customer 07348,India,Asia,Enterprise,2025-09-19,Partner
CUST07349,Customer 07349,Japan,Asia,Enterprise,2025-03-24,Referral
CUST07350,Customer 07350,United Kingdom,Europe,Mid-Market,2025-01-20,Organic
CUST07351,Customer 07351,Spain,Europe,SMB,2025-08-12,Paid Search
CUST07352,Customer 07352,Spain,Europe,SMB,2025-10-26,Partner
CUST07353,Customer 07353,New Zealand,Oceania,SMB,2025-08-04,Referral
CUST07354,Customer 07354,Canada,North America,Enterprise,2025-12-08,Referral
CUST07355,Customer 07355,South Korea,Asia,Enterprise,2025-08-30,Referral
CUST07356,Customer 07356,Japan,Asia,SMB,2024-02-05,Paid Search
CUST07357,Customer 07357,United States,North America,Mid-Market,2024-01-15,Organic
CUST07358,Customer 07358,United Kingdom,Europe,SMB,2025-03-12,Referral
CUST07359,Customer 07359,Thailand,Asia,Mid-Market,2025-11-30,Organic
CUST07360,Customer 07360,United States,North America,Mid-Market,2024-08-06,Referral
CUST07361,Customer 07361,India,Asia,SMB,2025-12-07,Organic
CUST07362,Customer 07362,United States,North America,Enterprise,2025-09-14,Social
CUST07363,Customer 07363,Brazil,South America,SMB,2024-04-12,Referral
CUST07364,Customer 07364,Brazil,South America,Mid-Market,2024-12-27,Organic
CUST07365,Customer 07365,Germany,Europe,Mid-Market,2024-06-10,Partner
CUST07366,Customer 07366,Germany,Europe,SMB,2024-02-27,Referral
CUST07367,Customer 07367,France,Europe,SMB,2025-05-20,Referral
CUST07368,Customer 07368,Mexico,North America,SMB,2024-06-06,Paid Search
CUST07369,Customer 07369,Australia,Oceania,Mid-Market,2025-02-13,Paid Search
CUST07370,Customer 07370,Australia,Oceania,Enterprise,2025-05-07,Referral
CUST07371,Customer 07371,Thailand,Asia,SMB,2024-11-11,Paid Search
CUST07372,Customer 07372,Brazil,South America,SMB,2024-02-28,Referral
CUST07373,Customer 07373,Mexico,North America,SMB,2024-02-20,Organic
CUST07374,Customer 07374,Argentina,South America,SMB,2024-10-04,Partner
CUST07375,Customer 07375,Mexico,North America,SMB,2024-02-01,Social
CUST07376,Customer 07376,France,Europe,Mid-Market,2025-09-29,Paid Search
CUST07377,Customer 07377,France,Europe,SMB,2024-05-01,Paid Search
CUST07378,Customer 07378,Australia,Oceania,Mid-Market,2024-01-22,Organic
CUST07379,Customer 07379,India,Asia,SMB,2024-04-12,Partner
CUST07380,Customer 07380,Japan,Asia,Mid-Market,2025-05-23,Organic
CUST07381,Customer 07381,Thailand,Asia,SMB,2025-03-06,Partner
CUST07382,Customer 07382,India,Asia,SMB,2025-05-08,Partner
CUST07383,Customer 07383,New Zealand,Oceania,SMB,2024-09-10,Paid Search
CUST07384,Customer 07384,Italy,Europe,Mid-Market,2024-08-22,Partner
CUST07385,Customer 07385,Germany,Europe,Enterprise,2025-05-05,Paid Search
CUST07386,Customer 07386,United States,North America,SMB,2024-03-23,Paid Search
CUST07387,Customer 07387,Canada,North America,SMB,2024-10-15,Partner
CUST07388,Customer 07388,France,Europe,Mid-Market,2024-03-15,Paid Search
CUST07389,Customer 07389,Spain,Europe,SMB,2024-11-05,Organic
CUST07390,Customer 07390,Germany,Europe,Mid-Market,2025-12-09,Referral
CUST07391,Customer 07391,India,Asia,SMB,2025-09-13,Referral
CUST07392,Customer 07392,France,Europe,Enterprise,2025-05-09,Referral
CUST07393,Customer 07393,France,Europe,Mid-Market,2025-04-25,Paid Search
CUST07394,Customer 07394,United States,North America,SMB,2024-10-01,Referral
CUST07395,Customer 07395,Argentina,South America,Mid-Market,2025-05-30,Organic
CUST07396,Customer 07396,Argentina,South America,SMB,2025-09-01,Paid Search
CUST07397,Customer 07397,Singapore,Asia,Mid-Market,2025-02-12,Organic
CUST07398,Customer 07398,Japan,Asia,Mid-Market,2024-03-16,Referral
CUST07399,Customer 07399,Australia,Oceania,Mid-Market,2025-05-22,Partner
CUST07400,Customer 07400,United States,North America,SMB,2024-04-02,Organic
CUST07401,Customer 07401,United States,North America,SMB,2024-08-24,Organic
CUST07402,Customer 07402,Thailand,Asia,SMB,2024-05-24,Partner
CUST07403,Customer 07403,Japan,Asia,Mid-Market,2024-02-06,Paid Search
CUST07404,Customer 07404,United States,North America,Mid-Market,2025-07-12,Paid Search
CUST07405,Customer 07405,Canada,North America,SMB,2025-04-16,Referral
CUST07406,Customer 07406,Germany,Europe,Mid-Market,2024-10-25,Paid Search
CUST07407,Customer 07407,New Zealand,Oceania,Mid-Market,2024-10-05,Organic
CUST07408,Customer 07408,Canada,North America,Mid-Market,2025-04-14,Partner
CUST07409,Customer 07409,Mexico,North America,SMB,2025-01-23,Organic
CUST07410,Customer 07410,Germany,Europe,SMB,2024-06-18,Partner
CUST07411,Customer 07411,United States,North America,SMB,2024-12-17,Partner
CUST07412,Customer 07412,Mexico,North America,Mid-Market,2025-07-22,Organic
CUST07413,Customer 07413,France,Europe,Mid-Market,2025-02-07,Partner
CUST07414,Customer 07414,United States,North America,Enterprise,2025-08-09,Referral
CUST07415,Customer 07415,Canada,North America,SMB,2025-01-06,Social
CUST07416,Customer 07416,Argentina,South America,Mid-Market,2024-10-29,Referral
CUST07417,Customer 07417,Spain,Europe,Enterprise,2025-06-26,Paid Search
CUST07418,Customer 07418,Chile,South America,SMB,2024-06-01,Referral
CUST07419,Customer 07419,Singapore,Asia,SMB,2025-04-03,Referral
CUST07420,Customer 07420,Germany,Europe,SMB,2025-04-05,Referral
CUST07421,Customer 07421,Italy,Europe,Mid-Market,2024-07-21,Paid Search
CUST07422,Customer 07422,France,Europe,SMB,2024-07-06,Partner
CUST07423,Customer 07423,Thailand,Asia,SMB,2024-03-02,Organic
CUST07424,Customer 07424,South Korea,Asia,SMB,2024-04-18,Social
CUST07425,Customer 07425,Canada,North America,Mid-Market,2024-03-10,Paid Search
CUST07426,Customer 07426,Spain,Europe,Enterprise,2025-03-26,Organic
CUST07427,Customer 07427,New Zealand,Oceania,Mid-Market,2024-03-29,Organic
CUST07428,Customer 07428,France,Europe,Enterprise,2025-01-09,Social
CUST07429,Customer 07429,United States,North America,Mid-Market,2024-03-22,Partner
CUST07430,Customer 07430,New Zealand,Oceania,Mid-Market,2025-07-26,Paid Search
CUST07431,Customer 07431,Brazil,South America,SMB,2025-05-10,Social
CUST07432,Customer 07432,United States,North America,Enterprise,2024-08-01,Organic
CUST07433,Customer 07433,United States,North America,Enterprise,2025-06-21,Organic
CUST07434,Customer 07434,Italy,Europe,Mid-Market,2024-06-13,Organic
CUST07435,Customer 07435,Spain,Europe,SMB,2025-04-09,Paid Search
CUST07436,Customer 07436,Japan,Asia,SMB,2025-04-13,Paid Search
CUST07437,Customer 07437,France,Europe,SMB,2024-11-14,Organic
CUST07438,Customer 07438,South Korea,Asia,SMB,2025-05-27,Organic
CUST07439,Customer 07439,Germany,Europe,SMB,2025-11-23,Paid Search
CUST07440,Customer 07440,Australia,Oceania,SMB,2024-10-29,Organic
CUST07441,Customer 07441,Argentina,South America,SMB,2024-07-26,Referral
CUST07442,Customer 07442,Argentina,South America,Enterprise,2024-11-19,Paid Search
CUST07443,Customer 07443,United States,North America,Mid-Market,2025-02-19,Organic
CUST07444,Customer 07444,France,Europe,Mid-Market,2024-03-31,Organic
CUST07445,Customer 07445,Germany,Europe,SMB,2025-12-02,Referral
CUST07446,Customer 07446,Mexico,North America,SMB,2024-12-09,Partner
CUST07447,Customer 07447,Canada,North America,SMB,2025-12-05,Paid Search
CUST07448,Customer 07448,South Korea,Asia,Enterprise,2025-12-03,Referral
CUST07449,Customer 07449,India,Asia,SMB,2024-02-16,Social
CUST07450,Customer 07450,Thailand,Asia,Mid-Market,2024-03-24,Partner
CUST07451,Customer 07451,France,Europe,SMB,2024-05-12,Paid Search
CUST07452,Customer 07452,Thailand,Asia,SMB,2025-02-19,Partner
CUST07453,Customer 07453,Thailand,Asia,SMB,2024-09-15,Paid Search
CUST07454,Customer 07454,Canada,North America,SMB,2024-01-14,Paid Search
CUST07455,Customer 07455,New Zealand,Oceania,SMB,2025-02-16,Referral
CUST07456,Customer 07456,Mexico,North America,Enterprise,2024-08-25,Paid Search
CUST07457,Customer 07457,Mexico,North America,SMB,2025-09-08,Partner
CUST07458,Customer 07458,Brazil,South America,SMB,2025-07-10,Organic
CUST07459,Customer 07459,Germany,Europe,SMB,2025-09-09,Paid Search
CUST07460,Customer 07460,Mexico,North America,Enterprise,2025-02-18,Organic
CUST07461,Customer 07461,South Korea,Asia,Mid-Market,2025-05-23,Referral
CUST07462,Customer 07462,Canada,North America,Mid-Market,2024-02-29,Organic
CUST07463,Customer 07463,France,Europe,SMB,2025-07-09,Paid Search
CUST07464,Customer 07464,Australia,Oceania,Enterprise,2024-11-26,Partner
CUST07465,Customer 07465,Australia,Oceania,SMB,2024-01-04,Organic
CUST07466,Customer 07466,United Kingdom,Europe,Mid-Market,2024-02-27,Organic
CUST07467,Customer 07467,Italy,Europe,Mid-Market,2024-08-13,Referral
CUST07468,Customer 07468,Italy,Europe,SMB,2024-09-30,Paid Search
CUST07469,Customer 07469,Canada,North America,SMB,2024-06-01,Organic
CUST07470,Customer 07470,Mexico,North America,SMB,2025-07-16,Organic
CUST07471,Customer 07471,Germany,Europe,SMB,2024-11-22,Organic
CUST07472,Customer 07472,Chile,South America,SMB,2024-07-07,Organic
CUST07473,Customer 07473,South Korea,Asia,SMB,2025-05-07,Partner
CUST07474,Customer 07474,Singapore,Asia,SMB,2024-11-27,Paid Search
CUST07475,Customer 07475,Japan,Asia,Mid-Market,2025-07-23,Paid Search
CUST07476,Customer 07476,Canada,North America,SMB,2024-12-31,Organic
CUST07477,Customer 07477,Japan,Asia,Mid-Market,2025-07-01,Social
CUST07478,Customer 07478,Thailand,Asia,SMB,2025-09-15,Partner
CUST07479,Customer 07479,India,Asia,SMB,2024-02-27,Paid Search
CUST07480,Customer 07480,New Zealand,Oceania,SMB,2024-03-29,Referral
CUST07481,Customer 07481,Mexico,North America,Enterprise,2025-06-18,Paid Search
CUST07482,Customer 07482,New Zealand,Oceania,SMB,2025-02-06,Organic
CUST07483,Customer 07483,Canada,North America,Mid-Market,2024-06-24,Paid Search
CUST07484,Customer 07484,Canada,North America,Mid-Market,2024-01-23,Referral
CUST07485,Customer 07485,Singapore,Asia,Mid-Market,2025-11-29,Paid Search
CUST07486,Customer 07486,Canada,North America,SMB,2024-03-09,Paid Search
CUST07487,Customer 07487,Thailand,Asia,SMB,2024-12-04,Referral
CUST07488,Customer 07488,Italy,Europe,Mid-Market,2024-06-10,Partner
CUST07489,Customer 07489,Spain,Europe,Mid-Market,2024-10-16,Partner
CUST07490,Customer 07490,United Kingdom,Europe,Mid-Market,2025-06-10,Referral
CUST07491,Customer 07491,New Zealand,Oceania,Mid-Market,2025-01-07,Referral
CUST07492,Customer 07492,New Zealand,Oceania,SMB,2024-01-31,Paid Search
CUST07493,Customer 07493,United States,North America,Mid-Market,2024-03-04,Paid Search
CUST07494,Customer 07494,Spain,Europe,Mid-Market,2025-11-21,Referral
CUST07495,Customer 07495,Chile,South America,Enterprise,2024-07-03,Organic
CUST07496,Customer 07496,Canada,North America,Mid-Market,2024-11-08,Partner
CUST07497,Customer 07497,South Korea,Asia,SMB,2025-07-28,Organic
CUST07498,Customer 07498,United States,North America,Mid-Market,2025-09-05,Organic
CUST07499,Customer 07499,Mexico,North America,Mid-Market,2024-07-26,Organic
CUST07500,Customer 07500,United Kingdom,Europe,SMB,2024-06-11,Partner
CUST07501,Customer 07501,Mexico,North America,SMB,2024-11-15,Organic
CUST07502,Customer 07502,Canada,North America,SMB,2024-09-03,Referral
CUST07503,Customer 07503,United Kingdom,Europe,SMB,2025-05-27,Paid Search
CUST07504,Customer 07504,Singapore,Asia,Mid-Market,2025-06-15,Referral
CUST07505,Customer 07505,Canada,North America,SMB,2024-07-09,Referral
CUST07506,Customer 07506,Mexico,North America,Mid-Market,2024-10-04,Social
CUST07507,Customer 07507,New Zealand,Oceania,SMB,2025-06-18,Paid Search
CUST07508,Customer 07508,Brazil,South America,Mid-Market,2025-01-05,Paid Search
CUST07509,Customer 07509,Canada,North America,Mid-Market,2025-02-06,Organic
CUST07510,Customer 07510,United States,North America,Mid-Market,2025-08-14,Paid Search
CUST07511,Customer 07511,United States,North America,SMB,2025-04-21,Partner
CUST07512,Customer 07512,Mexico,North America,Enterprise,2025-04-20,Organic
CUST07513,Customer 07513,Spain,Europe,SMB,2024-12-18,Social
CUST07514,Customer 07514,Mexico,North America,Mid-Market,2025-09-03,Organic
CUST07515,Customer 07515,Canada,North America,SMB,2024-01-17,Partner
CUST07516,Customer 07516,Canada,North America,SMB,2024-03-04,Referral
CUST07517,Customer 07517,Chile,South America,Mid-Market,2025-05-09,Social
CUST07518,Customer 07518,United States,North America,SMB,2025-03-20,Paid Search
CUST07519,Customer 07519,India,Asia,SMB,2024-07-23,Referral
CUST07520,Customer 07520,United Kingdom,Europe,SMB,2025-03-15,Organic
CUST07521,Customer 07521,Italy,Europe,SMB,2024-03-19,Paid Search
CUST07522,Customer 07522,Singapore,Asia,Enterprise,2025-03-19,Partner
CUST07523,Customer 07523,Japan,Asia,Mid-Market,2024-09-21,Organic
CUST07524,Customer 07524,United Kingdom,Europe,SMB,2025-03-06,Partner
CUST07525,Customer 07525,Spain,Europe,Mid-Market,2024-09-06,Paid Search
CUST07526,Customer 07526,France,Europe,Mid-Market,2025-06-13,Paid Search
CUST07527,Customer 07527,Canada,North America,Mid-Market,2024-03-22,Referral
CUST07528,Customer 07528,United States,North America,Mid-Market,2025-09-08,Organic
CUST07529,Customer 07529,Japan,Asia,SMB,2024-12-27,Referral
CUST07530,Customer 07530,Italy,Europe,SMB,2024-06-16,Social
CUST07531,Customer 07531,France,Europe,Mid-Market,2025-12-04,Organic
CUST07532,Customer 07532,Italy,Europe,Mid-Market,2024-03-17,Organic
CUST07533,Customer 07533,India,Asia,Mid-Market,2025-01-27,Organic
CUST07534,Customer 07534,Italy,Europe,SMB,2024-02-24,Paid Search
CUST07535,Customer 07535,India,Asia,Mid-Market,2025-10-19,Referral
CUST07536,Customer 07536,Australia,Oceania,SMB,2024-04-25,Social
CUST07537,Customer 07537,Mexico,North America,Mid-Market,2024-07-03,Paid Search
CUST07538,Customer 07538,Argentina,South America,SMB,2025-04-24,Organic
CUST07539,Customer 07539,Italy,Europe,Mid-Market,2025-10-08,Organic
CUST07540,Customer 07540,Japan,Asia,Enterprise,2024-10-31,Paid Search
CUST07541,Customer 07541,New Zealand,Oceania,SMB,2024-07-09,Paid Search
CUST07542,Customer 07542,Thailand,Asia,Mid-Market,2024-09-12,Social
CUST07543,Customer 07543,Mexico,North America,Mid-Market,2025-11-01,Organic
CUST07544,Customer 07544,Australia,Oceania,SMB,2025-10-27,Partner
CUST07545,Customer 07545,United States,North America,SMB,2024-03-30,Paid Search
CUST07546,Customer 07546,South Korea,Asia,Mid-Market,2025-10-20,Partner
CUST07547,Customer 07547,Mexico,North America,SMB,2025-09-06,Partner
CUST07548,Customer 07548,United Kingdom,Europe,SMB,2025-01-28,Partner
CUST07549,Customer 07549,Italy,Europe,Enterprise,2024-07-05,Paid Search
CUST07550,Customer 07550,Spain,Europe,Mid-Market,2024-12-01,Paid Search
CUST07551,Customer 07551,Chile,South America,Mid-Market,2025-07-20,Organic
CUST07552,Customer 07552,Canada,North America,Mid-Market,2024-07-16,Organic
CUST07553,Customer 07553,Japan,Asia,SMB,2024-09-08,Referral
CUST07554,Customer 07554,United Kingdom,Europe,Mid-Market,2024-12-02,Social
CUST07555,Customer 07555,Canada,North America,SMB,2024-02-19,Referral
CUST07556,Customer 07556,New Zealand,Oceania,SMB,2024-10-27,Paid Search
CUST07557,Customer 07557,Japan,Asia,Mid-Market,2024-04-07,Organic
CUST07558,Customer 07558,India,Asia,Enterprise,2024-01-06,Referral
CUST07559,Customer 07559,Brazil,South America,SMB,2024-10-09,Organic
CUST07560,Customer 07560,Argentina,South America,Enterprise,2025-07-08,Organic
CUST07561,Customer 07561,Australia,Oceania,Mid-Market,2025-12-19,Organic
CUST07562,Customer 07562,Japan,Asia,SMB,2024-11-16,Partner
CUST07563,Customer 07563,France,Europe,SMB,2025-07-05,Paid Search
CUST07564,Customer 07564,Thailand,Asia,SMB,2024-06-11,Social
CUST07565,Customer 07565,Singapore,Asia,Mid-Market,2025-04-10,Paid Search
CUST07566,Customer 07566,Chile,South America,SMB,2025-05-02,Referral
CUST07567,Customer 07567,United Kingdom,Europe,SMB,2024-08-30,Partner
CUST07568,Customer 07568,United States,North America,SMB,2024-11-23,Partner
CUST07569,Customer 07569,Australia,Oceania,Enterprise,2025-05-04,Organic
CUST07570,Customer 07570,New Zealand,Oceania,SMB,2024-08-17,Organic
CUST07571,Customer 07571,Canada,North America,SMB,2025-03-17,Organic
CUST07572,Customer 07572,New Zealand,Oceania,SMB,2024-06-17,Paid Search
CUST07573,Customer 07573,Italy,Europe,SMB,2025-01-26,Organic
CUST07574,Customer 07574,Singapore,Asia,SMB,2024-02-13,Referral
CUST07575,Customer 07575,United Kingdom,Europe,Mid-Market,2024-11-22,Paid Search
CUST07576,Customer 07576,Australia,Oceania,Mid-Market,2025-01-02,Social
CUST07577,Customer 07577,Australia,Oceania,SMB,2025-08-27,Partner
CUST07578,Customer 07578,Germany,Europe,Mid-Market,2024-10-01,Referral
CUST07579,Customer 07579,France,Europe,SMB,2024-01-05,Referral
CUST07580,Customer 07580,South Korea,Asia,Mid-Market,2024-01-30,Organic
CUST07581,Customer 07581,Thailand,Asia,SMB,2025-01-29,Organic
CUST07582,Customer 07582,Argentina,South America,Enterprise,2025-08-16,Paid Search
CUST07583,Customer 07583,Italy,Europe,Enterprise,2025-10-12,Social
CUST07584,Customer 07584,Mexico,North America,Mid-Market,2025-08-13,Organic
CUST07585,Customer 07585,Mexico,North America,SMB,2024-09-05,Paid Search
CUST07586,Customer 07586,Japan,Asia,SMB,2024-12-24,Partner
CUST07587,Customer 07587,France,Europe,Mid-Market,2025-10-11,Paid Search
CUST07588,Customer 07588,New Zealand,Oceania,SMB,2025-09-05,Social
CUST07589,Customer 07589,United States,North America,SMB,2024-11-27,Social
CUST07590,Customer 07590,Japan,Asia,SMB,2024-12-17,Organic
CUST07591,Customer 07591,Singapore,Asia,SMB,2024-02-20,Referral
CUST07592,Customer 07592,New Zealand,Oceania,SMB,2024-05-03,Organic
CUST07593,Customer 07593,Brazil,South America,SMB,2025-01-21,Paid Search
CUST07594,Customer 07594,Brazil,South America,Mid-Market,2025-01-13,Partner
CUST07595,Customer 07595,Mexico,North America,SMB,2025-02-24,Organic
CUST07596,Customer 07596,Argentina,South America,SMB,2024-08-16,Social
CUST07597,Customer 07597,South Korea,Asia,SMB,2024-06-14,Social
CUST07598,Customer 07598,United States,North America,Enterprise,2024-11-26,Referral
CUST07599,Customer 07599,Japan,Asia,Mid-Market,2025-10-04,Paid Search
CUST07600,Customer 07600,Canada,North America,Mid-Market,2025-12-10,Organic
CUST07601,Customer 07601,Australia,Oceania,Mid-Market,2024-02-08,Paid Search
CUST07602,Customer 07602,Australia,Oceania,Mid-Market,2024-09-16,Organic
CUST07603,Customer 07603,Mexico,North America,SMB,2025-01-16,Organic
CUST07604,Customer 07604,Mexico,North America,Mid-Market,2024-06-06,Organic
CUST07605,Customer 07605,Argentina,South America,SMB,2024-09-15,Referral
CUST07606,Customer 07606,Australia,Oceania,Mid-Market,2024-04-03,Organic
CUST07607,Customer 07607,United States,North America,SMB,2024-12-05,Paid Search
CUST07608,Customer 07608,United Kingdom,Europe,Enterprise,2025-10-08,Referral
CUST07609,Customer 07609,South Korea,Asia,SMB,2025-11-09,Organic
CUST07610,Customer 07610,Argentina,South America,SMB,2024-01-11,Paid Search
CUST07611,Customer 07611,Canada,North America,Mid-Market,2025-04-10,Organic
CUST07612,Customer 07612,United States,North America,SMB,2025-10-25,Organic
CUST07613,Customer 07613,United States,North America,SMB,2025-07-15,Organic
CUST07614,Customer 07614,India,Asia,Enterprise,2024-02-15,Organic
CUST07615,Customer 07615,Singapore,Asia,Mid-Market,2024-10-11,Paid Search
CUST07616,Customer 07616,Brazil,South America,Mid-Market,2025-07-04,Organic
CUST07617,Customer 07617,India,Asia,SMB,2025-12-17,Paid Search
CUST07618,Customer 07618,Canada,North America,SMB,2024-08-02,Referral
CUST07619,Customer 07619,Canada,North America,SMB,2024-07-25,Referral
CUST07620,Customer 07620,Chile,South America,Mid-Market,2024-07-01,Paid Search
CUST07621,Customer 07621,Singapore,Asia,Mid-Market,2025-10-16,Social
CUST07622,Customer 07622,United States,North America,SMB,2024-05-11,Partner
CUST07623,Customer 07623,Italy,Europe,SMB,2024-09-24,Referral
CUST07624,Customer 07624,Italy,Europe,SMB,2024-04-08,Paid Search
CUST07625,Customer 07625,Thailand,Asia,SMB,2025-11-17,Organic
CUST07626,Customer 07626,Italy,Europe,SMB,2024-02-18,Paid Search
CUST07627,Customer 07627,Australia,Oceania,SMB,2025-01-05,Paid Search
CUST07628,Customer 07628,New Zealand,Oceania,SMB,2024-04-23,Social
CUST07629,Customer 07629,Italy,Europe,SMB,2024-10-24,Social
CUST07630,Customer 07630,Argentina,South America,SMB,2025-03-06,Organic
CUST07631,Customer 07631,Mexico,North America,SMB,2025-05-25,Social
CUST07632,Customer 07632,Mexico,North America,Mid-Market,2025-02-20,Partner
CUST07633,Customer 07633,Chile,South America,SMB,2024-11-08,Referral
CUST07634,Customer 07634,Canada,North America,SMB,2024-07-24,Social
CUST07635,Customer 07635,United Kingdom,Europe,SMB,2025-08-09,Paid Search
CUST07636,Customer 07636,Spain,Europe,SMB,2025-05-11,Paid Search
CUST07637,Customer 07637,Thailand,Asia,SMB,2025-05-06,Partner
CUST07638,Customer 07638,Australia,Oceania,SMB,2025-07-16,Organic
CUST07639,Customer 07639,United States,North America,SMB,2024-06-10,Referral
CUST07640,Customer 07640,Thailand,Asia,Mid-Market,2025-12-17,Partner
CUST07641,Customer 07641,France,Europe,Mid-Market,2025-11-03,Partner
CUST07642,Customer 07642,New Zealand,Oceania,SMB,2024-11-17,Organic
CUST07643,Customer 07643,India,Asia,SMB,2024-05-29,Referral
CUST07644,Customer 07644,Mexico,North America,Enterprise,2024-09-30,Organic
CUST07645,Customer 07645,Mexico,North America,SMB,2024-10-11,Partner
CUST07646,Customer 07646,Japan,Asia,Enterprise,2025-12-12,Paid Search
CUST07647,Customer 07647,Germany,Europe,Mid-Market,2024-07-30,Referral
CUST07648,Customer 07648,Thailand,Asia,SMB,2025-11-19,Partner
CUST07649,Customer 07649,India,Asia,SMB,2024-06-17,Paid Search
CUST07650,Customer 07650,United States,North America,SMB,2025-11-08,Paid Search
CUST07651,Customer 07651,Chile,South America,Mid-Market,2025-11-10,Paid Search
CUST07652,Customer 07652,Italy,Europe,SMB,2025-03-21,Referral
CUST07653,Customer 07653,United States,North America,Mid-Market,2024-03-19,Referral
CUST07654,Customer 07654,France,Europe,SMB,2025-03-27,Partner
CUST07655,Customer 07655,Italy,Europe,Mid-Market,2025-10-28,Organic
CUST07656,Customer 07656,Canada,North America,Mid-Market,2025-11-09,Paid Search
CUST07657,Customer 07657,Canada,North America,SMB,2024-11-30,Paid Search
CUST07658,Customer 07658,Canada,North America,SMB,2024-12-16,Organic
CUST07659,Customer 07659,Germany,Europe,SMB,2024-10-07,Partner
CUST07660,Customer 07660,United States,North America,Mid-Market,2024-06-05,Paid Search
CUST07661,Customer 07661,Thailand,Asia,Mid-Market,2025-04-22,Organic
CUST07662,Customer 07662,Australia,Oceania,SMB,2025-12-21,Referral
CUST07663,Customer 07663,Mexico,North America,Mid-Market,2024-07-14,Paid Search
CUST07664,Customer 07664,Australia,Oceania,SMB,2025-09-07,Referral
CUST07665,Customer 07665,Spain,Europe,SMB,2024-03-11,Organic
CUST07666,Customer 07666,Singapore,Asia,Enterprise,2024-02-10,Organic
CUST07667,Customer 07667,Mexico,North America,SMB,2025-10-20,Organic
CUST07668,Customer 07668,Thailand,Asia,Mid-Market,2024-03-23,Paid Search
CUST07669,Customer 07669,Canada,North America,SMB,2024-10-29,Referral
CUST07670,Customer 07670,Mexico,North America,Mid-Market,2025-10-06,Referral
CUST07671,Customer 07671,Australia,Oceania,SMB,2024-09-12,Organic
CUST07672,Customer 07672,Italy,Europe,SMB,2024-08-08,Referral
CUST07673,Customer 07673,New Zealand,Oceania,SMB,2024-01-30,Paid Search
CUST07674,Customer 07674,Thailand,Asia,Mid-Market,2025-05-24,Partner
CUST07675,Customer 07675,South Korea,Asia,SMB,2024-08-21,Organic
CUST07676,Customer 07676,Canada,North America,SMB,2024-03-27,Referral
CUST07677,Customer 07677,India,Asia,SMB,2024-12-13,Referral
CUST07678,Customer 07678,New Zealand,Oceania,SMB,2024-05-04,Referral
CUST07679,Customer 07679,Australia,Oceania,Mid-Market,2025-09-12,Paid Search
CUST07680,Customer 07680,New Zealand,Oceania,Mid-Market,2025-06-30,Organic
CUST07681,Customer 07681,New Zealand,Oceania,Mid-Market,2025-12-17,Organic
CUST07682,Customer 07682,United States,North America,SMB,2025-12-16,Partner
CUST07683,Customer 07683,Thailand,Asia,SMB,2025-09-03,Referral
CUST07684,Customer 07684,Argentina,South America,SMB,2025-01-02,Referral
CUST07685,Customer 07685,Germany,Europe,SMB,2024-05-04,Paid Search
CUST07686,Customer 07686,Chile,South America,Enterprise,2024-02-01,Organic
CUST07687,Customer 07687,India,Asia,SMB,2024-03-07,Paid Search
CUST07688,Customer 07688,Canada,North America,Enterprise,2024-06-20,Referral
CUST07689,Customer 07689,Singapore,Asia,SMB,2025-10-07,Organic
CUST07690,Customer 07690,South Korea,Asia,Mid-Market,2024-06-04,Social
CUST07691,Customer 07691,France,Europe,Mid-Market,2024-03-08,Organic
CUST07692,Customer 07692,India,Asia,Mid-Market,2025-11-14,Referral
CUST07693,Customer 07693,Japan,Asia,Mid-Market,2024-11-14,Paid Search
CUST07694,Customer 07694,Italy,Europe,SMB,2024-11-02,Partner
CUST07695,Customer 07695,Spain,Europe,Mid-Market,2024-08-08,Partner
CUST07696,Customer 07696,United States,North America,SMB,2025-11-23,Paid Search
CUST07697,Customer 07697,Japan,Asia,SMB,2024-09-11,Paid Search
CUST07698,Customer 07698,Chile,South America,SMB,2025-09-20,Social
CUST07699,Customer 07699,France,Europe,SMB,2025-12-26,Referral
CUST07700,Customer 07700,United States,North America,Enterprise,2024-11-25,Organic
CUST07701,Customer 07701,Spain,Europe,SMB,2025-05-27,Partner
CUST07702,Customer 07702,Canada,North America,SMB,2024-01-19,Paid Search
CUST07703,Customer 07703,Canada,North America,SMB,2025-07-25,Organic
CUST07704,Customer 07704,Canada,North America,Mid-Market,2025-12-12,Partner
CUST07705,Customer 07705,South Korea,Asia,Mid-Market,2024-05-22,Social
CUST07706,Customer 07706,United States,North America,Enterprise,2024-01-08,Organic
CUST07707,Customer 07707,Italy,Europe,Mid-Market,2024-02-02,Paid Search
CUST07708,Customer 07708,Japan,Asia,SMB,2025-09-17,Organic
CUST07709,Customer 07709,Singapore,Asia,SMB,2024-06-27,Partner
CUST07710,Customer 07710,United States,North America,SMB,2024-10-29,Partner
CUST07711,Customer 07711,India,Asia,Mid-Market,2024-09-02,Social
CUST07712,Customer 07712,Canada,North America,Enterprise,2024-08-08,Organic
CUST07713,Customer 07713,India,Asia,SMB,2024-04-30,Organic
CUST07714,Customer 07714,Spain,Europe,SMB,2024-10-25,Referral
CUST07715,Customer 07715,Thailand,Asia,Mid-Market,2025-11-06,Organic
CUST07716,Customer 07716,France,Europe,Mid-Market,2024-09-17,Organic
CUST07717,Customer 07717,United States,North America,Mid-Market,2025-08-08,Organic
CUST07718,Customer 07718,Argentina,South America,SMB,2025-05-18,Referral
CUST07719,Customer 07719,United States,North America,SMB,2025-08-05,Referral
CUST07720,Customer 07720,Thailand,Asia,SMB,2025-02-22,Partner
CUST07721,Customer 07721,Germany,Europe,SMB,2024-09-28,Organic
CUST07722,Customer 07722,Argentina,South America,Mid-Market,2024-07-06,Partner
CUST07723,Customer 07723,Germany,Europe,SMB,2024-07-23,Paid Search
CUST07724,Customer 07724,Thailand,Asia,SMB,2025-01-20,Paid Search
CUST07725,Customer 07725,Brazil,South America,Enterprise,2024-10-22,Referral
CUST07726,Customer 07726,Singapore,Asia,SMB,2024-10-23,Partner
CUST07727,Customer 07727,Spain,Europe,SMB,2024-09-26,Organic
CUST07728,Customer 07728,Singapore,Asia,Enterprise,2025-11-03,Partner
CUST07729,Customer 07729,United States,North America,SMB,2025-04-15,Referral
CUST07730,Customer 07730,Germany,Europe,Mid-Market,2025-10-14,Referral
CUST07731,Customer 07731,Canada,North America,SMB,2025-11-09,Partner
CUST07732,Customer 07732,India,Asia,Enterprise,2025-03-27,Referral
CUST07733,Customer 07733,Japan,Asia,SMB,2024-03-08,Referral
CUST07734,Customer 07734,Italy,Europe,SMB,2025-12-06,Paid Search
CUST07735,Customer 07735,Argentina,South America,Enterprise,2024-12-15,Paid Search
CUST07736,Customer 07736,Thailand,Asia,Mid-Market,2024-10-01,Partner
CUST07737,Customer 07737,Mexico,North America,SMB,2024-10-29,Social
CUST07738,Customer 07738,India,Asia,SMB,2024-03-05,Partner
CUST07739,Customer 07739,Spain,Europe,SMB,2025-04-30,Partner
CUST07740,Customer 07740,Thailand,Asia,SMB,2024-02-04,Referral
CUST07741,Customer 07741,United States,North America,SMB,2025-06-10,Partner
CUST07742,Customer 07742,Japan,Asia,SMB,2025-09-01,Organic
CUST07743,Customer 07743,Argentina,South America,Enterprise,2024-11-04,Paid Search
CUST07744,Customer 07744,Australia,Oceania,Mid-Market,2024-10-07,Referral
CUST07745,Customer 07745,Canada,North America,Enterprise,2025-05-07,Paid Search
CUST07746,Customer 07746,Mexico,North America,SMB,2025-09-20,Referral
CUST07747,Customer 07747,Canada,North America,SMB,2024-03-10,Social
CUST07748,Customer 07748,Mexico,North America,Mid-Market,2024-12-01,Partner
CUST07749,Customer 07749,Japan,Asia,SMB,2024-08-24,Partner
CUST07750,Customer 07750,Argentina,South America,SMB,2024-01-09,Partner
CUST07751,Customer 07751,Brazil,South America,Mid-Market,2024-01-07,Partner
CUST07752,Customer 07752,Japan,Asia,Mid-Market,2025-01-21,Referral
CUST07753,Customer 07753,New Zealand,Oceania,SMB,2025-07-12,Organic
CUST07754,Customer 07754,Brazil,South America,SMB,2025-03-10,Partner
CUST07755,Customer 07755,Thailand,Asia,SMB,2024-06-30,Organic
CUST07756,Customer 07756,Australia,Oceania,Mid-Market,2024-11-26,Referral
CUST07757,Customer 07757,Germany,Europe,SMB,2025-12-06,Organic
CUST07758,Customer 07758,Italy,Europe,Enterprise,2025-09-04,Paid Search
CUST07759,Customer 07759,India,Asia,SMB,2024-03-28,Paid Search
CUST07760,Customer 07760,United States,North America,SMB,2025-04-15,Referral
CUST07761,Customer 07761,India,Asia,Mid-Market,2025-04-01,Partner
CUST07762,Customer 07762,New Zealand,Oceania,Enterprise,2024-09-23,Organic
CUST07763,Customer 07763,Thailand,Asia,Mid-Market,2024-09-23,Organic
CUST07764,Customer 07764,India,Asia,SMB,2025-06-09,Social
CUST07765,Customer 07765,Canada,North America,SMB,2025-11-14,Organic
CUST07766,Customer 07766,United Kingdom,Europe,Mid-Market,2024-08-21,Referral
CUST07767,Customer 07767,Mexico,North America,Mid-Market,2025-11-08,Partner
CUST07768,Customer 07768,Japan,Asia,Enterprise,2025-09-04,Referral
CUST07769,Customer 07769,New Zealand,Oceania,SMB,2024-02-08,Organic
CUST07770,Customer 07770,Canada,North America,Mid-Market,2024-07-23,Referral
CUST07771,Customer 07771,Germany,Europe,SMB,2024-11-18,Social
CUST07772,Customer 07772,United Kingdom,Europe,SMB,2025-05-02,Paid Search
CUST07773,Customer 07773,United Kingdom,Europe,SMB,2024-06-14,Referral
CUST07774,Customer 07774,New Zealand,Oceania,SMB,2024-10-30,Organic
CUST07775,Customer 07775,Canada,North America,SMB,2024-03-08,Social
CUST07776,Customer 07776,Thailand,Asia,SMB,2024-03-14,Organic
CUST07777,Customer 07777,France,Europe,Mid-Market,2024-11-13,Paid Search
CUST07778,Customer 07778,Chile,South America,Mid-Market,2025-04-05,Organic
CUST07779,Customer 07779,Spain,Europe,SMB,2024-11-26,Social
CUST07780,Customer 07780,United States,North America,Mid-Market,2024-10-07,Referral
CUST07781,Customer 07781,Canada,North America,SMB,2024-12-29,Organic
CUST07782,Customer 07782,Thailand,Asia,SMB,2025-04-08,Organic
CUST07783,Customer 07783,Canada,North America,Enterprise,2025-06-05,Partner
CUST07784,Customer 07784,Spain,Europe,SMB,2025-01-29,Organic
CUST07785,Customer 07785,Singapore,Asia,SMB,2024-03-08,Referral
CUST07786,Customer 07786,New Zealand,Oceania,Mid-Market,2024-01-31,Referral
CUST07787,Customer 07787,Canada,North America,SMB,2024-09-07,Partner
CUST07788,Customer 07788,Argentina,South America,SMB,2024-05-29,Referral
CUST07789,Customer 07789,United States,North America,Mid-Market,2025-01-27,Partner
CUST07790,Customer 07790,Germany,Europe,Mid-Market,2025-05-27,Organic
CUST07791,Customer 07791,United States,North America,SMB,2024-07-03,Paid Search
CUST07792,Customer 07792,Mexico,North America,Enterprise,2024-12-07,Organic
CUST07793,Customer 07793,United Kingdom,Europe,SMB,2024-06-08,Paid Search
CUST07794,Customer 07794,Japan,Asia,SMB,2024-12-06,Referral
CUST07795,Customer 07795,Canada,North America,SMB,2024-10-03,Referral
CUST07796,Customer 07796,Canada,North America,SMB,2024-01-02,Social
CUST07797,Customer 07797,Spain,Europe,Enterprise,2025-05-01,Social
CUST07798,Customer 07798,Argentina,South America,Mid-Market,2024-08-09,Paid Search
CUST07799,Customer 07799,Singapore,Asia,SMB,2025-06-30,Referral
CUST07800,Customer 07800,Singapore,Asia,SMB,2025-05-04,Referral
CUST07801,Customer 07801,Italy,Europe,SMB,2024-05-22,Social
CUST07802,Customer 07802,Argentina,South America,Mid-Market,2025-10-10,Organic
CUST07803,Customer 07803,India,Asia,SMB,2024-01-17,Referral
CUST07804,Customer 07804,South Korea,Asia,Enterprise,2025-02-23,Paid Search
CUST07805,Customer 07805,United Kingdom,Europe,SMB,2025-08-09,Paid Search
CUST07806,Customer 07806,Canada,North America,SMB,2025-01-30,Referral
CUST07807,Customer 07807,Canada,North America,Enterprise,2025-02-11,Organic
CUST07808,Customer 07808,Singapore,Asia,Enterprise,2024-12-09,Organic
CUST07809,Customer 07809,New Zealand,Oceania,SMB,2024-02-13,Partner
CUST07810,Customer 07810,Germany,Europe,SMB,2025-05-10,Organic
CUST07811,Customer 07811,Germany,Europe,Enterprise,2025-11-27,Paid Search
CUST07812,Customer 07812,Mexico,North America,Mid-Market,2025-08-06,Referral
CUST07813,Customer 07813,Mexico,North America,Mid-Market,2024-02-12,Referral
CUST07814,Customer 07814,Singapore,Asia,Mid-Market,2024-06-10,Referral
CUST07815,Customer 07815,Canada,North America,Enterprise,2025-08-31,Social
CUST07816,Customer 07816,Singapore,Asia,SMB,2025-06-05,Paid Search
CUST07817,Customer 07817,Mexico,North America,SMB,2024-09-24,Organic
CUST07818,Customer 07818,Canada,North America,SMB,2024-06-27,Organic
CUST07819,Customer 07819,New Zealand,Oceania,Mid-Market,2024-12-03,Paid Search
CUST07820,Customer 07820,Japan,Asia,SMB,2024-01-24,Paid Search
CUST07821,Customer 07821,Canada,North America,SMB,2024-03-06,Social
CUST07822,Customer 07822,Mexico,North America,Mid-Market,2024-02-24,Paid Search
CUST07823,Customer 07823,Japan,Asia,SMB,2025-08-26,Paid Search
CUST07824,Customer 07824,India,Asia,Enterprise,2024-02-04,Partner
CUST07825,Customer 07825,Australia,Oceania,SMB,2025-02-07,Partner
CUST07826,Customer 07826,Spain,Europe,Mid-Market,2024-07-23,Referral
CUST07827,Customer 07827,Canada,North America,Mid-Market,2025-07-07,Paid Search
CUST07828,Customer 07828,Germany,Europe,SMB,2024-04-02,Organic
CUST07829,Customer 07829,Chile,South America,SMB,2025-10-27,Referral
CUST07830,Customer 07830,Spain,Europe,SMB,2024-03-03,Organic
CUST07831,Customer 07831,Australia,Oceania,Mid-Market,2025-09-10,Paid Search
CUST07832,Customer 07832,Canada,North America,Mid-Market,2024-04-17,Partner
CUST07833,Customer 07833,Italy,Europe,SMB,2024-01-22,Paid Search
CUST07834,Customer 07834,United States,North America,SMB,2024-01-28,Organic
CUST07835,Customer 07835,United States,North America,Enterprise,2025-07-24,Organic
CUST07836,Customer 07836,Singapore,Asia,SMB,2024-09-08,Partner
CUST07837,Customer 07837,Singapore,Asia,Enterprise,2024-10-31,Organic
CUST07838,Customer 07838,United States,North America,SMB,2025-08-24,Paid Search
CUST07839,Customer 07839,United States,North America,SMB,2024-07-10,Partner
CUST07840,Customer 07840,Thailand,Asia,SMB,2025-02-08,Organic
CUST07841,Customer 07841,Argentina,South America,SMB,2024-08-06,Referral
CUST07842,Customer 07842,South Korea,Asia,Enterprise,2024-02-17,Organic
CUST07843,Customer 07843,United Kingdom,Europe,Mid-Market,2025-12-27,Referral
CUST07844,Customer 07844,Canada,North America,Mid-Market,2024-10-01,Organic
CUST07845,Customer 07845,United Kingdom,Europe,Mid-Market,2025-09-11,Organic
CUST07846,Customer 07846,Singapore,Asia,Mid-Market,2024-11-10,Organic
CUST07847,Customer 07847,Mexico,North America,Mid-Market,2025-09-25,Partner
CUST07848,Customer 07848,Thailand,Asia,Mid-Market,2024-05-06,Paid Search
CUST07849,Customer 07849,Italy,Europe,Mid-Market,2025-01-29,Partner
CUST07850,Customer 07850,Mexico,North America,Mid-Market,2024-09-29,Referral
CUST07851,Customer 07851,United States,North America,SMB,2025-12-26,Partner
CUST07852,Customer 07852,Argentina,South America,SMB,2024-09-03,Referral
CUST07853,Customer 07853,Mexico,North America,SMB,2025-07-17,Paid Search
CUST07854,Customer 07854,Japan,Asia,SMB,2024-12-26,Referral
CUST07855,Customer 07855,Singapore,Asia,SMB,2024-10-19,Organic
CUST07856,Customer 07856,United States,North America,SMB,2025-05-24,Social
CUST07857,Customer 07857,Germany,Europe,SMB,2025-04-16,Social
CUST07858,Customer 07858,Italy,Europe,Mid-Market,2024-12-16,Organic
CUST07859,Customer 07859,Brazil,South America,Mid-Market,2024-02-10,Social
CUST07860,Customer 07860,Canada,North America,SMB,2024-02-24,Organic
CUST07861,Customer 07861,Canada,North America,Enterprise,2025-03-13,Referral
CUST07862,Customer 07862,Spain,Europe,Enterprise,2024-02-10,Partner
CUST07863,Customer 07863,Spain,Europe,Enterprise,2025-03-18,Organic
CUST07864,Customer 07864,Singapore,Asia,SMB,2025-10-11,Organic
CUST07865,Customer 07865,United States,North America,SMB,2025-07-30,Partner
CUST07866,Customer 07866,Singapore,Asia,SMB,2025-05-22,Paid Search
CUST07867,Customer 07867,Spain,Europe,Mid-Market,2024-07-19,Paid Search
CUST07868,Customer 07868,United Kingdom,Europe,Mid-Market,2025-04-25,Partner
CUST07869,Customer 07869,Canada,North America,Mid-Market,2024-05-14,Organic
CUST07870,Customer 07870,Mexico,North America,Mid-Market,2025-10-29,Organic
CUST07871,Customer 07871,United Kingdom,Europe,Enterprise,2024-03-06,Social
CUST07872,Customer 07872,United Kingdom,Europe,Mid-Market,2025-01-30,Referral
CUST07873,Customer 07873,Singapore,Asia,Enterprise,2024-12-21,Referral
CUST07874,Customer 07874,Spain,Europe,Mid-Market,2024-02-23,Paid Search
CUST07875,Customer 07875,Canada,North America,SMB,2024-05-16,Social
CUST07876,Customer 07876,France,Europe,Mid-Market,2025-06-06,Organic
CUST07877,Customer 07877,Canada,North America,SMB,2025-03-11,Organic
CUST07878,Customer 07878,Mexico,North America,SMB,2024-04-28,Paid Search
CUST07879,Customer 07879,New Zealand,Oceania,Enterprise,2024-04-12,Referral
CUST07880,Customer 07880,New Zealand,Oceania,SMB,2025-05-01,Organic
CUST07881,Customer 07881,South Korea,Asia,SMB,2025-04-27,Paid Search
CUST07882,Customer 07882,Italy,Europe,Enterprise,2024-10-19,Paid Search
CUST07883,Customer 07883,Singapore,Asia,SMB,2024-01-15,Referral
CUST07884,Customer 07884,Canada,North America,SMB,2024-01-21,Organic
CUST07885,Customer 07885,United Kingdom,Europe,SMB,2024-04-20,Referral
CUST07886,Customer 07886,South Korea,Asia,SMB,2024-02-10,Paid Search
CUST07887,Customer 07887,Singapore,Asia,SMB,2025-02-10,Paid Search
CUST07888,Customer 07888,France,Europe,SMB,2024-10-14,Organic
CUST07889,Customer 07889,United States,North America,Mid-Market,2024-06-07,Social
CUST07890,Customer 07890,United States,North America,SMB,2025-03-10,Referral
CUST07891,Customer 07891,Canada,North America,Mid-Market,2025-05-29,Organic
CUST07892,Customer 07892,New Zealand,Oceania,SMB,2024-05-04,Paid Search
CUST07893,Customer 07893,Italy,Europe,SMB,2025-04-01,Organic
CUST07894,Customer 07894,Spain,Europe,Mid-Market,2024-03-19,Paid Search
CUST07895,Customer 07895,South Korea,Asia,SMB,2025-03-14,Referral
CUST07896,Customer 07896,United States,North America,SMB,2024-10-02,Organic
CUST07897,Customer 07897,Mexico,North America,SMB,2024-03-21,Social
CUST07898,Customer 07898,Spain,Europe,SMB,2025-08-10,Paid Search
CUST07899,Customer 07899,New Zealand,Oceania,SMB,2024-05-13,Organic
CUST07900,Customer 07900,Singapore,Asia,SMB,2025-07-27,Organic
CUST07901,Customer 07901,Japan,Asia,SMB,2024-09-24,Organic
CUST07902,Customer 07902,Mexico,North America,SMB,2025-05-15,Partner
CUST07903,Customer 07903,Australia,Oceania,SMB,2025-05-31,Paid Search
CUST07904,Customer 07904,Mexico,North America,Mid-Market,2024-11-06,Partner
CUST07905,Customer 07905,New Zealand,Oceania,SMB,2025-05-02,Organic
CUST07906,Customer 07906,Spain,Europe,Mid-Market,2024-11-19,Paid Search
CUST07907,Customer 07907,Canada,North America,Mid-Market,2025-03-19,Paid Search
CUST07908,Customer 07908,Chile,South America,SMB,2024-06-14,Paid Search
CUST07909,Customer 07909,Mexico,North America,SMB,2024-11-06,Organic
CUST07910,Customer 07910,Thailand,Asia,SMB,2024-04-10,Organic
CUST07911,Customer 07911,Australia,Oceania,SMB,2024-10-30,Social
CUST07912,Customer 07912,Italy,Europe,SMB,2024-01-12,Referral
CUST07913,Customer 07913,Thailand,Asia,SMB,2024-10-26,Organic
CUST07914,Customer 07914,Brazil,South America,Enterprise,2025-09-20,Partner
CUST07915,Customer 07915,Australia,Oceania,Mid-Market,2024-09-21,Paid Search
CUST07916,Customer 07916,Australia,Oceania,SMB,2024-12-28,Partner
CUST07917,Customer 07917,Argentina,South America,Enterprise,2025-09-17,Social
CUST07918,Customer 07918,Italy,Europe,SMB,2024-01-03,Organic
CUST07919,Customer 07919,New Zealand,Oceania,SMB,2025-05-05,Social
CUST07920,Customer 07920,India,Asia,SMB,2025-01-21,Organic
CUST07921,Customer 07921,United States,North America,Enterprise,2024-09-07,Organic
CUST07922,Customer 07922,Thailand,Asia,SMB,2024-07-07,Referral
CUST07923,Customer 07923,Argentina,South America,Mid-Market,2025-03-09,Referral
CUST07924,Customer 07924,United States,North America,Mid-Market,2024-11-08,Organic
CUST07925,Customer 07925,Argentina,South America,SMB,2024-10-15,Organic
CUST07926,Customer 07926,Spain,Europe,SMB,2025-05-06,Organic
CUST07927,Customer 07927,France,Europe,SMB,2024-10-19,Paid Search
CUST07928,Customer 07928,Singapore,Asia,Mid-Market,2025-08-14,Paid Search
CUST07929,Customer 07929,Italy,Europe,SMB,2024-07-27,Organic
CUST07930,Customer 07930,Mexico,North America,SMB,2025-05-27,Social
CUST07931,Customer 07931,Singapore,Asia,SMB,2025-02-15,Partner
CUST07932,Customer 07932,Mexico,North America,Mid-Market,2025-10-17,Social
CUST07933,Customer 07933,Italy,Europe,Mid-Market,2024-10-19,Organic
CUST07934,Customer 07934,United Kingdom,Europe,SMB,2024-06-20,Organic
CUST07935,Customer 07935,Canada,North America,SMB,2024-10-18,Paid Search
CUST07936,Customer 07936,South Korea,Asia,SMB,2025-04-28,Referral
CUST07937,Customer 07937,Germany,Europe,SMB,2024-11-10,Referral
CUST07938,Customer 07938,France,Europe,SMB,2025-10-12,Organic
CUST07939,Customer 07939,France,Europe,Mid-Market,2024-04-23,Partner
CUST07940,Customer 07940,Mexico,North America,SMB,2024-08-13,Paid Search
CUST07941,Customer 07941,Spain,Europe,SMB,2025-12-19,Paid Search
CUST07942,Customer 07942,Thailand,Asia,SMB,2025-08-07,Paid Search
CUST07943,Customer 07943,United States,North America,SMB,2024-02-26,Organic
CUST07944,Customer 07944,United States,North America,Mid-Market,2025-11-18,Organic
CUST07945,Customer 07945,United States,North America,Mid-Market,2024-11-07,Social
CUST07946,Customer 07946,India,Asia,SMB,2025-04-15,Referral
CUST07947,Customer 07947,Australia,Oceania,SMB,2024-01-13,Organic
CUST07948,Customer 07948,Singapore,Asia,Mid-Market,2024-04-30,Organic
CUST07949,Customer 07949,Thailand,Asia,Mid-Market,2025-05-25,Organic
CUST07950,Customer 07950,Australia,Oceania,Mid-Market,2024-07-09,Social
CUST07951,Customer 07951,Mexico,North America,Mid-Market,2024-03-27,Partner
CUST07952,Customer 07952,Mexico,North America,Mid-Market,2025-05-12,Paid Search
CUST07953,Customer 07953,Brazil,South America,Mid-Market,2024-06-07,Social
CUST07954,Customer 07954,France,Europe,Enterprise,2025-09-25,Paid Search
CUST07955,Customer 07955,Argentina,South America,Mid-Market,2024-05-10,Partner
CUST07956,Customer 07956,Mexico,North America,Mid-Market,2024-01-18,Paid Search
CUST07957,Customer 07957,South Korea,Asia,Mid-Market,2024-10-12,Partner
CUST07958,Customer 07958,Thailand,Asia,SMB,2024-08-26,Social
CUST07959,Customer 07959,France,Europe,SMB,2025-04-11,Paid Search
CUST07960,Customer 07960,New Zealand,Oceania,Enterprise,2024-06-19,Organic
CUST07961,Customer 07961,Spain,Europe,SMB,2025-12-17,Organic
CUST07962,Customer 07962,Singapore,Asia,SMB,2024-11-04,Organic
CUST07963,Customer 07963,United States,North America,SMB,2025-06-02,Organic
CUST07964,Customer 07964,United States,North America,SMB,2025-07-15,Paid Search
CUST07965,Customer 07965,Germany,Europe,SMB,2025-10-08,Paid Search
CUST07966,Customer 07966,Chile,South America,SMB,2025-01-02,Organic
CUST07967,Customer 07967,United States,North America,SMB,2024-06-15,Social
CUST07968,Customer 07968,Chile,South America,SMB,2025-01-13,Organic
CUST07969,Customer 07969,France,Europe,SMB,2024-11-07,Organic
CUST07970,Customer 07970,Spain,Europe,SMB,2025-03-21,Organic
CUST07971,Customer 07971,Mexico,North America,SMB,2024-06-21,Social
CUST07972,Customer 07972,France,Europe,SMB,2025-01-11,Paid Search
CUST07973,Customer 07973,Canada,North America,Mid-Market,2025-12-01,Organic
CUST07974,Customer 07974,Germany,Europe,SMB,2025-05-18,Organic
CUST07975,Customer 07975,United States,North America,Enterprise,2025-11-30,Paid Search
CUST07976,Customer 07976,Chile,South America,Mid-Market,2024-03-19,Social
CUST07977,Customer 07977,Chile,South America,SMB,2025-04-22,Paid Search
CUST07978,Customer 07978,New Zealand,Oceania,SMB,2024-01-17,Paid Search
CUST07979,Customer 07979,New Zealand,Oceania,SMB,2024-05-28,Paid Search
CUST07980,Customer 07980,Japan,Asia,SMB,2025-08-27,Organic
CUST07981,Customer 07981,India,Asia,Enterprise,2024-03-14,Paid Search
CUST07982,Customer 07982,Chile,South America,Mid-Market,2024-12-16,Paid Search
CUST07983,Customer 07983,Australia,Oceania,Mid-Market,2024-02-21,Referral
CUST07984,Customer 07984,Australia,Oceania,Mid-Market,2024-08-06,Organic
CUST07985,Customer 07985,United States,North America,Enterprise,2024-03-31,Organic
CUST07986,Customer 07986,United Kingdom,Europe,Enterprise,2024-11-28,Referral
CUST07987,Customer 07987,New Zealand,Oceania,SMB,2025-04-15,Referral
CUST07988,Customer 07988,Australia,Oceania,SMB,2025-04-20,Paid Search
CUST07989,Customer 07989,Mexico,North America,SMB,2025-11-12,Partner
CUST07990,Customer 07990,Argentina,South America,SMB,2024-03-29,Partner
CUST07991,Customer 07991,Mexico,North America,SMB,2024-10-19,Social
CUST07992,Customer 07992,Australia,Oceania,SMB,2025-01-17,Paid Search
CUST07993,Customer 07993,Italy,Europe,Mid-Market,2024-03-03,Social
CUST07994,Customer 07994,Brazil,South America,SMB,2024-03-21,Referral
CUST07995,Customer 07995,Italy,Europe,Mid-Market,2024-08-14,Referral
CUST07996,Customer 07996,Singapore,Asia,SMB,2025-09-20,Referral
CUST07997,Customer 07997,Germany,Europe,SMB,2025-03-04,Organic
CUST07998,Customer 07998,Japan,Asia,Mid-Market,2025-02-15,Referral
CUST07999,Customer 07999,France,Europe,SMB,2025-02-06,Partner
CUST08000,Customer 08000,Australia,Oceania,Mid-Market,2025-08-15,Social
CUST08001,Customer 08001,United States,North America,Enterprise,2025-02-02,Paid Search
CUST08002,Customer 08002,Argentina,South America,SMB,2025-06-11,Social
CUST08003,Customer 08003,Thailand,Asia,SMB,2024-08-14,Organic
CUST08004,Customer 08004,Italy,Europe,SMB,2025-08-18,Social
CUST08005,Customer 08005,United States,North America,SMB,2024-01-24,Referral
CUST08006,Customer 08006,Mexico,North America,Enterprise,2024-09-06,Referral
CUST08007,Customer 08007,Mexico,North America,Mid-Market,2024-07-01,Referral
CUST08008,Customer 08008,Brazil,South America,SMB,2024-04-11,Social
CUST08009,Customer 08009,Brazil,South America,Mid-Market,2025-01-27,Organic
CUST08010,Customer 08010,United States,North America,Enterprise,2025-10-13,Paid Search
CUST08011,Customer 08011,New Zealand,Oceania,SMB,2024-04-28,Partner
CUST08012,Customer 08012,Mexico,North America,SMB,2025-10-08,Organic
CUST08013,Customer 08013,Canada,North America,Mid-Market,2025-09-18,Referral
CUST08014,Customer 08014,Thailand,Asia,Mid-Market,2025-10-07,Paid Search
CUST08015,Customer 08015,Italy,Europe,SMB,2024-01-05,Partner
CUST08016,Customer 08016,Spain,Europe,SMB,2025-12-24,Social
CUST08017,Customer 08017,Mexico,North America,SMB,2024-11-08,Organic
CUST08018,Customer 08018,Mexico,North America,Mid-Market,2025-03-11,Referral
CUST08019,Customer 08019,Japan,Asia,Mid-Market,2024-08-10,Paid Search
CUST08020,Customer 08020,Canada,North America,SMB,2025-01-09,Referral
CUST08021,Customer 08021,Germany,Europe,Mid-Market,2025-02-06,Organic
CUST08022,Customer 08022,Thailand,Asia,SMB,2025-08-05,Organic
CUST08023,Customer 08023,Australia,Oceania,Mid-Market,2024-09-06,Paid Search
CUST08024,Customer 08024,Singapore,Asia,Mid-Market,2024-03-21,Organic
CUST08025,Customer 08025,United Kingdom,Europe,SMB,2025-03-04,Referral
CUST08026,Customer 08026,South Korea,Asia,SMB,2025-07-26,Organic
CUST08027,Customer 08027,South Korea,Asia,SMB,2024-01-12,Social
CUST08028,Customer 08028,Mexico,North America,Mid-Market,2025-08-16,Partner
CUST08029,Customer 08029,New Zealand,Oceania,Mid-Market,2025-08-10,Referral
CUST08030,Customer 08030,Mexico,North America,SMB,2025-02-25,Partner
CUST08031,Customer 08031,Canada,North America,Enterprise,2025-11-24,Social
CUST08032,Customer 08032,Singapore,Asia,Mid-Market,2024-10-10,Partner
CUST08033,Customer 08033,Mexico,North America,SMB,2024-04-07,Referral
CUST08034,Customer 08034,Japan,Asia,SMB,2025-04-24,Paid Search
CUST08035,Customer 08035,Italy,Europe,SMB,2025-03-21,Partner
CUST08036,Customer 08036,Brazil,South America,SMB,2025-10-30,Referral
CUST08037,Customer 08037,Singapore,Asia,Enterprise,2024-06-12,Paid Search
CUST08038,Customer 08038,Japan,Asia,Mid-Market,2024-04-25,Paid Search
CUST08039,Customer 08039,France,Europe,SMB,2025-05-11,Organic
CUST08040,Customer 08040,Chile,South America,SMB,2024-08-15,Partner
CUST08041,Customer 08041,Italy,Europe,SMB,2024-05-15,Partner
CUST08042,Customer 08042,South Korea,Asia,SMB,2025-05-05,Organic
CUST08043,Customer 08043,Brazil,South America,SMB,2024-05-15,Organic
CUST08044,Customer 08044,Japan,Asia,Mid-Market,2025-09-01,Social
CUST08045,Customer 08045,Australia,Oceania,Mid-Market,2024-08-15,Organic
CUST08046,Customer 08046,Italy,Europe,Enterprise,2025-04-21,Referral
CUST08047,Customer 08047,Mexico,North America,SMB,2025-02-25,Paid Search
CUST08048,Customer 08048,Australia,Oceania,SMB,2025-03-07,Paid Search
CUST08049,Customer 08049,United States,North America,Mid-Market,2024-08-10,Organic
CUST08050,Customer 08050,Canada,North America,SMB,2024-03-03,Organic
CUST08051,Customer 08051,Thailand,Asia,SMB,2025-04-12,Referral
CUST08052,Customer 08052,Canada,North America,Enterprise,2024-11-13,Paid Search
CUST08053,Customer 08053,Australia,Oceania,Mid-Market,2025-12-15,Partner
CUST08054,Customer 08054,Canada,North America,Enterprise,2025-10-12,Social
CUST08055,Customer 08055,New Zealand,Oceania,SMB,2024-02-24,Partner
CUST08056,Customer 08056,Mexico,North America,Mid-Market,2024-09-21,Paid Search
CUST08057,Customer 08057,Canada,North America,SMB,2024-10-30,Paid Search
CUST08058,Customer 08058,South Korea,Asia,SMB,2024-10-05,Organic
CUST08059,Customer 08059,United States,North America,SMB,2025-06-12,Referral
CUST08060,Customer 08060,Chile,South America,Mid-Market,2024-09-18,Paid Search
CUST08061,Customer 08061,United States,North America,SMB,2024-04-21,Partner
CUST08062,Customer 08062,France,Europe,Mid-Market,2024-09-22,Referral
CUST08063,Customer 08063,Canada,North America,Enterprise,2025-07-29,Organic
CUST08064,Customer 08064,Mexico,North America,Mid-Market,2024-10-22,Paid Search
CUST08065,Customer 08065,Australia,Oceania,SMB,2024-07-27,Referral
CUST08066,Customer 08066,France,Europe,Mid-Market,2025-07-19,Partner
CUST08067,Customer 08067,Spain,Europe,SMB,2024-02-18,Paid Search
CUST08068,Customer 08068,Singapore,Asia,SMB,2024-11-28,Referral
CUST08069,Customer 08069,Italy,Europe,SMB,2024-03-16,Organic
CUST08070,Customer 08070,New Zealand,Oceania,Mid-Market,2025-03-19,Social
CUST08071,Customer 08071,South Korea,Asia,Mid-Market,2025-10-19,Referral
CUST08072,Customer 08072,Mexico,North America,Enterprise,2024-11-19,Partner
CUST08073,Customer 08073,Italy,Europe,SMB,2025-12-18,Paid Search
CUST08074,Customer 08074,Thailand,Asia,SMB,2025-09-30,Social
CUST08075,Customer 08075,New Zealand,Oceania,SMB,2025-06-15,Referral
CUST08076,Customer 08076,Japan,Asia,Enterprise,2024-05-10,Organic
CUST08077,Customer 08077,Germany,Europe,Mid-Market,2024-01-24,Referral
CUST08078,Customer 08078,Spain,Europe,Enterprise,2024-03-30,Organic
CUST08079,Customer 08079,Australia,Oceania,SMB,2024-09-11,Partner
CUST08080,Customer 08080,Australia,Oceania,SMB,2024-10-25,Partner
CUST08081,Customer 08081,Germany,Europe,Mid-Market,2024-06-02,Paid Search
CUST08082,Customer 08082,Canada,North America,SMB,2025-12-13,Paid Search
CUST08083,Customer 08083,United Kingdom,Europe,SMB,2025-06-27,Partner
CUST08084,Customer 08084,Mexico,North America,SMB,2025-05-26,Partner
CUST08085,Customer 08085,Italy,Europe,SMB,2025-04-20,Paid Search
CUST08086,Customer 08086,Chile,South America,SMB,2025-03-26,Referral
CUST08087,Customer 08087,New Zealand,Oceania,Enterprise,2025-10-06,Organic
CUST08088,Customer 08088,Spain,Europe,Mid-Market,2024-10-12,Paid Search
CUST08089,Customer 08089,Thailand,Asia,Mid-Market,2024-04-12,Social
CUST08090,Customer 08090,Spain,Europe,SMB,2024-08-03,Referral
CUST08091,Customer 08091,Japan,Asia,Mid-Market,2024-06-16,Organic
CUST08092,Customer 08092,France,Europe,SMB,2025-11-30,Paid Search
CUST08093,Customer 08093,India,Asia,SMB,2025-02-18,Paid Search
CUST08094,Customer 08094,New Zealand,Oceania,SMB,2024-11-08,Organic
CUST08095,Customer 08095,Italy,Europe,SMB,2024-01-19,Social
CUST08096,Customer 08096,Chile,South America,Enterprise,2025-06-03,Organic
CUST08097,Customer 08097,Italy,Europe,Mid-Market,2025-04-17,Paid Search
CUST08098,Customer 08098,Canada,North America,SMB,2025-08-15,Partner
CUST08099,Customer 08099,India,Asia,Mid-Market,2024-04-05,Organic
CUST08100,Customer 08100,Australia,Oceania,SMB,2025-04-25,Paid Search
CUST08101,Customer 08101,Italy,Europe,SMB,2024-09-21,Referral
CUST08102,Customer 08102,France,Europe,Mid-Market,2024-06-19,Paid Search
CUST08103,Customer 08103,Canada,North America,Mid-Market,2024-06-12,Paid Search
CUST08104,Customer 08104,Mexico,North America,Mid-Market,2024-07-29,Referral
CUST08105,Customer 08105,Canada,North America,SMB,2025-06-19,Social
CUST08106,Customer 08106,Spain,Europe,SMB,2024-01-17,Partner
CUST08107,Customer 08107,Singapore,Asia,SMB,2025-11-23,Organic
CUST08108,Customer 08108,Chile,South America,SMB,2025-12-09,Referral
CUST08109,Customer 08109,United States,North America,SMB,2025-12-08,Referral
CUST08110,Customer 08110,Canada,North America,SMB,2025-09-02,Paid Search
CUST08111,Customer 08111,India,Asia,SMB,2024-08-24,Organic
CUST08112,Customer 08112,India,Asia,SMB,2024-10-22,Referral
CUST08113,Customer 08113,New Zealand,Oceania,Mid-Market,2024-04-02,Paid Search
CUST08114,Customer 08114,Canada,North America,SMB,2025-10-14,Social
CUST08115,Customer 08115,France,Europe,SMB,2025-07-17,Organic
CUST08116,Customer 08116,Australia,Oceania,Enterprise,2024-04-22,Organic
CUST08117,Customer 08117,United States,North America,Enterprise,2025-12-24,Partner
CUST08118,Customer 08118,India,Asia,SMB,2024-01-31,Partner
CUST08119,Customer 08119,Thailand,Asia,SMB,2025-07-14,Paid Search
CUST08120,Customer 08120,United States,North America,SMB,2024-04-08,Partner
CUST08121,Customer 08121,Japan,Asia,Enterprise,2025-07-02,Partner
CUST08122,Customer 08122,United States,North America,SMB,2025-10-07,Organic
CUST08123,Customer 08123,Mexico,North America,SMB,2025-11-25,Referral
CUST08124,Customer 08124,France,Europe,Mid-Market,2024-04-27,Referral
CUST08125,Customer 08125,Australia,Oceania,Mid-Market,2024-04-30,Paid Search
CUST08126,Customer 08126,South Korea,Asia,SMB,2024-02-19,Social
CUST08127,Customer 08127,Singapore,Asia,SMB,2025-08-23,Social
CUST08128,Customer 08128,Canada,North America,SMB,2024-05-15,Paid Search
CUST08129,Customer 08129,Canada,North America,SMB,2024-10-12,Organic
CUST08130,Customer 08130,Singapore,Asia,SMB,2024-10-30,Social
CUST08131,Customer 08131,United States,North America,Mid-Market,2024-09-13,Paid Search
CUST08132,Customer 08132,New Zealand,Oceania,Mid-Market,2024-12-28,Organic
CUST08133,Customer 08133,Argentina,South America,Mid-Market,2024-09-11,Referral
CUST08134,Customer 08134,Chile,South America,Mid-Market,2024-06-21,Referral
CUST08135,Customer 08135,Singapore,Asia,SMB,2024-10-10,Organic
CUST08136,Customer 08136,South Korea,Asia,SMB,2025-08-11,Organic
CUST08137,Customer 08137,United States,North America,Mid-Market,2024-03-27,Partner
CUST08138,Customer 08138,Italy,Europe,SMB,2025-12-02,Social
CUST08139,Customer 08139,Canada,North America,SMB,2024-10-26,Paid Search
CUST08140,Customer 08140,South Korea,Asia,SMB,2024-07-31,Organic
CUST08141,Customer 08141,Singapore,Asia,Mid-Market,2024-11-21,Paid Search
CUST08142,Customer 08142,South Korea,Asia,Mid-Market,2025-11-11,Paid Search
CUST08143,Customer 08143,India,Asia,SMB,2025-08-14,Paid Search
CUST08144,Customer 08144,South Korea,Asia,SMB,2025-08-20,Referral
CUST08145,Customer 08145,Mexico,North America,Mid-Market,2024-06-10,Organic
CUST08146,Customer 08146,Canada,North America,SMB,2025-10-09,Partner
CUST08147,Customer 08147,India,Asia,SMB,2025-05-31,Partner
CUST08148,Customer 08148,United Kingdom,Europe,Mid-Market,2024-02-13,Partner
CUST08149,Customer 08149,Chile,South America,Mid-Market,2024-11-08,Paid Search
CUST08150,Customer 08150,United Kingdom,Europe,SMB,2025-09-01,Referral
CUST08151,Customer 08151,United States,North America,SMB,2025-01-24,Paid Search
CUST08152,Customer 08152,Canada,North America,Enterprise,2025-03-04,Paid Search
CUST08153,Customer 08153,Mexico,North America,SMB,2024-09-30,Referral
CUST08154,Customer 08154,Brazil,South America,Enterprise,2024-01-28,Partner
CUST08155,Customer 08155,Canada,North America,Mid-Market,2025-10-09,Partner
CUST08156,Customer 08156,Australia,Oceania,Enterprise,2025-07-04,Organic
CUST08157,Customer 08157,Chile,South America,SMB,2024-07-17,Referral
CUST08158,Customer 08158,United Kingdom,Europe,SMB,2024-06-25,Organic
CUST08159,Customer 08159,France,Europe,SMB,2025-01-13,Referral
CUST08160,Customer 08160,Singapore,Asia,SMB,2025-08-05,Paid Search
CUST08161,Customer 08161,Singapore,Asia,SMB,2024-03-04,Partner
CUST08162,Customer 08162,Canada,North America,SMB,2025-04-02,Social
CUST08163,Customer 08163,France,Europe,SMB,2025-09-11,Organic
CUST08164,Customer 08164,Germany,Europe,Mid-Market,2024-12-25,Partner
CUST08165,Customer 08165,South Korea,Asia,SMB,2024-02-08,Referral
CUST08166,Customer 08166,Canada,North America,SMB,2024-01-18,Referral
CUST08167,Customer 08167,Canada,North America,SMB,2024-04-28,Paid Search
CUST08168,Customer 08168,Australia,Oceania,Mid-Market,2025-10-12,Paid Search
CUST08169,Customer 08169,Spain,Europe,SMB,2024-11-30,Organic
CUST08170,Customer 08170,South Korea,Asia,Mid-Market,2024-04-17,Organic
CUST08171,Customer 08171,Australia,Oceania,SMB,2025-10-23,Referral
CUST08172,Customer 08172,United States,North America,Mid-Market,2025-08-29,Organic
CUST08173,Customer 08173,Mexico,North America,Mid-Market,2024-04-17,Paid Search
CUST08174,Customer 08174,United States,North America,SMB,2025-05-18,Partner
CUST08175,Customer 08175,Germany,Europe,Mid-Market,2024-08-29,Referral
CUST08176,Customer 08176,Brazil,South America,Enterprise,2024-02-20,Organic
CUST08177,Customer 08177,Canada,North America,SMB,2024-02-15,Referral
CUST08178,Customer 08178,Canada,North America,SMB,2025-01-31,Organic
CUST08179,Customer 08179,United States,North America,Enterprise,2025-09-08,Partner
CUST08180,Customer 08180,India,Asia,Mid-Market,2025-12-04,Organic
CUST08181,Customer 08181,Japan,Asia,Mid-Market,2025-05-30,Organic
CUST08182,Customer 08182,Canada,North America,SMB,2025-11-05,Social
CUST08183,Customer 08183,United States,North America,SMB,2024-06-21,Organic
CUST08184,Customer 08184,United Kingdom,Europe,Enterprise,2024-04-16,Organic
CUST08185,Customer 08185,Japan,Asia,Mid-Market,2024-03-21,Organic
CUST08186,Customer 08186,New Zealand,Oceania,SMB,2024-05-06,Paid Search
CUST08187,Customer 08187,Thailand,Asia,SMB,2025-07-05,Partner
CUST08188,Customer 08188,South Korea,Asia,Mid-Market,2024-04-22,Organic
CUST08189,Customer 08189,Canada,North America,Mid-Market,2024-11-12,Organic
CUST08190,Customer 08190,Brazil,South America,Enterprise,2025-07-06,Partner
CUST08191,Customer 08191,Canada,North America,SMB,2025-11-08,Organic
CUST08192,Customer 08192,Argentina,South America,SMB,2024-04-27,Organic
CUST08193,Customer 08193,France,Europe,SMB,2024-05-16,Organic
CUST08194,Customer 08194,New Zealand,Oceania,SMB,2024-02-17,Partner
CUST08195,Customer 08195,Australia,Oceania,SMB,2024-03-23,Paid Search
CUST08196,Customer 08196,United States,North America,SMB,2024-10-12,Referral
CUST08197,Customer 08197,Mexico,North America,SMB,2024-08-17,Referral
CUST08198,Customer 08198,Spain,Europe,SMB,2025-12-07,Paid Search
CUST08199,Customer 08199,Singapore,Asia,Mid-Market,2024-11-20,Partner
CUST08200,Customer 08200,United Kingdom,Europe,SMB,2024-08-13,Social
CUST08201,Customer 08201,Spain,Europe,SMB,2024-12-09,Referral
CUST08202,Customer 08202,Australia,Oceania,Mid-Market,2025-06-13,Partner
CUST08203,Customer 08203,Singapore,Asia,SMB,2024-09-03,Organic
CUST08204,Customer 08204,United States,North America,SMB,2024-04-15,Paid Search
CUST08205,Customer 08205,Singapore,Asia,Mid-Market,2024-11-03,Referral
CUST08206,Customer 08206,Thailand,Asia,Mid-Market,2025-03-30,Organic
CUST08207,Customer 08207,Singapore,Asia,SMB,2024-08-19,Organic
CUST08208,Customer 08208,Thailand,Asia,Mid-Market,2025-02-28,Organic
CUST08209,Customer 08209,Canada,North America,Enterprise,2024-08-25,Organic
CUST08210,Customer 08210,New Zealand,Oceania,Mid-Market,2025-10-22,Partner
CUST08211,Customer 08211,India,Asia,SMB,2025-10-10,Organic
CUST08212,Customer 08212,Australia,Oceania,Mid-Market,2025-06-07,Referral
CUST08213,Customer 08213,United States,North America,SMB,2025-09-04,Organic
CUST08214,Customer 08214,Mexico,North America,SMB,2024-03-29,Referral
CUST08215,Customer 08215,United Kingdom,Europe,SMB,2025-04-22,Organic
CUST08216,Customer 08216,France,Europe,Mid-Market,2024-10-22,Organic
CUST08217,Customer 08217,Brazil,South America,SMB,2025-07-22,Paid Search
CUST08218,Customer 08218,Canada,North America,Enterprise,2024-01-01,Organic
CUST08219,Customer 08219,India,Asia,Enterprise,2024-05-17,Paid Search
CUST08220,Customer 08220,Chile,South America,SMB,2024-06-25,Referral
CUST08221,Customer 08221,Thailand,Asia,SMB,2025-02-11,Social
CUST08222,Customer 08222,Mexico,North America,Enterprise,2025-12-11,Referral
CUST08223,Customer 08223,Japan,Asia,SMB,2025-10-17,Paid Search
CUST08224,Customer 08224,Australia,Oceania,Mid-Market,2024-11-29,Referral
CUST08225,Customer 08225,Singapore,Asia,SMB,2024-01-01,Paid Search
CUST08226,Customer 08226,United Kingdom,Europe,SMB,2025-09-26,Referral
CUST08227,Customer 08227,Canada,North America,SMB,2025-02-22,Referral
CUST08228,Customer 08228,France,Europe,SMB,2024-01-18,Paid Search
CUST08229,Customer 08229,Australia,Oceania,Enterprise,2025-04-16,Partner
CUST08230,Customer 08230,Canada,North America,SMB,2025-10-05,Paid Search
CUST08231,Customer 08231,Germany,Europe,SMB,2025-09-28,Organic
CUST08232,Customer 08232,Germany,Europe,Mid-Market,2025-10-12,Referral
CUST08233,Customer 08233,New Zealand,Oceania,Enterprise,2025-12-14,Partner
CUST08234,Customer 08234,Mexico,North America,SMB,2025-04-22,Partner
CUST08235,Customer 08235,Argentina,South America,Mid-Market,2025-03-23,Organic
CUST08236,Customer 08236,Germany,Europe,SMB,2024-03-25,Referral
CUST08237,Customer 08237,New Zealand,Oceania,Mid-Market,2025-04-07,Social
CUST08238,Customer 08238,Mexico,North America,Mid-Market,2025-10-02,Organic
CUST08239,Customer 08239,United States,North America,Enterprise,2025-08-17,Paid Search
CUST08240,Customer 08240,Japan,Asia,Mid-Market,2025-10-19,Paid Search
CUST08241,Customer 08241,Spain,Europe,Enterprise,2024-05-04,Partner
CUST08242,Customer 08242,Australia,Oceania,SMB,2024-05-26,Paid Search
CUST08243,Customer 08243,Australia,Oceania,Mid-Market,2025-09-19,Referral
CUST08244,Customer 08244,Japan,Asia,Mid-Market,2025-11-18,Organic
CUST08245,Customer 08245,Australia,Oceania,SMB,2025-01-19,Organic
CUST08246,Customer 08246,United Kingdom,Europe,Enterprise,2025-10-06,Organic
CUST08247,Customer 08247,France,Europe,Mid-Market,2025-05-13,Organic
CUST08248,Customer 08248,United Kingdom,Europe,Enterprise,2024-05-29,Partner
CUST08249,Customer 08249,Japan,Asia,SMB,2025-01-05,Organic
CUST08250,Customer 08250,Italy,Europe,Mid-Market,2024-10-14,Organic
CUST08251,Customer 08251,Singapore,Asia,SMB,2025-07-31,Partner
CUST08252,Customer 08252,Spain,Europe,Enterprise,2024-09-03,Paid Search
CUST08253,Customer 08253,Mexico,North America,SMB,2024-05-08,Referral
CUST08254,Customer 08254,Brazil,South America,Mid-Market,2024-12-30,Organic
CUST08255,Customer 08255,United States,North America,SMB,2024-12-27,Social
CUST08256,Customer 08256,United Kingdom,Europe,Mid-Market,2025-10-11,Paid Search
CUST08257,Customer 08257,Canada,North America,SMB,2024-01-06,Organic
CUST08258,Customer 08258,Spain,Europe,Enterprise,2025-10-01,Referral
CUST08259,Customer 08259,Canada,North America,Enterprise,2024-06-03,Paid Search
CUST08260,Customer 08260,United States,North America,SMB,2024-05-08,Paid Search
CUST08261,Customer 08261,Japan,Asia,Mid-Market,2024-11-01,Paid Search
CUST08262,Customer 08262,Spain,Europe,Mid-Market,2025-02-06,Paid Search
CUST08263,Customer 08263,Brazil,South America,SMB,2025-11-10,Referral
CUST08264,Customer 08264,New Zealand,Oceania,SMB,2025-01-25,Organic
CUST08265,Customer 08265,United States,North America,SMB,2024-04-16,Partner
CUST08266,Customer 08266,New Zealand,Oceania,SMB,2024-11-25,Organic
CUST08267,Customer 08267,New Zealand,Oceania,SMB,2025-11-03,Referral
CUST08268,Customer 08268,United Kingdom,Europe,SMB,2025-06-06,Organic
CUST08269,Customer 08269,United States,North America,SMB,2024-06-08,Paid Search
CUST08270,Customer 08270,South Korea,Asia,Enterprise,2025-04-17,Referral
CUST08271,Customer 08271,South Korea,Asia,SMB,2025-06-20,Referral
CUST08272,Customer 08272,United Kingdom,Europe,Enterprise,2024-07-20,Partner
CUST08273,Customer 08273,Australia,Oceania,Mid-Market,2025-01-20,Paid Search
CUST08274,Customer 08274,Canada,North America,Mid-Market,2024-09-11,Partner
CUST08275,Customer 08275,Singapore,Asia,SMB,2024-05-12,Social
CUST08276,Customer 08276,Thailand,Asia,SMB,2025-10-11,Social
CUST08277,Customer 08277,India,Asia,Enterprise,2024-08-22,Paid Search
CUST08278,Customer 08278,United States,North America,Mid-Market,2024-08-26,Organic
CUST08279,Customer 08279,New Zealand,Oceania,Mid-Market,2024-03-15,Referral
CUST08280,Customer 08280,South Korea,Asia,SMB,2024-11-20,Organic
CUST08281,Customer 08281,Japan,Asia,Mid-Market,2025-04-15,Partner
CUST08282,Customer 08282,Canada,North America,SMB,2025-12-12,Organic
CUST08283,Customer 08283,India,Asia,Mid-Market,2025-07-21,Partner
CUST08284,Customer 08284,United States,North America,Mid-Market,2025-09-18,Organic
CUST08285,Customer 08285,Spain,Europe,SMB,2025-12-22,Partner
CUST08286,Customer 08286,Italy,Europe,SMB,2025-05-25,Referral
CUST08287,Customer 08287,India,Asia,SMB,2025-09-18,Organic
CUST08288,Customer 08288,New Zealand,Oceania,SMB,2024-08-10,Paid Search
CUST08289,Customer 08289,Singapore,Asia,SMB,2025-06-06,Paid Search
CUST08290,Customer 08290,United Kingdom,Europe,SMB,2025-04-04,Partner
CUST08291,Customer 08291,Mexico,North America,SMB,2024-11-26,Paid Search
CUST08292,Customer 08292,New Zealand,Oceania,Mid-Market,2025-04-14,Referral
CUST08293,Customer 08293,India,Asia,Mid-Market,2025-06-10,Paid Search
CUST08294,Customer 08294,France,Europe,SMB,2024-10-27,Referral
CUST08295,Customer 08295,United States,North America,SMB,2025-09-07,Organic
CUST08296,Customer 08296,Thailand,Asia,Mid-Market,2024-01-27,Social
CUST08297,Customer 08297,Mexico,North America,SMB,2024-08-24,Referral
CUST08298,Customer 08298,South Korea,Asia,SMB,2024-09-24,Partner
CUST08299,Customer 08299,Germany,Europe,SMB,2025-08-30,Partner
CUST08300,Customer 08300,Thailand,Asia,Enterprise,2025-01-06,Organic
CUST08301,Customer 08301,Canada,North America,SMB,2025-11-12,Organic
CUST08302,Customer 08302,Japan,Asia,Enterprise,2025-11-25,Organic
CUST08303,Customer 08303,United Kingdom,Europe,SMB,2024-12-01,Organic
CUST08304,Customer 08304,Singapore,Asia,SMB,2025-06-15,Organic
CUST08305,Customer 08305,United States,North America,SMB,2024-06-28,Partner
CUST08306,Customer 08306,Spain,Europe,Mid-Market,2024-03-19,Paid Search
CUST08307,Customer 08307,Mexico,North America,SMB,2024-12-24,Referral
CUST08308,Customer 08308,United States,North America,Mid-Market,2024-08-08,Paid Search
CUST08309,Customer 08309,Thailand,Asia,Enterprise,2025-06-18,Organic
CUST08310,Customer 08310,Australia,Oceania,SMB,2025-01-16,Paid Search
CUST08311,Customer 08311,Chile,South America,SMB,2024-04-09,Organic
CUST08312,Customer 08312,South Korea,Asia,Mid-Market,2024-11-25,Partner
CUST08313,Customer 08313,United Kingdom,Europe,SMB,2024-10-20,Referral
CUST08314,Customer 08314,South Korea,Asia,Mid-Market,2024-01-04,Organic
CUST08315,Customer 08315,Italy,Europe,Enterprise,2025-02-02,Referral
CUST08316,Customer 08316,Mexico,North America,SMB,2025-11-14,Paid Search
CUST08317,Customer 08317,Australia,Oceania,SMB,2025-10-17,Organic
CUST08318,Customer 08318,Chile,South America,Mid-Market,2025-10-22,Organic
CUST08319,Customer 08319,Thailand,Asia,SMB,2025-10-15,Organic
CUST08320,Customer 08320,Thailand,Asia,SMB,2025-11-06,Partner
CUST08321,Customer 08321,Germany,Europe,SMB,2024-03-12,Partner
CUST08322,Customer 08322,Canada,North America,SMB,2024-11-09,Referral
CUST08323,Customer 08323,United Kingdom,Europe,SMB,2025-02-02,Organic
CUST08324,Customer 08324,New Zealand,Oceania,Mid-Market,2025-09-01,Paid Search
CUST08325,Customer 08325,Argentina,South America,SMB,2024-09-29,Paid Search
CUST08326,Customer 08326,Spain,Europe,SMB,2025-06-01,Organic
CUST08327,Customer 08327,Canada,North America,Enterprise,2025-07-25,Referral
CUST08328,Customer 08328,Mexico,North America,SMB,2025-01-09,Organic
CUST08329,Customer 08329,Chile,South America,SMB,2024-06-25,Organic
CUST08330,Customer 08330,India,Asia,Enterprise,2024-02-26,Referral
CUST08331,Customer 08331,Italy,Europe,SMB,2024-11-21,Organic
CUST08332,Customer 08332,Canada,North America,Enterprise,2024-05-02,Referral
CUST08333,Customer 08333,Spain,Europe,Mid-Market,2025-04-15,Partner
CUST08334,Customer 08334,Canada,North America,SMB,2024-06-23,Referral
CUST08335,Customer 08335,Italy,Europe,SMB,2025-10-02,Social
CUST08336,Customer 08336,Mexico,North America,SMB,2025-10-16,Referral
CUST08337,Customer 08337,Brazil,South America,Mid-Market,2025-09-03,Partner
CUST08338,Customer 08338,United Kingdom,Europe,SMB,2025-05-01,Referral
CUST08339,Customer 08339,South Korea,Asia,Mid-Market,2024-03-25,Partner
CUST08340,Customer 08340,Mexico,North America,Mid-Market,2025-12-19,Paid Search
CUST08341,Customer 08341,France,Europe,Mid-Market,2024-02-18,Paid Search
CUST08342,Customer 08342,Mexico,North America,SMB,2025-02-18,Paid Search
CUST08343,Customer 08343,United States,North America,Mid-Market,2025-08-10,Referral
CUST08344,Customer 08344,Japan,Asia,Mid-Market,2024-03-02,Paid Search
CUST08345,Customer 08345,Chile,South America,SMB,2024-12-29,Social
CUST08346,Customer 08346,Canada,North America,Enterprise,2024-12-15,Referral
CUST08347,Customer 08347,Canada,North America,SMB,2024-05-24,Paid Search
CUST08348,Customer 08348,United Kingdom,Europe,Enterprise,2024-03-22,Paid Search
CUST08349,Customer 08349,Spain,Europe,SMB,2025-10-27,Partner
CUST08350,Customer 08350,France,Europe,SMB,2025-10-20,Partner
CUST08351,Customer 08351,Australia,Oceania,Mid-Market,2024-03-09,Referral
CUST08352,Customer 08352,Argentina,South America,SMB,2024-07-22,Organic
CUST08353,Customer 08353,Chile,South America,SMB,2024-10-13,Partner
CUST08354,Customer 08354,United Kingdom,Europe,SMB,2024-05-24,Social
CUST08355,Customer 08355,Mexico,North America,Mid-Market,2024-02-18,Partner
CUST08356,Customer 08356,Mexico,North America,SMB,2025-01-09,Referral
CUST08357,Customer 08357,Mexico,North America,Mid-Market,2024-11-19,Organic
CUST08358,Customer 08358,United Kingdom,Europe,Mid-Market,2025-08-12,Social
CUST08359,Customer 08359,Argentina,South America,SMB,2024-08-04,Organic
CUST08360,Customer 08360,Germany,Europe,SMB,2025-01-08,Organic
CUST08361,Customer 08361,Germany,Europe,SMB,2024-08-17,Referral
CUST08362,Customer 08362,Australia,Oceania,Enterprise,2024-01-28,Paid Search
CUST08363,Customer 08363,South Korea,Asia,Mid-Market,2025-06-15,Partner
CUST08364,Customer 08364,Thailand,Asia,Enterprise,2025-06-27,Referral
CUST08365,Customer 08365,Canada,North America,Mid-Market,2025-04-30,Organic
CUST08366,Customer 08366,New Zealand,Oceania,Mid-Market,2024-01-25,Referral
CUST08367,Customer 08367,Spain,Europe,Enterprise,2025-05-24,Partner
CUST08368,Customer 08368,United States,North America,SMB,2025-03-17,Partner
CUST08369,Customer 08369,India,Asia,Enterprise,2024-11-18,Organic
CUST08370,Customer 08370,Spain,Europe,SMB,2025-03-26,Paid Search
CUST08371,Customer 08371,Singapore,Asia,SMB,2024-03-21,Organic
CUST08372,Customer 08372,United States,North America,SMB,2024-06-01,Partner
CUST08373,Customer 08373,France,Europe,SMB,2024-04-04,Referral
CUST08374,Customer 08374,Japan,Asia,SMB,2024-11-22,Paid Search
CUST08375,Customer 08375,United States,North America,SMB,2025-10-16,Organic
CUST08376,Customer 08376,Canada,North America,SMB,2024-01-05,Partner
CUST08377,Customer 08377,Mexico,North America,Enterprise,2024-11-22,Partner
CUST08378,Customer 08378,Chile,South America,SMB,2024-07-26,Paid Search
CUST08379,Customer 08379,Thailand,Asia,SMB,2025-11-16,Organic
CUST08380,Customer 08380,Thailand,Asia,Mid-Market,2025-03-28,Paid Search
CUST08381,Customer 08381,Japan,Asia,Mid-Market,2024-06-11,Partner
CUST08382,Customer 08382,United States,North America,Mid-Market,2024-07-26,Referral
CUST08383,Customer 08383,Germany,Europe,SMB,2025-02-28,Partner
CUST08384,Customer 08384,South Korea,Asia,SMB,2024-02-04,Organic
CUST08385,Customer 08385,France,Europe,Enterprise,2024-02-19,Paid Search
CUST08386,Customer 08386,South Korea,Asia,SMB,2025-05-07,Organic
CUST08387,Customer 08387,Australia,Oceania,Mid-Market,2025-08-09,Paid Search
CUST08388,Customer 08388,Mexico,North America,SMB,2025-06-26,Organic
CUST08389,Customer 08389,Singapore,Asia,SMB,2024-05-05,Paid Search
CUST08390,Customer 08390,Mexico,North America,Mid-Market,2025-09-22,Paid Search
CUST08391,Customer 08391,United States,North America,SMB,2024-06-13,Partner
CUST08392,Customer 08392,South Korea,Asia,SMB,2025-10-02,Paid Search
CUST08393,Customer 08393,Singapore,Asia,Mid-Market,2024-08-04,Organic
CUST08394,Customer 08394,United States,North America,SMB,2024-12-28,Organic
CUST08395,Customer 08395,France,Europe,SMB,2025-11-30,Organic
CUST08396,Customer 08396,United States,North America,SMB,2024-10-24,Referral
CUST08397,Customer 08397,United States,North America,SMB,2025-05-03,Referral
CUST08398,Customer 08398,Mexico,North America,Mid-Market,2025-03-04,Referral
CUST08399,Customer 08399,Australia,Oceania,SMB,2024-02-24,Partner
CUST08400,Customer 08400,Canada,North America,SMB,2025-08-02,Organic
CUST08401,Customer 08401,Canada,North America,SMB,2024-09-18,Paid Search
CUST08402,Customer 08402,United Kingdom,Europe,Enterprise,2024-12-13,Organic
CUST08403,Customer 08403,Canada,North America,SMB,2024-08-10,Organic
CUST08404,Customer 08404,Chile,South America,Enterprise,2025-12-28,Paid Search
CUST08405,Customer 08405,New Zealand,Oceania,SMB,2025-02-06,Referral
CUST08406,Customer 08406,Chile,South America,SMB,2025-04-11,Partner
CUST08407,Customer 08407,United Kingdom,Europe,Mid-Market,2025-01-17,Paid Search
CUST08408,Customer 08408,Mexico,North America,SMB,2024-08-13,Paid Search
CUST08409,Customer 08409,Brazil,South America,Mid-Market,2025-03-04,Partner
CUST08410,Customer 08410,Mexico,North America,Enterprise,2025-08-03,Partner
CUST08411,Customer 08411,United States,North America,Mid-Market,2024-03-10,Referral
CUST08412,Customer 08412,United States,North America,SMB,2024-04-20,Paid Search
CUST08413,Customer 08413,Mexico,North America,Mid-Market,2024-04-30,Paid Search
CUST08414,Customer 08414,South Korea,Asia,SMB,2025-11-15,Referral
CUST08415,Customer 08415,Germany,Europe,Mid-Market,2025-02-25,Organic
CUST08416,Customer 08416,Chile,South America,SMB,2024-09-05,Paid Search
CUST08417,Customer 08417,Australia,Oceania,SMB,2024-05-25,Organic
CUST08418,Customer 08418,Brazil,South America,SMB,2025-05-15,Referral
CUST08419,Customer 08419,Thailand,Asia,SMB,2025-01-18,Referral
CUST08420,Customer 08420,France,Europe,Mid-Market,2025-04-02,Organic
CUST08421,Customer 08421,Japan,Asia,SMB,2025-06-06,Paid Search
CUST08422,Customer 08422,Chile,South America,SMB,2024-03-11,Organic
CUST08423,Customer 08423,Canada,North America,Mid-Market,2025-05-11,Partner
CUST08424,Customer 08424,New Zealand,Oceania,SMB,2025-06-11,Social
CUST08425,Customer 08425,Thailand,Asia,Enterprise,2024-07-21,Paid Search
CUST08426,Customer 08426,United States,North America,SMB,2024-08-15,Organic
CUST08427,Customer 08427,Mexico,North America,SMB,2025-03-08,Partner
CUST08428,Customer 08428,France,Europe,SMB,2024-10-05,Partner
CUST08429,Customer 08429,New Zealand,Oceania,SMB,2025-11-11,Partner
CUST08430,Customer 08430,United States,North America,SMB,2024-03-11,Paid Search
CUST08431,Customer 08431,France,Europe,Mid-Market,2024-05-03,Organic
CUST08432,Customer 08432,France,Europe,SMB,2025-08-15,Social
CUST08433,Customer 08433,Argentina,South America,Enterprise,2025-05-12,Paid Search
CUST08434,Customer 08434,Mexico,North America,SMB,2025-09-20,Paid Search
CUST08435,Customer 08435,United States,North America,Mid-Market,2024-01-18,Partner
CUST08436,Customer 08436,Canada,North America,SMB,2024-04-08,Referral
CUST08437,Customer 08437,Thailand,Asia,SMB,2025-09-03,Organic
CUST08438,Customer 08438,Mexico,North America,SMB,2025-08-17,Social
CUST08439,Customer 08439,New Zealand,Oceania,SMB,2025-08-26,Referral
CUST08440,Customer 08440,Germany,Europe,Mid-Market,2025-10-18,Organic
CUST08441,Customer 08441,Canada,North America,SMB,2024-06-17,Organic
CUST08442,Customer 08442,Singapore,Asia,SMB,2024-03-12,Referral
CUST08443,Customer 08443,Singapore,Asia,Enterprise,2024-08-04,Referral
CUST08444,Customer 08444,Japan,Asia,SMB,2025-12-30,Organic
CUST08445,Customer 08445,Brazil,South America,SMB,2025-01-12,Paid Search
CUST08446,Customer 08446,Spain,Europe,SMB,2024-01-04,Paid Search
CUST08447,Customer 08447,Japan,Asia,SMB,2025-06-27,Paid Search
CUST08448,Customer 08448,Mexico,North America,SMB,2025-09-07,Social
CUST08449,Customer 08449,Germany,Europe,Mid-Market,2024-03-30,Organic
CUST08450,Customer 08450,Canada,North America,Mid-Market,2025-02-12,Partner
CUST08451,Customer 08451,New Zealand,Oceania,Mid-Market,2025-06-28,Paid Search
CUST08452,Customer 08452,Spain,Europe,SMB,2025-11-30,Organic
CUST08453,Customer 08453,Italy,Europe,SMB,2025-03-19,Organic
CUST08454,Customer 08454,Australia,Oceania,Mid-Market,2024-09-04,Social
CUST08455,Customer 08455,Italy,Europe,SMB,2025-10-27,Organic
CUST08456,Customer 08456,France,Europe,SMB,2024-09-20,Organic
CUST08457,Customer 08457,New Zealand,Oceania,SMB,2025-04-07,Paid Search
CUST08458,Customer 08458,Chile,South America,Mid-Market,2025-09-06,Referral
CUST08459,Customer 08459,United States,North America,SMB,2025-01-22,Paid Search
CUST08460,Customer 08460,Canada,North America,Enterprise,2025-06-03,Organic
CUST08461,Customer 08461,New Zealand,Oceania,SMB,2025-09-07,Paid Search
CUST08462,Customer 08462,Mexico,North America,Enterprise,2025-03-14,Partner
CUST08463,Customer 08463,Canada,North America,SMB,2024-11-03,Partner
CUST08464,Customer 08464,Brazil,South America,Mid-Market,2025-04-16,Social
CUST08465,Customer 08465,Canada,North America,SMB,2024-10-20,Paid Search
CUST08466,Customer 08466,Mexico,North America,Mid-Market,2025-05-14,Organic
CUST08467,Customer 08467,Singapore,Asia,SMB,2024-02-29,Organic
CUST08468,Customer 08468,United States,North America,Enterprise,2024-02-04,Partner
CUST08469,Customer 08469,United States,North America,Mid-Market,2024-12-13,Referral
CUST08470,Customer 08470,India,Asia,Mid-Market,2024-03-27,Referral
CUST08471,Customer 08471,Singapore,Asia,SMB,2025-06-18,Paid Search
CUST08472,Customer 08472,Argentina,South America,SMB,2024-05-12,Paid Search
CUST08473,Customer 08473,Singapore,Asia,Enterprise,2024-12-31,Paid Search
CUST08474,Customer 08474,Spain,Europe,Enterprise,2024-05-09,Paid Search
CUST08475,Customer 08475,South Korea,Asia,SMB,2025-11-04,Paid Search
CUST08476,Customer 08476,United Kingdom,Europe,SMB,2025-09-08,Organic
CUST08477,Customer 08477,Canada,North America,SMB,2024-01-02,Organic
CUST08478,Customer 08478,South Korea,Asia,SMB,2024-10-15,Organic
CUST08479,Customer 08479,Thailand,Asia,SMB,2025-11-19,Social
CUST08480,Customer 08480,Brazil,South America,Mid-Market,2024-12-23,Social
CUST08481,Customer 08481,France,Europe,SMB,2025-09-09,Partner
CUST08482,Customer 08482,Germany,Europe,Enterprise,2024-03-06,Partner
CUST08483,Customer 08483,Brazil,South America,Enterprise,2024-11-09,Organic
CUST08484,Customer 08484,United States,North America,SMB,2025-09-28,Organic
CUST08485,Customer 08485,Canada,North America,SMB,2024-05-22,Organic
CUST08486,Customer 08486,Chile,South America,SMB,2024-01-08,Organic
CUST08487,Customer 08487,New Zealand,Oceania,SMB,2025-06-20,Referral
CUST08488,Customer 08488,France,Europe,Mid-Market,2024-03-01,Organic
CUST08489,Customer 08489,Mexico,North America,Mid-Market,2024-08-07,Social
CUST08490,Customer 08490,United States,North America,SMB,2025-08-16,Referral
CUST08491,Customer 08491,France,Europe,Enterprise,2025-10-13,Organic
CUST08492,Customer 08492,New Zealand,Oceania,SMB,2024-04-05,Partner
CUST08493,Customer 08493,South Korea,Asia,SMB,2024-12-29,Partner
CUST08494,Customer 08494,Argentina,South America,Enterprise,2025-08-02,Referral
CUST08495,Customer 08495,United States,North America,SMB,2024-10-13,Organic
CUST08496,Customer 08496,Canada,North America,SMB,2024-09-13,Paid Search
CUST08497,Customer 08497,France,Europe,SMB,2025-02-01,Paid Search
CUST08498,Customer 08498,Australia,Oceania,SMB,2025-07-21,Referral
CUST08499,Customer 08499,United States,North America,SMB,2024-01-30,Organic
CUST08500,Customer 08500,United Kingdom,Europe,Mid-Market,2024-02-06,Partner
CUST08501,Customer 08501,Germany,Europe,SMB,2024-03-18,Organic
CUST08502,Customer 08502,Mexico,North America,Mid-Market,2024-09-06,Social
CUST08503,Customer 08503,Germany,Europe,SMB,2024-07-22,Organic
CUST08504,Customer 08504,United States,North America,SMB,2024-12-17,Partner
CUST08505,Customer 08505,Mexico,North America,Enterprise,2024-08-07,Organic
CUST08506,Customer 08506,South Korea,Asia,Mid-Market,2025-04-02,Partner
CUST08507,Customer 08507,Canada,North America,Mid-Market,2024-08-23,Partner
CUST08508,Customer 08508,Germany,Europe,SMB,2025-09-03,Paid Search
CUST08509,Customer 08509,Australia,Oceania,SMB,2024-08-14,Organic
CUST08510,Customer 08510,Chile,South America,Mid-Market,2024-06-27,Social
CUST08511,Customer 08511,South Korea,Asia,Enterprise,2025-09-20,Social
CUST08512,Customer 08512,Mexico,North America,Mid-Market,2025-04-26,Partner
CUST08513,Customer 08513,Mexico,North America,SMB,2024-02-05,Paid Search
CUST08514,Customer 08514,Australia,Oceania,SMB,2024-04-20,Organic
CUST08515,Customer 08515,Thailand,Asia,SMB,2024-02-05,Paid Search
CUST08516,Customer 08516,Canada,North America,SMB,2025-08-04,Referral
CUST08517,Customer 08517,New Zealand,Oceania,SMB,2025-04-03,Organic
CUST08518,Customer 08518,United Kingdom,Europe,SMB,2025-11-13,Organic
CUST08519,Customer 08519,Mexico,North America,SMB,2024-08-27,Social
CUST08520,Customer 08520,Spain,Europe,Mid-Market,2024-02-04,Referral
CUST08521,Customer 08521,Mexico,North America,Mid-Market,2024-12-01,Referral
CUST08522,Customer 08522,Singapore,Asia,Mid-Market,2024-02-28,Social
CUST08523,Customer 08523,Australia,Oceania,SMB,2024-04-15,Paid Search
CUST08524,Customer 08524,South Korea,Asia,SMB,2025-07-29,Paid Search
CUST08525,Customer 08525,United Kingdom,Europe,Enterprise,2024-10-03,Social
CUST08526,Customer 08526,Brazil,South America,SMB,2025-10-05,Social
CUST08527,Customer 08527,Chile,South America,Enterprise,2025-01-10,Organic
CUST08528,Customer 08528,United States,North America,SMB,2025-04-18,Paid Search
CUST08529,Customer 08529,Canada,North America,Mid-Market,2025-09-01,Paid Search
CUST08530,Customer 08530,South Korea,Asia,SMB,2024-12-03,Organic
CUST08531,Customer 08531,Mexico,North America,Mid-Market,2024-08-21,Organic
CUST08532,Customer 08532,Italy,Europe,Enterprise,2025-07-16,Organic
CUST08533,Customer 08533,Spain,Europe,SMB,2025-08-30,Referral
CUST08534,Customer 08534,New Zealand,Oceania,Mid-Market,2024-08-07,Organic
CUST08535,Customer 08535,United States,North America,Enterprise,2025-08-24,Partner
CUST08536,Customer 08536,Spain,Europe,Mid-Market,2025-12-25,Referral
CUST08537,Customer 08537,France,Europe,SMB,2024-05-21,Paid Search
CUST08538,Customer 08538,New Zealand,Oceania,SMB,2025-09-11,Partner
CUST08539,Customer 08539,France,Europe,Enterprise,2024-03-04,Referral
CUST08540,Customer 08540,Singapore,Asia,Mid-Market,2025-10-10,Partner
CUST08541,Customer 08541,Italy,Europe,Enterprise,2025-10-13,Partner
CUST08542,Customer 08542,Spain,Europe,SMB,2025-09-16,Partner
CUST08543,Customer 08543,Thailand,Asia,Mid-Market,2024-09-11,Partner
CUST08544,Customer 08544,New Zealand,Oceania,Mid-Market,2025-11-12,Referral
CUST08545,Customer 08545,Singapore,Asia,Enterprise,2025-02-08,Paid Search
CUST08546,Customer 08546,Mexico,North America,Mid-Market,2024-02-17,Referral
CUST08547,Customer 08547,United States,North America,SMB,2025-09-12,Referral
CUST08548,Customer 08548,Mexico,North America,Mid-Market,2025-10-26,Social
CUST08549,Customer 08549,United States,North America,Mid-Market,2024-08-09,Paid Search
CUST08550,Customer 08550,Canada,North America,SMB,2024-06-30,Organic
CUST08551,Customer 08551,Mexico,North America,SMB,2025-02-20,Paid Search
CUST08552,Customer 08552,Mexico,North America,Enterprise,2024-09-19,Paid Search
CUST08553,Customer 08553,Mexico,North America,SMB,2025-04-12,Paid Search
CUST08554,Customer 08554,Mexico,North America,SMB,2024-09-27,Referral
CUST08555,Customer 08555,Canada,North America,Mid-Market,2024-06-08,Social
CUST08556,Customer 08556,Germany,Europe,Enterprise,2024-06-18,Organic
CUST08557,Customer 08557,Mexico,North America,Mid-Market,2025-04-25,Social
CUST08558,Customer 08558,Canada,North America,SMB,2024-11-16,Partner
CUST08559,Customer 08559,South Korea,Asia,SMB,2024-01-12,Organic
CUST08560,Customer 08560,Argentina,South America,SMB,2025-01-04,Organic
CUST08561,Customer 08561,Thailand,Asia,SMB,2025-07-29,Social
CUST08562,Customer 08562,United Kingdom,Europe,Mid-Market,2024-04-18,Partner
CUST08563,Customer 08563,Brazil,South America,SMB,2024-06-27,Organic
CUST08564,Customer 08564,Germany,Europe,SMB,2024-09-19,Referral
CUST08565,Customer 08565,South Korea,Asia,Enterprise,2025-11-08,Organic
CUST08566,Customer 08566,South Korea,Asia,SMB,2024-09-11,Referral
CUST08567,Customer 08567,Brazil,South America,SMB,2025-09-04,Organic
CUST08568,Customer 08568,South Korea,Asia,SMB,2025-05-08,Paid Search
CUST08569,Customer 08569,Mexico,North America,SMB,2025-12-26,Paid Search
CUST08570,Customer 08570,Canada,North America,SMB,2025-02-28,Paid Search
CUST08571,Customer 08571,Mexico,North America,Enterprise,2024-08-19,Organic
CUST08572,Customer 08572,Australia,Oceania,Mid-Market,2025-06-07,Referral
CUST08573,Customer 08573,Argentina,South America,Mid-Market,2024-03-07,Partner
CUST08574,Customer 08574,Singapore,Asia,Mid-Market,2025-07-27,Referral
CUST08575,Customer 08575,Australia,Oceania,SMB,2024-06-20,Social
CUST08576,Customer 08576,United States,North America,Mid-Market,2025-05-02,Partner
CUST08577,Customer 08577,United Kingdom,Europe,SMB,2025-02-27,Organic
CUST08578,Customer 08578,Japan,Asia,SMB,2024-06-25,Organic
CUST08579,Customer 08579,United States,North America,SMB,2024-12-17,Referral
CUST08580,Customer 08580,France,Europe,SMB,2025-01-02,Referral
CUST08581,Customer 08581,Canada,North America,SMB,2025-07-14,Social
CUST08582,Customer 08582,Thailand,Asia,SMB,2024-12-07,Organic
CUST08583,Customer 08583,Canada,North America,SMB,2024-02-12,Organic
CUST08584,Customer 08584,United Kingdom,Europe,SMB,2024-02-24,Partner
CUST08585,Customer 08585,Argentina,South America,SMB,2025-04-30,Partner
CUST08586,Customer 08586,Singapore,Asia,Mid-Market,2025-10-15,Paid Search
CUST08587,Customer 08587,France,Europe,SMB,2024-11-14,Paid Search
CUST08588,Customer 08588,Thailand,Asia,Mid-Market,2024-03-07,Partner
CUST08589,Customer 08589,Singapore,Asia,SMB,2024-05-04,Paid Search
CUST08590,Customer 08590,Canada,North America,SMB,2025-12-14,Partner
CUST08591,Customer 08591,United States,North America,Mid-Market,2025-05-29,Social
CUST08592,Customer 08592,Spain,Europe,Mid-Market,2024-01-24,Organic
CUST08593,Customer 08593,Argentina,South America,SMB,2024-07-08,Organic
CUST08594,Customer 08594,India,Asia,SMB,2025-06-17,Social
CUST08595,Customer 08595,Germany,Europe,Mid-Market,2025-04-06,Paid Search
CUST08596,Customer 08596,Canada,North America,SMB,2024-07-29,Organic
CUST08597,Customer 08597,Mexico,North America,SMB,2025-05-23,Paid Search
CUST08598,Customer 08598,United States,North America,SMB,2025-10-23,Referral
CUST08599,Customer 08599,India,Asia,Mid-Market,2025-10-20,Organic
CUST08600,Customer 08600,Singapore,Asia,SMB,2025-08-25,Referral
CUST08601,Customer 08601,Canada,North America,Enterprise,2024-09-15,Organic
CUST08602,Customer 08602,Spain,Europe,Mid-Market,2024-01-19,Organic
CUST08603,Customer 08603,South Korea,Asia,Mid-Market,2024-10-12,Organic
CUST08604,Customer 08604,New Zealand,Oceania,SMB,2024-01-17,Paid Search
CUST08605,Customer 08605,Canada,North America,Mid-Market,2025-02-20,Partner
CUST08606,Customer 08606,South Korea,Asia,SMB,2025-03-16,Paid Search
CUST08607,Customer 08607,United Kingdom,Europe,SMB,2024-09-06,Partner
CUST08608,Customer 08608,United States,North America,SMB,2024-04-19,Organic
CUST08609,Customer 08609,Japan,Asia,Mid-Market,2025-01-18,Paid Search
CUST08610,Customer 08610,Spain,Europe,Mid-Market,2024-01-11,Paid Search
CUST08611,Customer 08611,United Kingdom,Europe,Enterprise,2024-07-20,Partner
CUST08612,Customer 08612,Canada,North America,SMB,2025-12-08,Referral
CUST08613,Customer 08613,Mexico,North America,Enterprise,2025-10-30,Partner
CUST08614,Customer 08614,France,Europe,Mid-Market,2025-04-07,Paid Search
CUST08615,Customer 08615,France,Europe,Enterprise,2024-09-30,Social
CUST08616,Customer 08616,Mexico,North America,Mid-Market,2024-01-08,Partner
CUST08617,Customer 08617,Mexico,North America,SMB,2025-04-20,Social
CUST08618,Customer 08618,Canada,North America,Enterprise,2024-12-24,Organic
CUST08619,Customer 08619,Spain,Europe,Mid-Market,2025-06-05,Organic
CUST08620,Customer 08620,Canada,North America,Mid-Market,2024-04-25,Referral
CUST08621,Customer 08621,New Zealand,Oceania,SMB,2025-08-29,Paid Search
CUST08622,Customer 08622,United States,North America,SMB,2025-08-11,Partner
CUST08623,Customer 08623,Italy,Europe,SMB,2024-11-09,Organic
CUST08624,Customer 08624,United States,North America,SMB,2024-01-21,Referral
CUST08625,Customer 08625,Japan,Asia,SMB,2024-12-06,Organic
CUST08626,Customer 08626,Spain,Europe,Enterprise,2024-09-28,Paid Search
CUST08627,Customer 08627,Japan,Asia,SMB,2025-07-10,Organic
CUST08628,Customer 08628,Australia,Oceania,SMB,2024-06-22,Social
CUST08629,Customer 08629,Thailand,Asia,SMB,2024-01-14,Organic
CUST08630,Customer 08630,Chile,South America,SMB,2025-12-18,Referral
CUST08631,Customer 08631,Canada,North America,SMB,2024-06-25,Organic
CUST08632,Customer 08632,United States,North America,Mid-Market,2024-02-27,Organic
CUST08633,Customer 08633,France,Europe,Enterprise,2025-09-18,Paid Search
CUST08634,Customer 08634,Canada,North America,SMB,2025-06-10,Organic
CUST08635,Customer 08635,France,Europe,SMB,2024-07-15,Paid Search
CUST08636,Customer 08636,South Korea,Asia,Mid-Market,2024-12-15,Organic
CUST08637,Customer 08637,Thailand,Asia,SMB,2025-05-18,Referral
CUST08638,Customer 08638,South Korea,Asia,Mid-Market,2025-08-19,Partner
CUST08639,Customer 08639,Canada,North America,Mid-Market,2024-09-29,Partner
CUST08640,Customer 08640,United Kingdom,Europe,Enterprise,2024-06-05,Organic
CUST08641,Customer 08641,India,Asia,SMB,2024-01-11,Paid Search
CUST08642,Customer 08642,New Zealand,Oceania,Enterprise,2025-09-17,Organic
CUST08643,Customer 08643,Spain,Europe,Enterprise,2025-08-18,Paid Search
CUST08644,Customer 08644,South Korea,Asia,SMB,2025-11-25,Partner
CUST08645,Customer 08645,South Korea,Asia,SMB,2025-06-30,Organic
CUST08646,Customer 08646,Thailand,Asia,SMB,2024-06-04,Organic
CUST08647,Customer 08647,Canada,North America,SMB,2024-06-24,Partner
CUST08648,Customer 08648,France,Europe,Enterprise,2024-06-26,Paid Search
CUST08649,Customer 08649,Thailand,Asia,SMB,2024-11-30,Organic
CUST08650,Customer 08650,Canada,North America,SMB,2025-12-05,Social
CUST08651,Customer 08651,South Korea,Asia,SMB,2025-05-20,Organic
CUST08652,Customer 08652,New Zealand,Oceania,Mid-Market,2024-11-13,Partner
CUST08653,Customer 08653,Australia,Oceania,Enterprise,2025-06-23,Organic
CUST08654,Customer 08654,France,Europe,Mid-Market,2025-09-02,Social
CUST08655,Customer 08655,Japan,Asia,Mid-Market,2024-10-21,Partner
CUST08656,Customer 08656,Germany,Europe,SMB,2025-09-07,Organic
CUST08657,Customer 08657,Italy,Europe,Mid-Market,2024-01-14,Social
CUST08658,Customer 08658,Thailand,Asia,SMB,2024-08-15,Organic
CUST08659,Customer 08659,Mexico,North America,SMB,2024-05-04,Partner
CUST08660,Customer 08660,India,Asia,Mid-Market,2024-05-10,Referral
CUST08661,Customer 08661,Singapore,Asia,Enterprise,2024-05-28,Organic
CUST08662,Customer 08662,Japan,Asia,Mid-Market,2024-09-24,Paid Search
CUST08663,Customer 08663,Australia,Oceania,Mid-Market,2025-06-13,Organic
CUST08664,Customer 08664,New Zealand,Oceania,SMB,2025-03-08,Referral
CUST08665,Customer 08665,Spain,Europe,SMB,2024-11-18,Referral
CUST08666,Customer 08666,United States,North America,SMB,2024-12-29,Paid Search
CUST08667,Customer 08667,South Korea,Asia,Mid-Market,2024-05-13,Partner
CUST08668,Customer 08668,United States,North America,Mid-Market,2025-06-22,Social
CUST08669,Customer 08669,Mexico,North America,Mid-Market,2025-07-05,Paid Search
CUST08670,Customer 08670,Brazil,South America,SMB,2025-02-05,Referral
CUST08671,Customer 08671,United Kingdom,Europe,SMB,2025-08-18,Organic
CUST08672,Customer 08672,India,Asia,SMB,2025-08-11,Social
CUST08673,Customer 08673,Australia,Oceania,Mid-Market,2025-08-10,Partner
CUST08674,Customer 08674,United Kingdom,Europe,Enterprise,2024-03-16,Social
CUST08675,Customer 08675,United Kingdom,Europe,SMB,2024-03-03,Partner
CUST08676,Customer 08676,Mexico,North America,Mid-Market,2024-11-16,Paid Search
CUST08677,Customer 08677,Mexico,North America,Mid-Market,2024-02-11,Organic
CUST08678,Customer 08678,Canada,North America,SMB,2024-01-12,Paid Search
CUST08679,Customer 08679,Mexico,North America,SMB,2024-04-05,Organic
CUST08680,Customer 08680,Canada,North America,SMB,2024-03-29,Referral
CUST08681,Customer 08681,Germany,Europe,Enterprise,2024-08-26,Paid Search
CUST08682,Customer 08682,Canada,North America,SMB,2024-08-30,Referral
CUST08683,Customer 08683,Mexico,North America,SMB,2025-08-22,Referral
CUST08684,Customer 08684,Brazil,South America,SMB,2025-10-21,Organic
CUST08685,Customer 08685,United Kingdom,Europe,Mid-Market,2024-05-04,Referral
CUST08686,Customer 08686,United Kingdom,Europe,SMB,2024-10-04,Paid Search
CUST08687,Customer 08687,United States,North America,Enterprise,2025-01-06,Organic
CUST08688,Customer 08688,Japan,Asia,SMB,2024-07-18,Paid Search
CUST08689,Customer 08689,United Kingdom,Europe,Enterprise,2024-08-29,Organic
CUST08690,Customer 08690,Argentina,South America,Mid-Market,2025-05-05,Paid Search
CUST08691,Customer 08691,Mexico,North America,SMB,2024-11-06,Organic
CUST08692,Customer 08692,Japan,Asia,Mid-Market,2025-05-29,Organic
CUST08693,Customer 08693,Italy,Europe,Mid-Market,2024-02-24,Paid Search
CUST08694,Customer 08694,Germany,Europe,SMB,2024-12-17,Paid Search
CUST08695,Customer 08695,United States,North America,Mid-Market,2024-08-15,Partner
CUST08696,Customer 08696,Thailand,Asia,Mid-Market,2024-07-29,Organic
CUST08697,Customer 08697,Spain,Europe,Mid-Market,2024-12-08,Paid Search
CUST08698,Customer 08698,Thailand,Asia,Mid-Market,2024-08-08,Organic
CUST08699,Customer 08699,Germany,Europe,Mid-Market,2025-07-08,Organic
CUST08700,Customer 08700,Spain,Europe,SMB,2024-05-15,Paid Search
CUST08701,Customer 08701,Japan,Asia,SMB,2025-10-14,Paid Search
CUST08702,Customer 08702,United States,North America,SMB,2024-09-22,Referral
CUST08703,Customer 08703,Germany,Europe,Mid-Market,2025-01-20,Partner
CUST08704,Customer 08704,South Korea,Asia,SMB,2024-05-02,Social
CUST08705,Customer 08705,Singapore,Asia,SMB,2025-11-02,Social
CUST08706,Customer 08706,Singapore,Asia,Mid-Market,2025-04-14,Organic
CUST08707,Customer 08707,Spain,Europe,SMB,2025-07-16,Organic
CUST08708,Customer 08708,Germany,Europe,SMB,2025-10-16,Paid Search
CUST08709,Customer 08709,Germany,Europe,Mid-Market,2025-12-28,Referral
CUST08710,Customer 08710,Thailand,Asia,Mid-Market,2024-07-04,Referral
CUST08711,Customer 08711,Canada,North America,Mid-Market,2024-08-28,Paid Search
CUST08712,Customer 08712,Italy,Europe,SMB,2024-06-26,Social
CUST08713,Customer 08713,Canada,North America,Mid-Market,2025-01-01,Paid Search
CUST08714,Customer 08714,United States,North America,Enterprise,2025-10-18,Social
CUST08715,Customer 08715,United Kingdom,Europe,SMB,2025-06-23,Social
CUST08716,Customer 08716,Spain,Europe,SMB,2025-02-19,Paid Search
CUST08717,Customer 08717,Germany,Europe,SMB,2024-12-12,Organic
CUST08718,Customer 08718,Germany,Europe,Enterprise,2025-06-17,Paid Search
CUST08719,Customer 08719,Canada,North America,SMB,2024-12-07,Paid Search
CUST08720,Customer 08720,United Kingdom,Europe,SMB,2025-10-11,Partner
CUST08721,Customer 08721,Argentina,South America,SMB,2025-02-12,Social
CUST08722,Customer 08722,India,Asia,Enterprise,2025-05-01,Organic
CUST08723,Customer 08723,Mexico,North America,SMB,2025-05-11,Organic
CUST08724,Customer 08724,United States,North America,SMB,2025-06-26,Partner
CUST08725,Customer 08725,United States,North America,Enterprise,2024-12-15,Referral
CUST08726,Customer 08726,New Zealand,Oceania,SMB,2024-10-09,Partner
CUST08727,Customer 08727,Australia,Oceania,Mid-Market,2024-10-30,Paid Search
CUST08728,Customer 08728,Singapore,Asia,SMB,2025-11-16,Organic
CUST08729,Customer 08729,United Kingdom,Europe,SMB,2024-03-21,Organic
CUST08730,Customer 08730,Japan,Asia,SMB,2025-05-29,Organic
CUST08731,Customer 08731,United Kingdom,Europe,SMB,2025-12-03,Paid Search
CUST08732,Customer 08732,Mexico,North America,SMB,2024-02-22,Organic
CUST08733,Customer 08733,India,Asia,Mid-Market,2025-03-27,Paid Search
CUST08734,Customer 08734,Thailand,Asia,SMB,2025-03-11,Partner
CUST08735,Customer 08735,United States,North America,SMB,2024-09-01,Organic
CUST08736,Customer 08736,Thailand,Asia,Mid-Market,2024-03-10,Partner
CUST08737,Customer 08737,Mexico,North America,Enterprise,2025-05-10,Organic
CUST08738,Customer 08738,Thailand,Asia,SMB,2025-01-16,Referral
CUST08739,Customer 08739,Canada,North America,SMB,2025-07-03,Organic
CUST08740,Customer 08740,Mexico,North America,SMB,2024-03-05,Partner
CUST08741,Customer 08741,Spain,Europe,Enterprise,2025-11-14,Organic
CUST08742,Customer 08742,Canada,North America,Mid-Market,2025-04-03,Paid Search
CUST08743,Customer 08743,Spain,Europe,SMB,2024-11-19,Social
CUST08744,Customer 08744,Canada,North America,SMB,2024-11-29,Organic
CUST08745,Customer 08745,Mexico,North America,SMB,2025-11-26,Partner
CUST08746,Customer 08746,Thailand,Asia,Mid-Market,2025-02-08,Referral
CUST08747,Customer 08747,Canada,North America,SMB,2025-02-28,Paid Search
CUST08748,Customer 08748,Brazil,South America,SMB,2025-04-19,Organic
CUST08749,Customer 08749,United States,North America,SMB,2024-08-16,Partner
CUST08750,Customer 08750,United States,North America,Mid-Market,2024-07-02,Social
CUST08751,Customer 08751,Canada,North America,Enterprise,2025-07-03,Organic
CUST08752,Customer 08752,Singapore,Asia,SMB,2024-08-21,Partner
CUST08753,Customer 08753,Mexico,North America,Enterprise,2024-01-26,Partner
CUST08754,Customer 08754,Brazil,South America,SMB,2024-12-18,Referral
CUST08755,Customer 08755,Germany,Europe,Mid-Market,2024-01-08,Partner
CUST08756,Customer 08756,Italy,Europe,Enterprise,2025-02-17,Organic
CUST08757,Customer 08757,India,Asia,Mid-Market,2025-04-15,Paid Search
CUST08758,Customer 08758,Spain,Europe,SMB,2025-11-06,Social
CUST08759,Customer 08759,India,Asia,SMB,2025-03-19,Partner
CUST08760,Customer 08760,United Kingdom,Europe,Mid-Market,2024-09-14,Organic
CUST08761,Customer 08761,Mexico,North America,Mid-Market,2025-04-14,Referral
CUST08762,Customer 08762,United Kingdom,Europe,SMB,2025-03-08,Organic
CUST08763,Customer 08763,Thailand,Asia,Mid-Market,2025-06-25,Organic
CUST08764,Customer 08764,Canada,North America,SMB,2025-11-05,Organic
CUST08765,Customer 08765,South Korea,Asia,SMB,2024-03-11,Organic
CUST08766,Customer 08766,South Korea,Asia,Mid-Market,2025-06-08,Paid Search
CUST08767,Customer 08767,Canada,North America,SMB,2025-08-11,Paid Search
CUST08768,Customer 08768,Australia,Oceania,SMB,2024-08-28,Partner
CUST08769,Customer 08769,Mexico,North America,SMB,2024-10-21,Partner
CUST08770,Customer 08770,Germany,Europe,Enterprise,2024-10-30,Paid Search
CUST08771,Customer 08771,France,Europe,SMB,2024-09-30,Organic
CUST08772,Customer 08772,New Zealand,Oceania,SMB,2025-10-04,Social
CUST08773,Customer 08773,Mexico,North America,SMB,2024-08-26,Organic
CUST08774,Customer 08774,Canada,North America,SMB,2024-11-15,Paid Search
CUST08775,Customer 08775,Canada,North America,SMB,2025-03-03,Organic
CUST08776,Customer 08776,United Kingdom,Europe,SMB,2024-07-03,Social
CUST08777,Customer 08777,Thailand,Asia,SMB,2025-05-25,Paid Search
CUST08778,Customer 08778,Canada,North America,Mid-Market,2025-01-17,Social
CUST08779,Customer 08779,Chile,South America,SMB,2024-05-04,Social
CUST08780,Customer 08780,Germany,Europe,SMB,2024-05-15,Social
CUST08781,Customer 08781,Canada,North America,Mid-Market,2024-01-20,Partner
CUST08782,Customer 08782,Italy,Europe,SMB,2025-03-01,Referral
CUST08783,Customer 08783,New Zealand,Oceania,SMB,2025-08-08,Social
CUST08784,Customer 08784,Singapore,Asia,Enterprise,2025-12-25,Organic
CUST08785,Customer 08785,Mexico,North America,Mid-Market,2025-04-27,Partner
CUST08786,Customer 08786,United Kingdom,Europe,Mid-Market,2025-12-09,Organic
CUST08787,Customer 08787,Canada,North America,SMB,2025-12-23,Paid Search
CUST08788,Customer 08788,Mexico,North America,Enterprise,2025-03-24,Paid Search
CUST08789,Customer 08789,South Korea,Asia,SMB,2024-10-01,Social
CUST08790,Customer 08790,Chile,South America,SMB,2025-10-09,Paid Search
CUST08791,Customer 08791,Chile,South America,Mid-Market,2025-04-07,Referral
CUST08792,Customer 08792,Brazil,South America,SMB,2025-08-18,Referral
CUST08793,Customer 08793,Singapore,Asia,Mid-Market,2024-06-14,Referral
CUST08794,Customer 08794,Canada,North America,SMB,2025-11-25,Organic
CUST08795,Customer 08795,Mexico,North America,SMB,2024-11-09,Referral
CUST08796,Customer 08796,United States,North America,Mid-Market,2025-09-30,Referral
CUST08797,Customer 08797,South Korea,Asia,SMB,2024-10-01,Social
CUST08798,Customer 08798,United States,North America,Mid-Market,2025-10-19,Social
CUST08799,Customer 08799,United Kingdom,Europe,SMB,2025-05-06,Organic
CUST08800,Customer 08800,South Korea,Asia,SMB,2024-06-16,Organic
CUST08801,Customer 08801,France,Europe,Mid-Market,2024-04-18,Referral
CUST08802,Customer 08802,India,Asia,SMB,2024-04-25,Paid Search
CUST08803,Customer 08803,Italy,Europe,Mid-Market,2024-09-30,Referral
CUST08804,Customer 08804,France,Europe,SMB,2024-02-02,Partner
CUST08805,Customer 08805,Mexico,North America,SMB,2025-02-04,Organic
CUST08806,Customer 08806,Mexico,North America,SMB,2025-04-26,Partner
CUST08807,Customer 08807,France,Europe,Mid-Market,2025-06-28,Organic
CUST08808,Customer 08808,Mexico,North America,SMB,2025-11-13,Social
CUST08809,Customer 08809,Australia,Oceania,SMB,2025-08-08,Paid Search
CUST08810,Customer 08810,Chile,South America,Enterprise,2025-12-27,Partner
CUST08811,Customer 08811,Brazil,South America,SMB,2025-03-17,Organic
CUST08812,Customer 08812,New Zealand,Oceania,Mid-Market,2025-09-15,Paid Search
CUST08813,Customer 08813,Mexico,North America,SMB,2025-07-20,Organic
CUST08814,Customer 08814,Australia,Oceania,SMB,2025-08-30,Referral
CUST08815,Customer 08815,New Zealand,Oceania,SMB,2024-10-27,Social
CUST08816,Customer 08816,South Korea,Asia,SMB,2025-01-14,Partner
CUST08817,Customer 08817,Chile,South America,Mid-Market,2025-10-30,Referral
CUST08818,Customer 08818,Canada,North America,SMB,2024-11-26,Organic
CUST08819,Customer 08819,United States,North America,SMB,2025-03-19,Social
CUST08820,Customer 08820,Chile,South America,Mid-Market,2025-04-13,Paid Search
CUST08821,Customer 08821,India,Asia,Mid-Market,2024-05-15,Referral
CUST08822,Customer 08822,Japan,Asia,SMB,2024-01-17,Organic
CUST08823,Customer 08823,United States,North America,SMB,2025-05-23,Partner
CUST08824,Customer 08824,United States,North America,SMB,2025-08-03,Paid Search
CUST08825,Customer 08825,Brazil,South America,Enterprise,2025-03-01,Paid Search
CUST08826,Customer 08826,Brazil,South America,Mid-Market,2025-04-25,Organic
CUST08827,Customer 08827,Mexico,North America,Mid-Market,2024-02-18,Referral
CUST08828,Customer 08828,New Zealand,Oceania,SMB,2024-05-04,Organic
CUST08829,Customer 08829,Spain,Europe,SMB,2025-06-23,Social
CUST08830,Customer 08830,Australia,Oceania,SMB,2025-04-09,Partner
CUST08831,Customer 08831,Spain,Europe,SMB,2024-05-24,Social
CUST08832,Customer 08832,Canada,North America,SMB,2025-03-14,Paid Search
CUST08833,Customer 08833,Italy,Europe,SMB,2024-01-26,Referral
CUST08834,Customer 08834,Mexico,North America,SMB,2025-07-30,Paid Search
CUST08835,Customer 08835,Japan,Asia,SMB,2024-01-20,Social
CUST08836,Customer 08836,Italy,Europe,SMB,2025-09-04,Paid Search
CUST08837,Customer 08837,Canada,North America,SMB,2024-06-12,Paid Search
CUST08838,Customer 08838,Canada,North America,Mid-Market,2024-07-04,Paid Search
CUST08839,Customer 08839,United Kingdom,Europe,Mid-Market,2025-11-07,Paid Search
CUST08840,Customer 08840,United States,North America,SMB,2025-08-18,Partner
CUST08841,Customer 08841,Germany,Europe,Mid-Market,2024-09-03,Organic
CUST08842,Customer 08842,Spain,Europe,SMB,2024-05-13,Referral
CUST08843,Customer 08843,Italy,Europe,SMB,2024-03-21,Paid Search
CUST08844,Customer 08844,Canada,North America,Enterprise,2024-10-15,Organic
CUST08845,Customer 08845,Mexico,North America,SMB,2025-02-28,Social
CUST08846,Customer 08846,Canada,North America,Mid-Market,2024-12-26,Partner
CUST08847,Customer 08847,Brazil,South America,SMB,2025-10-17,Social
CUST08848,Customer 08848,Mexico,North America,SMB,2025-08-11,Paid Search
CUST08849,Customer 08849,Mexico,North America,SMB,2024-07-09,Partner
CUST08850,Customer 08850,Australia,Oceania,SMB,2025-10-20,Referral
CUST08851,Customer 08851,Thailand,Asia,SMB,2024-12-03,Referral
CUST08852,Customer 08852,United Kingdom,Europe,SMB,2024-01-13,Organic
CUST08853,Customer 08853,Italy,Europe,SMB,2025-09-14,Organic
CUST08854,Customer 08854,United States,North America,SMB,2025-06-22,Organic
CUST08855,Customer 08855,Canada,North America,SMB,2024-09-16,Referral
CUST08856,Customer 08856,Germany,Europe,SMB,2025-10-03,Partner
CUST08857,Customer 08857,Chile,South America,SMB,2025-10-24,Referral
CUST08858,Customer 08858,Australia,Oceania,SMB,2025-11-28,Organic
CUST08859,Customer 08859,Japan,Asia,Mid-Market,2025-10-29,Partner
CUST08860,Customer 08860,Italy,Europe,Enterprise,2024-07-14,Organic
CUST08861,Customer 08861,Spain,Europe,SMB,2025-02-11,Partner
CUST08862,Customer 08862,Japan,Asia,SMB,2024-05-06,Paid Search
CUST08863,Customer 08863,Chile,South America,Enterprise,2025-05-13,Referral
CUST08864,Customer 08864,Mexico,North America,Mid-Market,2024-12-30,Organic
CUST08865,Customer 08865,United Kingdom,Europe,Enterprise,2025-10-04,Paid Search
CUST08866,Customer 08866,Thailand,Asia,Mid-Market,2025-10-20,Paid Search
CUST08867,Customer 08867,Germany,Europe,Mid-Market,2024-08-20,Paid Search
CUST08868,Customer 08868,Thailand,Asia,SMB,2024-08-18,Organic
CUST08869,Customer 08869,Singapore,Asia,SMB,2024-01-24,Paid Search
CUST08870,Customer 08870,United States,North America,Mid-Market,2025-01-04,Organic
CUST08871,Customer 08871,Mexico,North America,SMB,2024-10-08,Social
CUST08872,Customer 08872,Chile,South America,Mid-Market,2025-12-28,Paid Search
CUST08873,Customer 08873,Spain,Europe,Enterprise,2025-08-20,Paid Search
CUST08874,Customer 08874,United States,North America,SMB,2024-11-29,Referral
CUST08875,Customer 08875,Italy,Europe,SMB,2025-02-19,Partner
CUST08876,Customer 08876,South Korea,Asia,Enterprise,2025-04-04,Organic
CUST08877,Customer 08877,Chile,South America,Mid-Market,2025-10-22,Referral
CUST08878,Customer 08878,Canada,North America,Mid-Market,2025-12-28,Social
CUST08879,Customer 08879,Spain,Europe,Mid-Market,2024-11-01,Paid Search
CUST08880,Customer 08880,South Korea,Asia,Enterprise,2024-09-25,Organic
CUST08881,Customer 08881,United States,North America,SMB,2025-06-05,Organic
CUST08882,Customer 08882,Australia,Oceania,SMB,2024-07-18,Social
CUST08883,Customer 08883,Mexico,North America,SMB,2024-04-12,Organic
CUST08884,Customer 08884,Italy,Europe,SMB,2024-07-25,Organic
CUST08885,Customer 08885,India,Asia,Mid-Market,2024-08-19,Social
CUST08886,Customer 08886,Germany,Europe,SMB,2025-03-27,Partner
CUST08887,Customer 08887,Spain,Europe,Mid-Market,2025-06-21,Paid Search
CUST08888,Customer 08888,United States,North America,SMB,2024-04-28,Organic
CUST08889,Customer 08889,United States,North America,Mid-Market,2024-02-02,Referral
CUST08890,Customer 08890,Italy,Europe,SMB,2024-04-30,Partner
CUST08891,Customer 08891,Mexico,North America,SMB,2025-10-28,Organic
CUST08892,Customer 08892,Canada,North America,SMB,2024-07-09,Organic
CUST08893,Customer 08893,Canada,North America,SMB,2025-01-21,Social
CUST08894,Customer 08894,Italy,Europe,SMB,2025-01-30,Partner
CUST08895,Customer 08895,South Korea,Asia,Mid-Market,2024-07-22,Paid Search
CUST08896,Customer 08896,Italy,Europe,SMB,2025-09-09,Social
CUST08897,Customer 08897,France,Europe,Enterprise,2024-02-17,Referral
CUST08898,Customer 08898,South Korea,Asia,Enterprise,2025-01-21,Social
CUST08899,Customer 08899,India,Asia,SMB,2024-10-29,Organic
CUST08900,Customer 08900,Italy,Europe,SMB,2025-07-26,Paid Search
CUST08901,Customer 08901,Italy,Europe,SMB,2024-05-24,Referral
CUST08902,Customer 08902,New Zealand,Oceania,SMB,2025-11-30,Paid Search
CUST08903,Customer 08903,United States,North America,SMB,2025-08-02,Paid Search
CUST08904,Customer 08904,Thailand,Asia,Enterprise,2025-06-24,Referral
CUST08905,Customer 08905,Australia,Oceania,Enterprise,2024-12-27,Referral
CUST08906,Customer 08906,Germany,Europe,SMB,2025-04-14,Organic
CUST08907,Customer 08907,Singapore,Asia,Mid-Market,2024-05-31,Paid Search
CUST08908,Customer 08908,Argentina,South America,Mid-Market,2024-01-06,Referral
CUST08909,Customer 08909,Singapore,Asia,SMB,2025-06-29,Referral
CUST08910,Customer 08910,Italy,Europe,Enterprise,2024-11-23,Paid Search
CUST08911,Customer 08911,Singapore,Asia,Enterprise,2024-09-14,Organic
CUST08912,Customer 08912,United States,North America,Enterprise,2024-07-14,Organic
CUST08913,Customer 08913,Canada,North America,Mid-Market,2025-03-29,Partner
CUST08914,Customer 08914,Japan,Asia,SMB,2025-01-09,Partner
CUST08915,Customer 08915,India,Asia,SMB,2025-05-08,Referral
CUST08916,Customer 08916,Japan,Asia,Enterprise,2025-11-26,Referral
CUST08917,Customer 08917,Mexico,North America,SMB,2025-09-02,Organic
CUST08918,Customer 08918,United Kingdom,Europe,SMB,2024-08-22,Paid Search
CUST08919,Customer 08919,Brazil,South America,SMB,2024-06-25,Paid Search
CUST08920,Customer 08920,Canada,North America,SMB,2024-04-27,Paid Search
CUST08921,Customer 08921,Thailand,Asia,SMB,2025-02-19,Organic
CUST08922,Customer 08922,Canada,North America,Mid-Market,2025-08-26,Organic
CUST08923,Customer 08923,Italy,Europe,SMB,2024-07-04,Social
CUST08924,Customer 08924,South Korea,Asia,SMB,2025-12-25,Referral
CUST08925,Customer 08925,Thailand,Asia,SMB,2024-11-09,Partner
CUST08926,Customer 08926,South Korea,Asia,Mid-Market,2025-07-24,Referral
CUST08927,Customer 08927,Canada,North America,Mid-Market,2024-08-05,Partner
CUST08928,Customer 08928,Australia,Oceania,Enterprise,2024-04-11,Organic
CUST08929,Customer 08929,India,Asia,Mid-Market,2025-01-09,Organic
CUST08930,Customer 08930,South Korea,Asia,SMB,2025-02-06,Referral
CUST08931,Customer 08931,Mexico,North America,Mid-Market,2024-12-15,Paid Search
CUST08932,Customer 08932,South Korea,Asia,SMB,2024-10-23,Organic
CUST08933,Customer 08933,United Kingdom,Europe,Mid-Market,2025-04-20,Referral
CUST08934,Customer 08934,Australia,Oceania,Mid-Market,2025-04-08,Organic
CUST08935,Customer 08935,Argentina,South America,SMB,2024-04-20,Organic
CUST08936,Customer 08936,Australia,Oceania,SMB,2025-05-03,Social
CUST08937,Customer 08937,Italy,Europe,Mid-Market,2024-08-31,Referral
CUST08938,Customer 08938,France,Europe,SMB,2025-08-12,Paid Search
CUST08939,Customer 08939,Thailand,Asia,Mid-Market,2024-12-29,Organic
CUST08940,Customer 08940,New Zealand,Oceania,SMB,2024-06-24,Social
CUST08941,Customer 08941,France,Europe,Mid-Market,2024-05-11,Social
CUST08942,Customer 08942,France,Europe,Mid-Market,2025-12-06,Organic
CUST08943,Customer 08943,Spain,Europe,SMB,2025-06-09,Paid Search
CUST08944,Customer 08944,United States,North America,SMB,2024-06-05,Referral
CUST08945,Customer 08945,Canada,North America,Mid-Market,2025-01-01,Organic
CUST08946,Customer 08946,United States,North America,SMB,2024-03-31,Paid Search
CUST08947,Customer 08947,United Kingdom,Europe,SMB,2025-09-01,Organic
CUST08948,Customer 08948,United States,North America,Mid-Market,2025-08-28,Organic
CUST08949,Customer 08949,India,Asia,SMB,2025-08-10,Referral
CUST08950,Customer 08950,United Kingdom,Europe,Mid-Market,2024-12-04,Paid Search
CUST08951,Customer 08951,India,Asia,SMB,2024-05-01,Referral
CUST08952,Customer 08952,Mexico,North America,SMB,2024-12-24,Organic
CUST08953,Customer 08953,Singapore,Asia,SMB,2025-01-08,Paid Search
CUST08954,Customer 08954,Australia,Oceania,Enterprise,2024-08-20,Social
CUST08955,Customer 08955,Singapore,Asia,SMB,2024-10-03,Paid Search
CUST08956,Customer 08956,Thailand,Asia,SMB,2024-02-03,Paid Search
CUST08957,Customer 08957,Mexico,North America,SMB,2025-01-17,Paid Search
CUST08958,Customer 08958,United States,North America,Mid-Market,2024-05-21,Partner
CUST08959,Customer 08959,Italy,Europe,Mid-Market,2025-09-06,Referral
CUST08960,Customer 08960,Canada,North America,SMB,2025-07-10,Organic
CUST08961,Customer 08961,Italy,Europe,SMB,2025-03-17,Organic
CUST08962,Customer 08962,South Korea,Asia,SMB,2024-06-13,Referral
CUST08963,Customer 08963,Mexico,North America,Mid-Market,2025-05-03,Partner
CUST08964,Customer 08964,Mexico,North America,Mid-Market,2025-12-26,Organic
CUST08965,Customer 08965,Japan,Asia,Mid-Market,2025-04-05,Paid Search
CUST08966,Customer 08966,Spain,Europe,Mid-Market,2025-07-28,Referral
CUST08967,Customer 08967,Mexico,North America,SMB,2025-10-20,Paid Search
CUST08968,Customer 08968,Japan,Asia,Mid-Market,2025-09-12,Referral
CUST08969,Customer 08969,Australia,Oceania,Mid-Market,2024-04-28,Paid Search
CUST08970,Customer 08970,Canada,North America,SMB,2025-09-30,Referral
CUST08971,Customer 08971,Argentina,South America,Enterprise,2025-07-13,Partner
CUST08972,Customer 08972,South Korea,Asia,SMB,2025-06-09,Social
CUST08973,Customer 08973,Argentina,South America,Mid-Market,2024-06-15,Referral
CUST08974,Customer 08974,Germany,Europe,Mid-Market,2024-12-06,Paid Search
CUST08975,Customer 08975,Japan,Asia,Enterprise,2025-10-22,Referral
CUST08976,Customer 08976,Spain,Europe,SMB,2025-11-01,Partner
CUST08977,Customer 08977,Spain,Europe,Enterprise,2024-03-25,Paid Search
CUST08978,Customer 08978,Australia,Oceania,SMB,2024-11-07,Paid Search
CUST08979,Customer 08979,Mexico,North America,SMB,2025-03-19,Organic
CUST08980,Customer 08980,United States,North America,Enterprise,2024-03-11,Referral
CUST08981,Customer 08981,Mexico,North America,SMB,2024-06-28,Paid Search
CUST08982,Customer 08982,Mexico,North America,Mid-Market,2025-03-11,Organic
CUST08983,Customer 08983,United States,North America,SMB,2025-04-24,Referral
CUST08984,Customer 08984,Chile,South America,Enterprise,2024-03-18,Social
CUST08985,Customer 08985,Canada,North America,Mid-Market,2024-11-05,Organic
CUST08986,Customer 08986,Mexico,North America,SMB,2025-04-24,Paid Search
CUST08987,Customer 08987,Japan,Asia,Mid-Market,2025-12-25,Social
CUST08988,Customer 08988,New Zealand,Oceania,SMB,2025-12-30,Social
CUST08989,Customer 08989,Spain,Europe,Mid-Market,2024-08-15,Paid Search
CUST08990,Customer 08990,Japan,Asia,Mid-Market,2025-05-08,Organic
CUST08991,Customer 08991,Argentina,South America,Mid-Market,2025-02-08,Paid Search
CUST08992,Customer 08992,Italy,Europe,Mid-Market,2024-06-02,Paid Search
CUST08993,Customer 08993,France,Europe,Mid-Market,2025-01-05,Paid Search
CUST08994,Customer 08994,Thailand,Asia,Mid-Market,2024-04-10,Referral
CUST08995,Customer 08995,India,Asia,Enterprise,2024-03-28,Partner
CUST08996,Customer 08996,Australia,Oceania,SMB,2024-09-17,Referral
CUST08997,Customer 08997,Argentina,South America,SMB,2024-07-10,Partner
CUST08998,Customer 08998,Singapore,Asia,Mid-Market,2024-04-16,Referral
CUST08999,Customer 08999,Australia,Oceania,SMB,2024-02-07,Paid Search
CUST09000,Customer 09000,Mexico,North America,SMB,2025-02-20,Organic
CUST09001,Customer 09001,Brazil,South America,Mid-Market,2024-01-05,Partner
CUST09002,Customer 09002,Germany,Europe,SMB,2025-07-26,Referral
CUST09003,Customer 09003,Singapore,Asia,SMB,2024-02-23,Paid Search
CUST09004,Customer 09004,Spain,Europe,SMB,2025-04-26,Organic
CUST09005,Customer 09005,Germany,Europe,SMB,2024-04-18,Referral
CUST09006,Customer 09006,Canada,North America,SMB,2025-03-27,Organic
CUST09007,Customer 09007,Spain,Europe,SMB,2024-04-14,Partner
CUST09008,Customer 09008,Mexico,North America,Mid-Market,2024-11-14,Organic
CUST09009,Customer 09009,United States,North America,SMB,2025-04-27,Referral
CUST09010,Customer 09010,Italy,Europe,Mid-Market,2024-05-06,Paid Search
CUST09011,Customer 09011,Thailand,Asia,Enterprise,2024-04-07,Paid Search
CUST09012,Customer 09012,Mexico,North America,SMB,2025-04-11,Partner
CUST09013,Customer 09013,Argentina,South America,Enterprise,2025-04-13,Organic
CUST09014,Customer 09014,South Korea,Asia,SMB,2024-11-02,Organic
CUST09015,Customer 09015,Australia,Oceania,Mid-Market,2024-03-30,Organic
CUST09016,Customer 09016,Brazil,South America,Enterprise,2024-08-11,Organic
CUST09017,Customer 09017,Canada,North America,Mid-Market,2024-06-07,Paid Search
CUST09018,Customer 09018,South Korea,Asia,SMB,2025-04-26,Organic
CUST09019,Customer 09019,Mexico,North America,SMB,2024-08-07,Paid Search
CUST09020,Customer 09020,Chile,South America,SMB,2024-10-03,Referral
CUST09021,Customer 09021,Japan,Asia,Enterprise,2024-07-10,Partner
CUST09022,Customer 09022,New Zealand,Oceania,SMB,2024-05-03,Organic
CUST09023,Customer 09023,Australia,Oceania,SMB,2025-08-16,Partner
CUST09024,Customer 09024,Thailand,Asia,SMB,2024-12-19,Social
CUST09025,Customer 09025,United States,North America,SMB,2025-02-21,Referral
CUST09026,Customer 09026,Canada,North America,SMB,2024-07-30,Referral
CUST09027,Customer 09027,Mexico,North America,SMB,2024-03-04,Paid Search
CUST09028,Customer 09028,Argentina,South America,Mid-Market,2025-06-20,Organic
CUST09029,Customer 09029,Spain,Europe,SMB,2025-06-11,Social
CUST09030,Customer 09030,United Kingdom,Europe,SMB,2024-02-04,Social
CUST09031,Customer 09031,India,Asia,SMB,2025-10-09,Paid Search
CUST09032,Customer 09032,New Zealand,Oceania,SMB,2025-09-15,Organic
CUST09033,Customer 09033,Japan,Asia,Mid-Market,2025-09-12,Organic
CUST09034,Customer 09034,Argentina,South America,SMB,2024-12-03,Paid Search
CUST09035,Customer 09035,Japan,Asia,SMB,2025-05-22,Social
CUST09036,Customer 09036,India,Asia,SMB,2024-01-12,Organic
CUST09037,Customer 09037,New Zealand,Oceania,SMB,2025-03-13,Referral
CUST09038,Customer 09038,United States,North America,Mid-Market,2024-04-07,Partner
CUST09039,Customer 09039,Japan,Asia,Enterprise,2025-10-26,Paid Search
CUST09040,Customer 09040,Italy,Europe,SMB,2025-11-22,Referral
CUST09041,Customer 09041,Spain,Europe,SMB,2024-04-19,Paid Search
CUST09042,Customer 09042,France,Europe,SMB,2025-01-27,Organic
CUST09043,Customer 09043,Japan,Asia,Mid-Market,2025-03-08,Paid Search
CUST09044,Customer 09044,United States,North America,SMB,2025-07-15,Organic
CUST09045,Customer 09045,Singapore,Asia,Enterprise,2024-12-23,Referral
CUST09046,Customer 09046,Germany,Europe,SMB,2025-10-07,Paid Search
CUST09047,Customer 09047,Singapore,Asia,Enterprise,2024-09-09,Partner
CUST09048,Customer 09048,Thailand,Asia,SMB,2024-08-22,Referral
CUST09049,Customer 09049,Australia,Oceania,SMB,2025-06-16,Social
CUST09050,Customer 09050,Thailand,Asia,SMB,2025-02-03,Referral
CUST09051,Customer 09051,United Kingdom,Europe,SMB,2024-02-29,Referral
CUST09052,Customer 09052,Canada,North America,Enterprise,2025-04-20,Paid Search
CUST09053,Customer 09053,New Zealand,Oceania,SMB,2024-07-23,Paid Search
CUST09054,Customer 09054,Mexico,North America,SMB,2025-09-07,Referral
CUST09055,Customer 09055,Argentina,South America,Enterprise,2025-09-03,Referral
CUST09056,Customer 09056,New Zealand,Oceania,SMB,2024-11-03,Referral
CUST09057,Customer 09057,United States,North America,SMB,2025-09-15,Organic
CUST09058,Customer 09058,Australia,Oceania,SMB,2025-11-26,Organic
CUST09059,Customer 09059,Italy,Europe,SMB,2025-06-17,Organic
CUST09060,Customer 09060,Brazil,South America,Enterprise,2025-03-19,Organic
CUST09061,Customer 09061,Brazil,South America,SMB,2025-11-13,Partner
CUST09062,Customer 09062,Australia,Oceania,Mid-Market,2025-09-30,Paid Search
CUST09063,Customer 09063,Japan,Asia,SMB,2024-12-15,Paid Search
CUST09064,Customer 09064,United States,North America,SMB,2024-03-01,Organic
CUST09065,Customer 09065,Italy,Europe,Mid-Market,2025-03-15,Partner
CUST09066,Customer 09066,Canada,North America,Mid-Market,2024-12-04,Organic
CUST09067,Customer 09067,Japan,Asia,Mid-Market,2024-09-24,Organic
CUST09068,Customer 09068,United States,North America,SMB,2024-05-10,Partner
CUST09069,Customer 09069,Mexico,North America,SMB,2025-06-07,Referral
CUST09070,Customer 09070,Thailand,Asia,Mid-Market,2025-10-28,Organic
CUST09071,Customer 09071,Germany,Europe,Mid-Market,2025-03-12,Organic
CUST09072,Customer 09072,South Korea,Asia,SMB,2024-06-20,Paid Search
CUST09073,Customer 09073,United States,North America,SMB,2024-01-01,Referral
CUST09074,Customer 09074,Canada,North America,Mid-Market,2025-06-05,Organic
CUST09075,Customer 09075,Canada,North America,SMB,2024-04-25,Referral
CUST09076,Customer 09076,Spain,Europe,Mid-Market,2024-02-15,Paid Search
CUST09077,Customer 09077,Argentina,South America,Mid-Market,2024-05-24,Referral
CUST09078,Customer 09078,Mexico,North America,SMB,2024-05-26,Referral
CUST09079,Customer 09079,Spain,Europe,SMB,2024-09-05,Partner
CUST09080,Customer 09080,South Korea,Asia,SMB,2024-08-21,Organic
CUST09081,Customer 09081,South Korea,Asia,Mid-Market,2024-05-24,Organic
CUST09082,Customer 09082,South Korea,Asia,Enterprise,2025-07-25,Organic
CUST09083,Customer 09083,France,Europe,SMB,2025-08-26,Organic
CUST09084,Customer 09084,Spain,Europe,SMB,2024-07-02,Paid Search
CUST09085,Customer 09085,Spain,Europe,SMB,2024-09-26,Organic
CUST09086,Customer 09086,Italy,Europe,Mid-Market,2025-08-20,Partner
CUST09087,Customer 09087,South Korea,Asia,SMB,2025-11-27,Partner
CUST09088,Customer 09088,Chile,South America,Mid-Market,2025-07-30,Referral
CUST09089,Customer 09089,United States,North America,SMB,2025-02-08,Paid Search
CUST09090,Customer 09090,India,Asia,SMB,2025-12-26,Referral
CUST09091,Customer 09091,Mexico,North America,SMB,2025-06-15,Referral
CUST09092,Customer 09092,Canada,North America,Enterprise,2025-05-09,Referral
CUST09093,Customer 09093,Italy,Europe,Mid-Market,2024-01-22,Organic
CUST09094,Customer 09094,United Kingdom,Europe,SMB,2025-04-10,Partner
CUST09095,Customer 09095,United Kingdom,Europe,SMB,2024-07-29,Paid Search
CUST09096,Customer 09096,United States,North America,Enterprise,2025-03-15,Organic
CUST09097,Customer 09097,Japan,Asia,Enterprise,2025-02-22,Paid Search
CUST09098,Customer 09098,India,Asia,SMB,2024-03-21,Organic
CUST09099,Customer 09099,Canada,North America,Mid-Market,2024-12-03,Social
CUST09100,Customer 09100,Australia,Oceania,Enterprise,2025-01-10,Referral
CUST09101,Customer 09101,Thailand,Asia,SMB,2024-02-04,Partner
CUST09102,Customer 09102,United States,North America,SMB,2025-09-14,Social
CUST09103,Customer 09103,South Korea,Asia,SMB,2025-11-16,Referral
CUST09104,Customer 09104,United States,North America,SMB,2024-01-16,Partner
CUST09105,Customer 09105,United States,North America,Mid-Market,2024-03-28,Social
CUST09106,Customer 09106,Canada,North America,SMB,2024-04-02,Organic
CUST09107,Customer 09107,Italy,Europe,SMB,2024-11-18,Organic
CUST09108,Customer 09108,Thailand,Asia,SMB,2025-03-15,Paid Search
CUST09109,Customer 09109,Argentina,South America,Mid-Market,2024-06-25,Referral
CUST09110,Customer 09110,South Korea,Asia,SMB,2025-09-11,Partner
CUST09111,Customer 09111,New Zealand,Oceania,SMB,2024-08-15,Paid Search
CUST09112,Customer 09112,South Korea,Asia,SMB,2024-08-12,Partner
CUST09113,Customer 09113,South Korea,Asia,Mid-Market,2025-03-05,Referral
CUST09114,Customer 09114,India,Asia,SMB,2025-09-29,Paid Search
CUST09115,Customer 09115,Singapore,Asia,SMB,2024-06-30,Referral
CUST09116,Customer 09116,Chile,South America,Mid-Market,2024-09-03,Partner
CUST09117,Customer 09117,United Kingdom,Europe,SMB,2024-09-04,Paid Search
CUST09118,Customer 09118,United States,North America,Mid-Market,2024-12-06,Paid Search
CUST09119,Customer 09119,Canada,North America,SMB,2024-11-09,Referral
CUST09120,Customer 09120,Brazil,South America,Mid-Market,2025-11-27,Paid Search
CUST09121,Customer 09121,Canada,North America,SMB,2024-04-17,Organic
CUST09122,Customer 09122,New Zealand,Oceania,SMB,2024-11-01,Partner
CUST09123,Customer 09123,Chile,South America,SMB,2024-07-04,Organic
CUST09124,Customer 09124,Thailand,Asia,Enterprise,2025-03-14,Organic
CUST09125,Customer 09125,Chile,South America,Mid-Market,2025-07-24,Partner
CUST09126,Customer 09126,New Zealand,Oceania,SMB,2025-11-14,Referral
CUST09127,Customer 09127,India,Asia,SMB,2024-11-15,Paid Search
CUST09128,Customer 09128,Mexico,North America,SMB,2024-07-12,Paid Search
CUST09129,Customer 09129,Singapore,Asia,SMB,2025-12-05,Organic
CUST09130,Customer 09130,Mexico,North America,SMB,2024-03-08,Organic
CUST09131,Customer 09131,Germany,Europe,Enterprise,2024-04-06,Social
CUST09132,Customer 09132,Canada,North America,SMB,2025-12-01,Organic
CUST09133,Customer 09133,India,Asia,Enterprise,2025-10-09,Organic
CUST09134,Customer 09134,Canada,North America,SMB,2025-02-13,Partner
CUST09135,Customer 09135,France,Europe,Mid-Market,2024-08-28,Partner
CUST09136,Customer 09136,United States,North America,SMB,2025-12-07,Referral
CUST09137,Customer 09137,India,Asia,SMB,2025-12-01,Organic
CUST09138,Customer 09138,United States,North America,Mid-Market,2025-09-25,Organic
CUST09139,Customer 09139,Thailand,Asia,SMB,2025-07-18,Social
CUST09140,Customer 09140,Spain,Europe,Enterprise,2025-03-10,Referral
CUST09141,Customer 09141,India,Asia,Mid-Market,2024-09-28,Partner
CUST09142,Customer 09142,New Zealand,Oceania,Enterprise,2024-12-10,Paid Search
CUST09143,Customer 09143,United Kingdom,Europe,Mid-Market,2025-01-31,Partner
CUST09144,Customer 09144,United States,North America,SMB,2024-12-17,Social
CUST09145,Customer 09145,Spain,Europe,SMB,2025-09-21,Paid Search
CUST09146,Customer 09146,United States,North America,Mid-Market,2024-05-01,Paid Search
CUST09147,Customer 09147,Germany,Europe,SMB,2024-03-01,Organic
CUST09148,Customer 09148,Japan,Asia,SMB,2024-11-27,Referral
CUST09149,Customer 09149,India,Asia,SMB,2024-05-31,Organic
CUST09150,Customer 09150,United Kingdom,Europe,Mid-Market,2025-08-23,Organic
CUST09151,Customer 09151,India,Asia,SMB,2025-09-12,Referral
CUST09152,Customer 09152,Japan,Asia,SMB,2025-12-23,Referral
CUST09153,Customer 09153,Canada,North America,Enterprise,2024-10-09,Paid Search
CUST09154,Customer 09154,New Zealand,Oceania,Mid-Market,2025-12-03,Social
CUST09155,Customer 09155,Thailand,Asia,SMB,2024-03-15,Organic
CUST09156,Customer 09156,Australia,Oceania,SMB,2025-12-04,Paid Search
CUST09157,Customer 09157,South Korea,Asia,Mid-Market,2024-06-28,Referral
CUST09158,Customer 09158,Germany,Europe,SMB,2024-01-14,Referral
CUST09159,Customer 09159,Spain,Europe,Mid-Market,2025-08-26,Referral
CUST09160,Customer 09160,Japan,Asia,Mid-Market,2025-01-12,Referral
CUST09161,Customer 09161,Thailand,Asia,SMB,2024-10-28,Partner
CUST09162,Customer 09162,Chile,South America,SMB,2024-05-26,Partner
CUST09163,Customer 09163,United States,North America,SMB,2024-10-30,Social
CUST09164,Customer 09164,United States,North America,SMB,2025-03-25,Social
CUST09165,Customer 09165,Japan,Asia,Mid-Market,2024-04-15,Paid Search
CUST09166,Customer 09166,Singapore,Asia,SMB,2025-11-22,Referral
CUST09167,Customer 09167,Canada,North America,Enterprise,2025-06-12,Paid Search
CUST09168,Customer 09168,Italy,Europe,Mid-Market,2025-10-02,Referral
CUST09169,Customer 09169,United Kingdom,Europe,SMB,2024-02-02,Organic
CUST09170,Customer 09170,South Korea,Asia,SMB,2025-09-25,Paid Search
CUST09171,Customer 09171,United Kingdom,Europe,SMB,2025-09-24,Social
CUST09172,Customer 09172,United States,North America,SMB,2024-09-24,Referral
CUST09173,Customer 09173,France,Europe,Mid-Market,2025-02-20,Organic
CUST09174,Customer 09174,Italy,Europe,SMB,2025-01-01,Paid Search
CUST09175,Customer 09175,Australia,Oceania,SMB,2025-08-26,Paid Search
CUST09176,Customer 09176,Australia,Oceania,SMB,2024-07-25,Partner
CUST09177,Customer 09177,Japan,Asia,SMB,2025-11-03,Organic
CUST09178,Customer 09178,South Korea,Asia,Mid-Market,2025-02-08,Referral
CUST09179,Customer 09179,United States,North America,Enterprise,2024-01-01,Referral
CUST09180,Customer 09180,United Kingdom,Europe,Mid-Market,2024-08-09,Referral
CUST09181,Customer 09181,South Korea,Asia,Enterprise,2024-04-14,Organic
CUST09182,Customer 09182,Spain,Europe,Mid-Market,2025-08-14,Partner
CUST09183,Customer 09183,Singapore,Asia,SMB,2024-10-26,Partner
CUST09184,Customer 09184,New Zealand,Oceania,Enterprise,2024-12-05,Paid Search
CUST09185,Customer 09185,Canada,North America,SMB,2024-09-12,Organic
CUST09186,Customer 09186,New Zealand,Oceania,SMB,2025-05-26,Referral
CUST09187,Customer 09187,United States,North America,Enterprise,2025-12-27,Paid Search
CUST09188,Customer 09188,Mexico,North America,Mid-Market,2025-09-29,Paid Search
CUST09189,Customer 09189,United States,North America,Enterprise,2025-12-24,Paid Search
CUST09190,Customer 09190,United States,North America,SMB,2024-08-07,Paid Search
CUST09191,Customer 09191,India,Asia,Mid-Market,2025-04-30,Partner
CUST09192,Customer 09192,South Korea,Asia,SMB,2025-03-30,Social
CUST09193,Customer 09193,Canada,North America,SMB,2024-08-09,Referral
CUST09194,Customer 09194,India,Asia,Enterprise,2025-09-10,Organic
CUST09195,Customer 09195,Thailand,Asia,SMB,2025-11-03,Paid Search
CUST09196,Customer 09196,France,Europe,Mid-Market,2025-11-25,Organic
CUST09197,Customer 09197,Canada,North America,Enterprise,2025-12-23,Referral
CUST09198,Customer 09198,United Kingdom,Europe,Enterprise,2024-04-29,Referral
CUST09199,Customer 09199,Singapore,Asia,SMB,2024-04-17,Social
CUST09200,Customer 09200,South Korea,Asia,SMB,2025-05-13,Paid Search
CUST09201,Customer 09201,Spain,Europe,Enterprise,2025-06-14,Organic
CUST09202,Customer 09202,New Zealand,Oceania,Mid-Market,2024-11-14,Referral
CUST09203,Customer 09203,Thailand,Asia,SMB,2024-04-29,Paid Search
CUST09204,Customer 09204,Thailand,Asia,SMB,2024-07-27,Organic
CUST09205,Customer 09205,France,Europe,SMB,2024-04-03,Paid Search
CUST09206,Customer 09206,Argentina,South America,Enterprise,2024-04-25,Organic
CUST09207,Customer 09207,United States,North America,SMB,2024-05-17,Organic
CUST09208,Customer 09208,Thailand,Asia,Mid-Market,2025-03-03,Paid Search
CUST09209,Customer 09209,Spain,Europe,SMB,2025-01-10,Partner
CUST09210,Customer 09210,Mexico,North America,SMB,2024-09-01,Partner
CUST09211,Customer 09211,New Zealand,Oceania,Mid-Market,2025-01-31,Organic
CUST09212,Customer 09212,Thailand,Asia,Enterprise,2025-05-03,Paid Search
CUST09213,Customer 09213,Italy,Europe,SMB,2024-03-12,Partner
CUST09214,Customer 09214,France,Europe,SMB,2024-07-24,Social
CUST09215,Customer 09215,France,Europe,Mid-Market,2024-05-27,Partner
CUST09216,Customer 09216,Canada,North America,SMB,2024-01-01,Paid Search
CUST09217,Customer 09217,Australia,Oceania,SMB,2024-03-25,Partner
CUST09218,Customer 09218,New Zealand,Oceania,Mid-Market,2025-07-14,Referral
CUST09219,Customer 09219,Mexico,North America,SMB,2025-10-02,Organic
CUST09220,Customer 09220,Spain,Europe,Mid-Market,2024-04-27,Organic
CUST09221,Customer 09221,New Zealand,Oceania,SMB,2025-07-14,Social
CUST09222,Customer 09222,India,Asia,Mid-Market,2024-07-03,Social
CUST09223,Customer 09223,Japan,Asia,Mid-Market,2024-04-12,Paid Search
CUST09224,Customer 09224,United States,North America,Mid-Market,2024-06-21,Referral
CUST09225,Customer 09225,Italy,Europe,Mid-Market,2025-11-03,Paid Search
CUST09226,Customer 09226,Argentina,South America,Mid-Market,2024-09-07,Referral
CUST09227,Customer 09227,New Zealand,Oceania,SMB,2025-06-25,Paid Search
CUST09228,Customer 09228,United States,North America,SMB,2024-12-20,Paid Search
CUST09229,Customer 09229,Canada,North America,SMB,2024-11-14,Paid Search
CUST09230,Customer 09230,Thailand,Asia,Mid-Market,2025-08-16,Paid Search
CUST09231,Customer 09231,France,Europe,SMB,2025-12-25,Social
CUST09232,Customer 09232,United States,North America,SMB,2025-04-20,Partner
CUST09233,Customer 09233,United States,North America,SMB,2025-09-13,Organic
CUST09234,Customer 09234,Australia,Oceania,Mid-Market,2024-04-16,Organic
CUST09235,Customer 09235,Italy,Europe,SMB,2025-10-20,Organic
CUST09236,Customer 09236,South Korea,Asia,SMB,2024-05-14,Organic
CUST09237,Customer 09237,Singapore,Asia,Mid-Market,2024-05-19,Paid Search
CUST09238,Customer 09238,Canada,North America,Enterprise,2025-09-11,Paid Search
CUST09239,Customer 09239,Canada,North America,Mid-Market,2024-12-18,Organic
CUST09240,Customer 09240,Australia,Oceania,SMB,2024-07-01,Social
CUST09241,Customer 09241,India,Asia,Mid-Market,2024-01-20,Partner
CUST09242,Customer 09242,South Korea,Asia,SMB,2024-06-08,Organic
CUST09243,Customer 09243,Spain,Europe,SMB,2025-08-25,Referral
CUST09244,Customer 09244,Singapore,Asia,SMB,2024-01-03,Paid Search
CUST09245,Customer 09245,India,Asia,SMB,2025-11-03,Referral
CUST09246,Customer 09246,Mexico,North America,Mid-Market,2025-07-19,Paid Search
CUST09247,Customer 09247,Japan,Asia,SMB,2024-05-29,Organic
CUST09248,Customer 09248,South Korea,Asia,Mid-Market,2025-06-23,Paid Search
CUST09249,Customer 09249,Mexico,North America,Mid-Market,2025-01-14,Social
CUST09250,Customer 09250,Chile,South America,SMB,2024-09-11,Referral
CUST09251,Customer 09251,Germany,Europe,SMB,2025-01-04,Referral
CUST09252,Customer 09252,India,Asia,Mid-Market,2024-01-06,Partner
CUST09253,Customer 09253,Canada,North America,SMB,2025-10-05,Partner
CUST09254,Customer 09254,Mexico,North America,SMB,2025-07-28,Partner
CUST09255,Customer 09255,Chile,South America,SMB,2024-05-11,Organic
CUST09256,Customer 09256,United Kingdom,Europe,SMB,2024-03-13,Organic
CUST09257,Customer 09257,United States,North America,SMB,2024-11-05,Partner
CUST09258,Customer 09258,New Zealand,Oceania,Enterprise,2024-12-02,Social
CUST09259,Customer 09259,South Korea,Asia,SMB,2025-07-18,Referral
CUST09260,Customer 09260,Singapore,Asia,SMB,2025-09-06,Social
CUST09261,Customer 09261,New Zealand,Oceania,Mid-Market,2024-02-16,Referral
CUST09262,Customer 09262,France,Europe,Mid-Market,2024-06-27,Organic
CUST09263,Customer 09263,Mexico,North America,Mid-Market,2025-03-04,Social
CUST09264,Customer 09264,Brazil,South America,SMB,2024-10-04,Partner
CUST09265,Customer 09265,Spain,Europe,Enterprise,2025-12-25,Paid Search
CUST09266,Customer 09266,Mexico,North America,SMB,2025-04-28,Referral
CUST09267,Customer 09267,South Korea,Asia,SMB,2024-08-23,Paid Search
CUST09268,Customer 09268,Chile,South America,Mid-Market,2025-05-07,Referral
CUST09269,Customer 09269,New Zealand,Oceania,SMB,2024-11-10,Paid Search
CUST09270,Customer 09270,Brazil,South America,Mid-Market,2024-12-04,Paid Search
CUST09271,Customer 09271,United Kingdom,Europe,Enterprise,2025-06-06,Referral
CUST09272,Customer 09272,Canada,North America,SMB,2024-11-13,Organic
CUST09273,Customer 09273,New Zealand,Oceania,SMB,2025-05-24,Organic
CUST09274,Customer 09274,Mexico,North America,SMB,2024-11-02,Organic
CUST09275,Customer 09275,Canada,North America,SMB,2025-03-10,Referral
CUST09276,Customer 09276,United Kingdom,Europe,Mid-Market,2024-12-21,Paid Search
CUST09277,Customer 09277,Brazil,South America,Enterprise,2025-02-23,Paid Search
CUST09278,Customer 09278,France,Europe,Mid-Market,2024-09-10,Paid Search
CUST09279,Customer 09279,Singapore,Asia,Enterprise,2024-03-28,Organic
CUST09280,Customer 09280,New Zealand,Oceania,SMB,2024-07-06,Partner
CUST09281,Customer 09281,New Zealand,Oceania,SMB,2024-09-17,Referral
CUST09282,Customer 09282,New Zealand,Oceania,SMB,2024-08-19,Referral
CUST09283,Customer 09283,India,Asia,Mid-Market,2024-11-04,Organic
CUST09284,Customer 09284,Italy,Europe,SMB,2024-12-15,Referral
CUST09285,Customer 09285,Singapore,Asia,SMB,2024-07-03,Paid Search
CUST09286,Customer 09286,Italy,Europe,SMB,2024-10-06,Partner
CUST09287,Customer 09287,Argentina,South America,SMB,2024-07-25,Organic
CUST09288,Customer 09288,Mexico,North America,Mid-Market,2025-03-04,Referral
CUST09289,Customer 09289,Japan,Asia,Enterprise,2024-12-14,Social
CUST09290,Customer 09290,Germany,Europe,SMB,2025-04-06,Partner
CUST09291,Customer 09291,Japan,Asia,SMB,2024-11-11,Partner
CUST09292,Customer 09292,Chile,South America,SMB,2025-12-29,Organic
CUST09293,Customer 09293,United States,North America,SMB,2024-12-20,Paid Search
CUST09294,Customer 09294,France,Europe,SMB,2025-03-25,Organic
CUST09295,Customer 09295,France,Europe,Mid-Market,2024-11-19,Paid Search
CUST09296,Customer 09296,Thailand,Asia,Mid-Market,2025-06-21,Referral
CUST09297,Customer 09297,France,Europe,Mid-Market,2025-02-12,Referral
CUST09298,Customer 09298,New Zealand,Oceania,Mid-Market,2024-03-12,Social
CUST09299,Customer 09299,Mexico,North America,SMB,2025-06-17,Social
CUST09300,Customer 09300,Italy,Europe,Mid-Market,2025-07-09,Organic
CUST09301,Customer 09301,Canada,North America,Mid-Market,2024-10-21,Social
CUST09302,Customer 09302,Singapore,Asia,SMB,2025-01-07,Partner
CUST09303,Customer 09303,Italy,Europe,SMB,2024-01-09,Referral
CUST09304,Customer 09304,United States,North America,SMB,2025-09-25,Organic
CUST09305,Customer 09305,Spain,Europe,SMB,2025-07-23,Organic
CUST09306,Customer 09306,Singapore,Asia,SMB,2025-12-10,Paid Search
CUST09307,Customer 09307,Chile,South America,SMB,2025-03-14,Organic
CUST09308,Customer 09308,New Zealand,Oceania,Enterprise,2024-06-17,Organic
CUST09309,Customer 09309,Thailand,Asia,Enterprise,2024-07-30,Organic
CUST09310,Customer 09310,United States,North America,Mid-Market,2025-11-09,Paid Search
CUST09311,Customer 09311,Germany,Europe,Mid-Market,2024-02-01,Referral
CUST09312,Customer 09312,United States,North America,Enterprise,2025-05-05,Organic
CUST09313,Customer 09313,Thailand,Asia,SMB,2024-02-19,Partner
CUST09314,Customer 09314,Mexico,North America,SMB,2025-06-24,Organic
CUST09315,Customer 09315,Spain,Europe,Mid-Market,2025-02-28,Paid Search
CUST09316,Customer 09316,Australia,Oceania,Enterprise,2024-12-11,Paid Search
CUST09317,Customer 09317,Brazil,South America,Mid-Market,2025-05-27,Referral
CUST09318,Customer 09318,Japan,Asia,SMB,2024-09-16,Paid Search
CUST09319,Customer 09319,Mexico,North America,Mid-Market,2025-02-23,Referral
CUST09320,Customer 09320,France,Europe,SMB,2025-08-07,Paid Search
CUST09321,Customer 09321,Canada,North America,SMB,2024-12-01,Organic
CUST09322,Customer 09322,South Korea,Asia,SMB,2024-01-17,Paid Search
CUST09323,Customer 09323,France,Europe,Mid-Market,2025-12-27,Organic
CUST09324,Customer 09324,Canada,North America,SMB,2025-01-30,Social
CUST09325,Customer 09325,South Korea,Asia,SMB,2024-11-10,Referral
CUST09326,Customer 09326,Mexico,North America,Mid-Market,2024-02-23,Organic
CUST09327,Customer 09327,United States,North America,SMB,2024-03-07,Partner
CUST09328,Customer 09328,United Kingdom,Europe,Mid-Market,2024-07-05,Referral
CUST09329,Customer 09329,Germany,Europe,SMB,2025-11-05,Paid Search
CUST09330,Customer 09330,United States,North America,Mid-Market,2025-06-14,Social
CUST09331,Customer 09331,Canada,North America,SMB,2024-10-29,Paid Search
CUST09332,Customer 09332,United Kingdom,Europe,Enterprise,2025-07-05,Organic
CUST09333,Customer 09333,Japan,Asia,Enterprise,2024-10-13,Partner
CUST09334,Customer 09334,United States,North America,SMB,2025-10-11,Social
CUST09335,Customer 09335,Mexico,North America,Mid-Market,2024-08-27,Organic
CUST09336,Customer 09336,Chile,South America,Mid-Market,2025-06-06,Organic
CUST09337,Customer 09337,Thailand,Asia,SMB,2024-11-15,Referral
CUST09338,Customer 09338,United States,North America,Mid-Market,2025-05-08,Referral
CUST09339,Customer 09339,United States,North America,Enterprise,2024-05-16,Organic
CUST09340,Customer 09340,Japan,Asia,SMB,2025-11-21,Social
CUST09341,Customer 09341,Germany,Europe,Enterprise,2024-07-28,Organic
CUST09342,Customer 09342,United Kingdom,Europe,SMB,2025-01-27,Partner
CUST09343,Customer 09343,Argentina,South America,Enterprise,2025-05-17,Partner
CUST09344,Customer 09344,Germany,Europe,Enterprise,2025-04-22,Organic
CUST09345,Customer 09345,Canada,North America,SMB,2025-02-09,Paid Search
CUST09346,Customer 09346,Canada,North America,SMB,2025-09-26,Organic
CUST09347,Customer 09347,Japan,Asia,Mid-Market,2025-12-09,Referral
CUST09348,Customer 09348,Argentina,South America,Enterprise,2025-07-12,Paid Search
CUST09349,Customer 09349,Canada,North America,SMB,2024-05-14,Partner
CUST09350,Customer 09350,Spain,Europe,SMB,2025-07-16,Paid Search
CUST09351,Customer 09351,United States,North America,Mid-Market,2025-01-02,Paid Search
CUST09352,Customer 09352,United States,North America,SMB,2025-01-27,Organic
CUST09353,Customer 09353,Thailand,Asia,Mid-Market,2025-11-19,Organic
CUST09354,Customer 09354,Canada,North America,Mid-Market,2025-01-20,Paid Search
CUST09355,Customer 09355,Canada,North America,Enterprise,2025-09-13,Social
CUST09356,Customer 09356,South Korea,Asia,SMB,2025-04-19,Partner
CUST09357,Customer 09357,New Zealand,Oceania,Enterprise,2024-03-04,Paid Search
CUST09358,Customer 09358,United States,North America,Mid-Market,2025-05-27,Social
CUST09359,Customer 09359,Mexico,North America,Enterprise,2024-12-27,Organic
CUST09360,Customer 09360,Italy,Europe,SMB,2025-02-03,Social
CUST09361,Customer 09361,Singapore,Asia,Mid-Market,2024-08-09,Organic
CUST09362,Customer 09362,Thailand,Asia,Mid-Market,2024-05-15,Organic
CUST09363,Customer 09363,United States,North America,Mid-Market,2025-06-27,Partner
CUST09364,Customer 09364,Mexico,North America,SMB,2024-06-30,Paid Search
CUST09365,Customer 09365,Canada,North America,SMB,2024-03-09,Partner
CUST09366,Customer 09366,Thailand,Asia,SMB,2024-12-26,Referral
CUST09367,Customer 09367,Canada,North America,SMB,2025-06-04,Organic
CUST09368,Customer 09368,Chile,South America,Mid-Market,2024-05-29,Organic
CUST09369,Customer 09369,Canada,North America,Enterprise,2024-09-21,Paid Search
CUST09370,Customer 09370,Canada,North America,Mid-Market,2024-11-05,Referral
CUST09371,Customer 09371,Argentina,South America,SMB,2025-11-06,Paid Search
CUST09372,Customer 09372,Spain,Europe,SMB,2024-04-17,Organic
CUST09373,Customer 09373,Mexico,North America,SMB,2025-11-02,Organic
CUST09374,Customer 09374,Australia,Oceania,SMB,2024-04-16,Paid Search
CUST09375,Customer 09375,Mexico,North America,Mid-Market,2025-02-26,Organic
CUST09376,Customer 09376,United Kingdom,Europe,SMB,2025-09-08,Paid Search
CUST09377,Customer 09377,Australia,Oceania,SMB,2025-10-23,Organic
CUST09378,Customer 09378,Italy,Europe,Mid-Market,2025-01-31,Partner
CUST09379,Customer 09379,India,Asia,SMB,2024-12-26,Referral
CUST09380,Customer 09380,Spain,Europe,SMB,2025-07-24,Organic
CUST09381,Customer 09381,Singapore,Asia,SMB,2025-10-26,Partner
CUST09382,Customer 09382,Thailand,Asia,SMB,2024-01-09,Paid Search
CUST09383,Customer 09383,Singapore,Asia,Mid-Market,2024-07-10,Paid Search
CUST09384,Customer 09384,Australia,Oceania,SMB,2024-07-27,Organic
CUST09385,Customer 09385,South Korea,Asia,Mid-Market,2025-09-01,Paid Search
CUST09386,Customer 09386,Mexico,North America,SMB,2024-01-13,Partner
CUST09387,Customer 09387,Brazil,South America,SMB,2024-04-01,Organic
CUST09388,Customer 09388,Brazil,South America,Mid-Market,2024-01-03,Referral
CUST09389,Customer 09389,Spain,Europe,SMB,2025-11-27,Organic
CUST09390,Customer 09390,Italy,Europe,SMB,2024-01-24,Paid Search
CUST09391,Customer 09391,United States,North America,SMB,2024-07-13,Paid Search
CUST09392,Customer 09392,Chile,South America,SMB,2025-01-16,Organic
CUST09393,Customer 09393,United States,North America,SMB,2024-09-11,Organic
CUST09394,Customer 09394,Germany,Europe,Enterprise,2024-03-07,Paid Search
CUST09395,Customer 09395,Canada,North America,SMB,2024-10-28,Paid Search
CUST09396,Customer 09396,Mexico,North America,SMB,2025-08-06,Social
CUST09397,Customer 09397,Mexico,North America,SMB,2024-07-30,Referral
CUST09398,Customer 09398,Argentina,South America,SMB,2025-01-12,Partner
CUST09399,Customer 09399,United States,North America,Mid-Market,2024-12-09,Social
CUST09400,Customer 09400,Canada,North America,Mid-Market,2024-06-28,Organic
CUST09401,Customer 09401,Mexico,North America,Enterprise,2024-01-02,Partner
CUST09402,Customer 09402,Mexico,North America,SMB,2025-09-05,Social
CUST09403,Customer 09403,United States,North America,SMB,2025-12-27,Paid Search
CUST09404,Customer 09404,South Korea,Asia,Mid-Market,2025-01-07,Referral
CUST09405,Customer 09405,Canada,North America,SMB,2025-08-29,Paid Search
CUST09406,Customer 09406,Canada,North America,SMB,2024-09-13,Organic
CUST09407,Customer 09407,India,Asia,SMB,2025-11-20,Organic
CUST09408,Customer 09408,Germany,Europe,SMB,2025-02-19,Organic
CUST09409,Customer 09409,Canada,North America,Mid-Market,2025-08-07,Paid Search
CUST09410,Customer 09410,United States,North America,Enterprise,2025-05-06,Referral
CUST09411,Customer 09411,South Korea,Asia,Mid-Market,2025-11-06,Organic
CUST09412,Customer 09412,India,Asia,SMB,2025-02-12,Organic
CUST09413,Customer 09413,Spain,Europe,Mid-Market,2025-09-11,Organic
CUST09414,Customer 09414,Australia,Oceania,Mid-Market,2025-11-12,Social
CUST09415,Customer 09415,Argentina,South America,Mid-Market,2025-07-09,Partner
CUST09416,Customer 09416,Canada,North America,SMB,2024-09-15,Organic
CUST09417,Customer 09417,Singapore,Asia,Enterprise,2024-03-07,Partner
CUST09418,Customer 09418,Canada,North America,SMB,2024-10-26,Partner
CUST09419,Customer 09419,Canada,North America,Mid-Market,2025-05-21,Partner
CUST09420,Customer 09420,New Zealand,Oceania,Mid-Market,2025-09-19,Partner
CUST09421,Customer 09421,Spain,Europe,Enterprise,2025-07-16,Paid Search
CUST09422,Customer 09422,Germany,Europe,Enterprise,2025-04-11,Organic
CUST09423,Customer 09423,Mexico,North America,SMB,2025-01-27,Partner
CUST09424,Customer 09424,Italy,Europe,Mid-Market,2025-12-07,Partner
CUST09425,Customer 09425,United States,North America,SMB,2024-06-27,Organic
CUST09426,Customer 09426,Mexico,North America,Mid-Market,2025-08-02,Referral
CUST09427,Customer 09427,Italy,Europe,SMB,2025-02-07,Referral
CUST09428,Customer 09428,India,Asia,SMB,2025-01-09,Paid Search
CUST09429,Customer 09429,United States,North America,Enterprise,2024-10-18,Referral
CUST09430,Customer 09430,Argentina,South America,Mid-Market,2025-04-08,Organic
CUST09431,Customer 09431,South Korea,Asia,SMB,2025-12-31,Paid Search
CUST09432,Customer 09432,Germany,Europe,SMB,2024-10-23,Organic
CUST09433,Customer 09433,Canada,North America,SMB,2024-03-23,Organic
CUST09434,Customer 09434,Singapore,Asia,SMB,2024-04-03,Paid Search
CUST09435,Customer 09435,Mexico,North America,SMB,2024-05-09,Paid Search
CUST09436,Customer 09436,Mexico,North America,Enterprise,2024-10-24,Paid Search
CUST09437,Customer 09437,Thailand,Asia,SMB,2024-01-04,Organic
CUST09438,Customer 09438,United States,North America,SMB,2024-07-24,Paid Search
CUST09439,Customer 09439,Mexico,North America,Mid-Market,2025-05-23,Organic
CUST09440,Customer 09440,France,Europe,SMB,2025-05-10,Organic
CUST09441,Customer 09441,Canada,North America,SMB,2025-05-04,Partner
CUST09442,Customer 09442,New Zealand,Oceania,SMB,2025-05-04,Referral
CUST09443,Customer 09443,Mexico,North America,SMB,2024-02-25,Paid Search
CUST09444,Customer 09444,Japan,Asia,SMB,2025-11-16,Referral
CUST09445,Customer 09445,United States,North America,Mid-Market,2024-08-05,Paid Search
CUST09446,Customer 09446,South Korea,Asia,SMB,2024-02-28,Organic
CUST09447,Customer 09447,Mexico,North America,Mid-Market,2025-08-16,Paid Search
CUST09448,Customer 09448,Canada,North America,Enterprise,2024-12-07,Partner
CUST09449,Customer 09449,Germany,Europe,Mid-Market,2024-09-10,Referral
CUST09450,Customer 09450,India,Asia,Enterprise,2024-10-18,Partner
CUST09451,Customer 09451,New Zealand,Oceania,Enterprise,2025-03-02,Social
CUST09452,Customer 09452,South Korea,Asia,Mid-Market,2025-01-20,Organic
CUST09453,Customer 09453,Chile,South America,SMB,2024-01-11,Social
CUST09454,Customer 09454,Canada,North America,SMB,2024-03-28,Referral
CUST09455,Customer 09455,Canada,North America,Mid-Market,2025-11-23,Referral
CUST09456,Customer 09456,Germany,Europe,Mid-Market,2024-12-25,Paid Search
CUST09457,Customer 09457,Italy,Europe,Mid-Market,2025-12-23,Paid Search
CUST09458,Customer 09458,Spain,Europe,Mid-Market,2025-04-25,Organic
CUST09459,Customer 09459,United States,North America,Mid-Market,2025-06-23,Organic
CUST09460,Customer 09460,Australia,Oceania,Mid-Market,2024-08-17,Paid Search
CUST09461,Customer 09461,Argentina,South America,Mid-Market,2025-09-04,Organic
CUST09462,Customer 09462,Italy,Europe,SMB,2025-04-20,Organic
CUST09463,Customer 09463,South Korea,Asia,SMB,2025-07-03,Organic
CUST09464,Customer 09464,France,Europe,SMB,2024-07-13,Social
CUST09465,Customer 09465,New Zealand,Oceania,SMB,2025-03-04,Organic
CUST09466,Customer 09466,Germany,Europe,SMB,2024-09-26,Social
CUST09467,Customer 09467,Italy,Europe,SMB,2025-10-26,Paid Search
CUST09468,Customer 09468,Mexico,North America,Enterprise,2025-10-25,Organic
CUST09469,Customer 09469,United States,North America,SMB,2024-09-15,Organic
CUST09470,Customer 09470,Italy,Europe,Mid-Market,2024-01-19,Organic
CUST09471,Customer 09471,United States,North America,SMB,2024-07-01,Paid Search
CUST09472,Customer 09472,France,Europe,Mid-Market,2024-07-18,Organic
CUST09473,Customer 09473,Germany,Europe,SMB,2024-01-15,Partner
CUST09474,Customer 09474,Italy,Europe,Mid-Market,2025-11-15,Paid Search
CUST09475,Customer 09475,Thailand,Asia,Mid-Market,2024-12-06,Paid Search
CUST09476,Customer 09476,New Zealand,Oceania,SMB,2024-04-17,Paid Search
CUST09477,Customer 09477,Mexico,North America,Mid-Market,2025-03-21,Referral
CUST09478,Customer 09478,Canada,North America,Mid-Market,2024-10-17,Social
CUST09479,Customer 09479,Singapore,Asia,Mid-Market,2024-05-07,Paid Search
CUST09480,Customer 09480,Mexico,North America,SMB,2024-11-27,Paid Search
CUST09481,Customer 09481,Australia,Oceania,Enterprise,2025-03-13,Social
CUST09482,Customer 09482,South Korea,Asia,SMB,2025-04-22,Social
CUST09483,Customer 09483,Australia,Oceania,SMB,2024-06-13,Partner
CUST09484,Customer 09484,Canada,North America,SMB,2025-03-23,Partner
CUST09485,Customer 09485,Mexico,North America,SMB,2025-08-02,Paid Search
CUST09486,Customer 09486,South Korea,Asia,SMB,2025-04-03,Paid Search
CUST09487,Customer 09487,United States,North America,Mid-Market,2025-11-26,Paid Search
CUST09488,Customer 09488,Canada,North America,Mid-Market,2025-11-18,Referral
CUST09489,Customer 09489,New Zealand,Oceania,Enterprise,2024-12-28,Partner
CUST09490,Customer 09490,New Zealand,Oceania,SMB,2024-10-14,Paid Search
CUST09491,Customer 09491,Thailand,Asia,Mid-Market,2024-11-30,Paid Search
CUST09492,Customer 09492,New Zealand,Oceania,SMB,2024-12-24,Partner
CUST09493,Customer 09493,Chile,South America,SMB,2024-05-06,Organic
CUST09494,Customer 09494,Canada,North America,SMB,2025-12-05,Referral
CUST09495,Customer 09495,France,Europe,Mid-Market,2025-02-19,Partner
CUST09496,Customer 09496,United Kingdom,Europe,Mid-Market,2024-04-03,Organic
CUST09497,Customer 09497,United Kingdom,Europe,SMB,2025-10-22,Organic
CUST09498,Customer 09498,Spain,Europe,SMB,2025-11-24,Organic
CUST09499,Customer 09499,New Zealand,Oceania,SMB,2025-02-14,Organic
CUST09500,Customer 09500,Spain,Europe,SMB,2025-11-24,Paid Search
CUST09501,Customer 09501,Canada,North America,Mid-Market,2025-12-10,Referral
CUST09502,Customer 09502,United States,North America,SMB,2025-11-27,Paid Search
CUST09503,Customer 09503,United States,North America,Mid-Market,2025-12-05,Referral
CUST09504,Customer 09504,France,Europe,Enterprise,2024-02-18,Organic
CUST09505,Customer 09505,Canada,North America,SMB,2024-01-23,Partner
CUST09506,Customer 09506,Canada,North America,Enterprise,2025-02-26,Paid Search
CUST09507,Customer 09507,Canada,North America,Mid-Market,2025-06-30,Referral
CUST09508,Customer 09508,Spain,Europe,SMB,2025-09-04,Organic
CUST09509,Customer 09509,Canada,North America,Mid-Market,2025-04-14,Partner
CUST09510,Customer 09510,Spain,Europe,SMB,2024-08-17,Paid Search
CUST09511,Customer 09511,Canada,North America,Mid-Market,2025-11-12,Social
CUST09512,Customer 09512,Thailand,Asia,Mid-Market,2025-03-07,Paid Search
CUST09513,Customer 09513,India,Asia,Enterprise,2025-05-13,Partner
CUST09514,Customer 09514,Brazil,South America,Mid-Market,2024-07-06,Paid Search
CUST09515,Customer 09515,Spain,Europe,Mid-Market,2025-07-08,Organic
CUST09516,Customer 09516,New Zealand,Oceania,SMB,2024-04-04,Referral
CUST09517,Customer 09517,Argentina,South America,Enterprise,2025-09-28,Organic
CUST09518,Customer 09518,India,Asia,Mid-Market,2025-09-14,Partner
CUST09519,Customer 09519,India,Asia,Mid-Market,2025-05-14,Paid Search
CUST09520,Customer 09520,United Kingdom,Europe,Enterprise,2025-12-18,Partner
CUST09521,Customer 09521,New Zealand,Oceania,SMB,2025-10-27,Paid Search
CUST09522,Customer 09522,Canada,North America,SMB,2024-02-20,Paid Search
CUST09523,Customer 09523,Spain,Europe,Mid-Market,2024-06-10,Referral
CUST09524,Customer 09524,Canada,North America,Enterprise,2024-03-29,Referral
CUST09525,Customer 09525,Germany,Europe,Mid-Market,2024-08-22,Referral
CUST09526,Customer 09526,Canada,North America,SMB,2025-03-06,Referral
CUST09527,Customer 09527,Canada,North America,SMB,2024-04-15,Referral
CUST09528,Customer 09528,France,Europe,SMB,2024-03-04,Partner
CUST09529,Customer 09529,Chile,South America,SMB,2025-04-15,Paid Search
CUST09530,Customer 09530,Japan,Asia,Enterprise,2025-04-06,Organic
CUST09531,Customer 09531,Mexico,North America,Mid-Market,2024-09-24,Referral
CUST09532,Customer 09532,Mexico,North America,SMB,2025-06-09,Paid Search
CUST09533,Customer 09533,New Zealand,Oceania,SMB,2025-03-08,Social
CUST09534,Customer 09534,India,Asia,Enterprise,2024-10-30,Social
CUST09535,Customer 09535,New Zealand,Oceania,Mid-Market,2024-02-19,Partner
CUST09536,Customer 09536,Singapore,Asia,SMB,2025-07-06,Paid Search
CUST09537,Customer 09537,Chile,South America,SMB,2025-04-01,Partner
CUST09538,Customer 09538,Germany,Europe,SMB,2024-03-24,Paid Search
CUST09539,Customer 09539,Mexico,North America,SMB,2024-05-17,Organic
CUST09540,Customer 09540,France,Europe,Mid-Market,2024-08-08,Partner
CUST09541,Customer 09541,New Zealand,Oceania,SMB,2024-05-10,Partner
CUST09542,Customer 09542,Australia,Oceania,SMB,2025-08-13,Organic
CUST09543,Customer 09543,Thailand,Asia,SMB,2025-11-13,Partner
CUST09544,Customer 09544,Mexico,North America,SMB,2024-03-05,Partner
CUST09545,Customer 09545,Canada,North America,Mid-Market,2024-06-23,Paid Search
CUST09546,Customer 09546,Singapore,Asia,Mid-Market,2024-07-27,Organic
CUST09547,Customer 09547,United States,North America,SMB,2025-12-25,Partner
CUST09548,Customer 09548,United States,North America,SMB,2025-03-30,Organic
CUST09549,Customer 09549,Mexico,North America,Mid-Market,2025-11-28,Organic
CUST09550,Customer 09550,Spain,Europe,Enterprise,2024-06-29,Paid Search
CUST09551,Customer 09551,New Zealand,Oceania,SMB,2024-02-19,Partner
CUST09552,Customer 09552,Germany,Europe,SMB,2024-12-17,Partner
CUST09553,Customer 09553,United States,North America,Enterprise,2025-08-20,Referral
CUST09554,Customer 09554,Italy,Europe,SMB,2025-09-03,Partner
CUST09555,Customer 09555,France,Europe,Enterprise,2024-12-11,Referral
CUST09556,Customer 09556,France,Europe,Mid-Market,2024-07-16,Referral
CUST09557,Customer 09557,Japan,Asia,SMB,2024-02-04,Organic
CUST09558,Customer 09558,Mexico,North America,SMB,2024-11-14,Paid Search
CUST09559,Customer 09559,Mexico,North America,Enterprise,2025-01-26,Paid Search
CUST09560,Customer 09560,United States,North America,SMB,2024-01-14,Organic
CUST09561,Customer 09561,Mexico,North America,SMB,2025-11-14,Paid Search
CUST09562,Customer 09562,United Kingdom,Europe,SMB,2025-06-01,Organic
CUST09563,Customer 09563,Spain,Europe,Mid-Market,2024-08-26,Organic
CUST09564,Customer 09564,Canada,North America,Mid-Market,2024-09-16,Paid Search
CUST09565,Customer 09565,Mexico,North America,Mid-Market,2024-09-18,Organic
CUST09566,Customer 09566,Canada,North America,SMB,2025-09-20,Organic
CUST09567,Customer 09567,Italy,Europe,Mid-Market,2025-06-13,Partner
CUST09568,Customer 09568,Chile,South America,Mid-Market,2024-03-05,Partner
CUST09569,Customer 09569,United Kingdom,Europe,SMB,2024-08-11,Referral
CUST09570,Customer 09570,United States,North America,Mid-Market,2025-07-25,Organic
CUST09571,Customer 09571,Germany,Europe,Mid-Market,2024-09-17,Referral
CUST09572,Customer 09572,Canada,North America,SMB,2025-08-17,Referral
CUST09573,Customer 09573,Singapore,Asia,Enterprise,2025-01-05,Organic
CUST09574,Customer 09574,Mexico,North America,SMB,2025-07-21,Organic
CUST09575,Customer 09575,Germany,Europe,SMB,2025-01-20,Paid Search
CUST09576,Customer 09576,Mexico,North America,SMB,2025-06-20,Paid Search
CUST09577,Customer 09577,Germany,Europe,SMB,2024-11-11,Organic
CUST09578,Customer 09578,Canada,North America,SMB,2024-06-22,Organic
CUST09579,Customer 09579,United Kingdom,Europe,SMB,2025-10-06,Paid Search
CUST09580,Customer 09580,United Kingdom,Europe,Mid-Market,2024-10-31,Paid Search
CUST09581,Customer 09581,United States,North America,Mid-Market,2024-01-07,Paid Search
CUST09582,Customer 09582,Italy,Europe,SMB,2024-10-09,Social
CUST09583,Customer 09583,Germany,Europe,Mid-Market,2024-10-27,Organic
CUST09584,Customer 09584,Chile,South America,Mid-Market,2024-06-25,Partner
CUST09585,Customer 09585,Argentina,South America,SMB,2025-10-03,Paid Search
CUST09586,Customer 09586,Chile,South America,Enterprise,2024-12-25,Partner
CUST09587,Customer 09587,Thailand,Asia,SMB,2024-09-27,Referral
CUST09588,Customer 09588,Mexico,North America,SMB,2025-05-24,Referral
CUST09589,Customer 09589,Canada,North America,SMB,2025-04-12,Referral
CUST09590,Customer 09590,United Kingdom,Europe,SMB,2024-12-15,Referral
CUST09591,Customer 09591,Canada,North America,SMB,2025-12-13,Referral
CUST09592,Customer 09592,Italy,Europe,SMB,2025-12-13,Organic
CUST09593,Customer 09593,New Zealand,Oceania,Mid-Market,2024-12-14,Paid Search
CUST09594,Customer 09594,Canada,North America,Enterprise,2025-06-02,Partner
CUST09595,Customer 09595,Singapore,Asia,Mid-Market,2024-02-08,Paid Search
CUST09596,Customer 09596,India,Asia,Mid-Market,2024-11-19,Organic
CUST09597,Customer 09597,Germany,Europe,Mid-Market,2024-11-18,Social
CUST09598,Customer 09598,Thailand,Asia,Mid-Market,2024-10-22,Social
CUST09599,Customer 09599,Mexico,North America,SMB,2025-09-06,Paid Search
CUST09600,Customer 09600,Canada,North America,SMB,2025-03-02,Paid Search
CUST09601,Customer 09601,Canada,North America,SMB,2024-12-10,Organic
CUST09602,Customer 09602,Germany,Europe,SMB,2024-11-11,Paid Search
CUST09603,Customer 09603,United States,North America,Mid-Market,2025-03-28,Social
CUST09604,Customer 09604,South Korea,Asia,SMB,2024-06-11,Organic
CUST09605,Customer 09605,Italy,Europe,SMB,2024-06-28,Paid Search
CUST09606,Customer 09606,Australia,Oceania,SMB,2025-01-15,Partner
CUST09607,Customer 09607,United States,North America,Mid-Market,2024-08-21,Paid Search
CUST09608,Customer 09608,United States,North America,SMB,2025-05-06,Social
CUST09609,Customer 09609,New Zealand,Oceania,SMB,2025-10-21,Paid Search
CUST09610,Customer 09610,South Korea,Asia,SMB,2024-09-19,Organic
CUST09611,Customer 09611,Australia,Oceania,SMB,2025-02-26,Social
CUST09612,Customer 09612,Mexico,North America,Mid-Market,2024-07-26,Organic
CUST09613,Customer 09613,Mexico,North America,SMB,2025-08-02,Referral
CUST09614,Customer 09614,United Kingdom,Europe,SMB,2024-06-07,Organic
CUST09615,Customer 09615,France,Europe,Enterprise,2025-01-16,Referral
CUST09616,Customer 09616,India,Asia,SMB,2024-09-22,Organic
CUST09617,Customer 09617,Italy,Europe,Mid-Market,2025-07-13,Partner
CUST09618,Customer 09618,United Kingdom,Europe,Mid-Market,2024-06-27,Social
CUST09619,Customer 09619,Canada,North America,SMB,2024-05-27,Organic
CUST09620,Customer 09620,United States,North America,SMB,2025-07-11,Paid Search
CUST09621,Customer 09621,Spain,Europe,SMB,2025-02-11,Referral
CUST09622,Customer 09622,Mexico,North America,SMB,2025-04-11,Social
CUST09623,Customer 09623,Australia,Oceania,SMB,2025-08-03,Paid Search
CUST09624,Customer 09624,United States,North America,Mid-Market,2024-07-28,Social
CUST09625,Customer 09625,Canada,North America,SMB,2024-06-25,Partner
CUST09626,Customer 09626,Mexico,North America,SMB,2025-12-26,Referral
CUST09627,Customer 09627,United Kingdom,Europe,Mid-Market,2024-03-22,Paid Search
CUST09628,Customer 09628,India,Asia,SMB,2025-04-16,Paid Search
CUST09629,Customer 09629,Australia,Oceania,Mid-Market,2024-10-11,Referral
CUST09630,Customer 09630,United States,North America,SMB,2024-04-14,Referral
CUST09631,Customer 09631,Canada,North America,Mid-Market,2025-11-27,Organic
CUST09632,Customer 09632,Australia,Oceania,Mid-Market,2025-08-29,Referral
CUST09633,Customer 09633,United Kingdom,Europe,SMB,2024-06-11,Partner
CUST09634,Customer 09634,South Korea,Asia,Mid-Market,2025-07-04,Paid Search
CUST09635,Customer 09635,United States,North America,SMB,2025-07-15,Referral
CUST09636,Customer 09636,Spain,Europe,SMB,2024-12-31,Paid Search
CUST09637,Customer 09637,United States,North America,SMB,2025-11-29,Organic
CUST09638,Customer 09638,Argentina,South America,SMB,2024-06-19,Organic
CUST09639,Customer 09639,United States,North America,Enterprise,2024-02-23,Paid Search
CUST09640,Customer 09640,Japan,Asia,SMB,2025-08-15,Referral
CUST09641,Customer 09641,Mexico,North America,SMB,2024-09-18,Partner
CUST09642,Customer 09642,Germany,Europe,Enterprise,2024-04-01,Organic
CUST09643,Customer 09643,Argentina,South America,SMB,2025-12-09,Paid Search
CUST09644,Customer 09644,United Kingdom,Europe,Mid-Market,2024-11-01,Partner
CUST09645,Customer 09645,Argentina,South America,SMB,2025-09-24,Organic
CUST09646,Customer 09646,Japan,Asia,Enterprise,2025-08-20,Social
CUST09647,Customer 09647,Japan,Asia,SMB,2024-08-09,Referral
CUST09648,Customer 09648,Mexico,North America,Mid-Market,2025-08-08,Social
CUST09649,Customer 09649,France,Europe,Mid-Market,2024-12-09,Referral
CUST09650,Customer 09650,Singapore,Asia,Enterprise,2025-04-05,Social
CUST09651,Customer 09651,Argentina,South America,Enterprise,2024-07-28,Referral
CUST09652,Customer 09652,Chile,South America,Mid-Market,2024-01-06,Organic
CUST09653,Customer 09653,Spain,Europe,SMB,2024-05-19,Partner
CUST09654,Customer 09654,Mexico,North America,SMB,2024-08-31,Organic
CUST09655,Customer 09655,Brazil,South America,Enterprise,2025-02-03,Referral
CUST09656,Customer 09656,Brazil,South America,Mid-Market,2025-09-15,Paid Search
CUST09657,Customer 09657,Japan,Asia,Enterprise,2024-05-09,Partner
CUST09658,Customer 09658,United Kingdom,Europe,Mid-Market,2025-06-11,Partner
CUST09659,Customer 09659,Australia,Oceania,SMB,2025-07-01,Partner
CUST09660,Customer 09660,Thailand,Asia,SMB,2025-08-15,Organic
CUST09661,Customer 09661,Thailand,Asia,SMB,2025-08-18,Social
CUST09662,Customer 09662,Canada,North America,Mid-Market,2024-02-16,Partner
CUST09663,Customer 09663,South Korea,Asia,SMB,2024-06-08,Paid Search
CUST09664,Customer 09664,Argentina,South America,SMB,2025-11-18,Organic
CUST09665,Customer 09665,Italy,Europe,Mid-Market,2025-04-07,Paid Search
CUST09666,Customer 09666,Mexico,North America,SMB,2024-06-16,Organic
CUST09667,Customer 09667,Australia,Oceania,SMB,2025-12-29,Referral
CUST09668,Customer 09668,Australia,Oceania,SMB,2024-08-30,Organic
CUST09669,Customer 09669,Australia,Oceania,SMB,2024-07-29,Paid Search
CUST09670,Customer 09670,Chile,South America,SMB,2025-09-06,Referral
CUST09671,Customer 09671,Singapore,Asia,Mid-Market,2025-12-03,Paid Search
CUST09672,Customer 09672,Australia,Oceania,Mid-Market,2024-10-23,Partner
CUST09673,Customer 09673,Australia,Oceania,Mid-Market,2025-04-16,Organic
CUST09674,Customer 09674,Canada,North America,Enterprise,2025-04-15,Paid Search
CUST09675,Customer 09675,Japan,Asia,SMB,2024-06-14,Social
CUST09676,Customer 09676,France,Europe,SMB,2025-02-07,Paid Search
CUST09677,Customer 09677,Mexico,North America,SMB,2024-02-10,Paid Search
CUST09678,Customer 09678,Canada,North America,Mid-Market,2025-09-25,Social
CUST09679,Customer 09679,India,Asia,SMB,2025-08-28,Paid Search
CUST09680,Customer 09680,India,Asia,Enterprise,2024-04-24,Partner
CUST09681,Customer 09681,Canada,North America,Mid-Market,2025-03-20,Social
CUST09682,Customer 09682,Germany,Europe,Mid-Market,2024-03-12,Organic
CUST09683,Customer 09683,Australia,Oceania,SMB,2024-03-05,Partner
CUST09684,Customer 09684,Singapore,Asia,Mid-Market,2025-04-07,Referral
CUST09685,Customer 09685,Spain,Europe,SMB,2025-08-05,Social
CUST09686,Customer 09686,France,Europe,SMB,2025-09-09,Referral
CUST09687,Customer 09687,Brazil,South America,Mid-Market,2024-08-30,Partner
CUST09688,Customer 09688,Argentina,South America,SMB,2025-11-05,Paid Search
CUST09689,Customer 09689,Italy,Europe,Enterprise,2025-01-29,Referral
CUST09690,Customer 09690,Germany,Europe,Mid-Market,2024-10-19,Partner
CUST09691,Customer 09691,India,Asia,Mid-Market,2024-09-09,Social
CUST09692,Customer 09692,Germany,Europe,SMB,2025-06-21,Organic
CUST09693,Customer 09693,Mexico,North America,SMB,2024-09-27,Organic
CUST09694,Customer 09694,France,Europe,SMB,2024-10-12,Social
CUST09695,Customer 09695,Mexico,North America,Mid-Market,2024-10-10,Referral
CUST09696,Customer 09696,Singapore,Asia,SMB,2024-08-21,Organic
CUST09697,Customer 09697,Thailand,Asia,Enterprise,2024-10-17,Paid Search
CUST09698,Customer 09698,Japan,Asia,Enterprise,2024-01-18,Social
CUST09699,Customer 09699,United Kingdom,Europe,SMB,2025-10-01,Social
CUST09700,Customer 09700,Germany,Europe,Mid-Market,2024-07-01,Paid Search
CUST09701,Customer 09701,Spain,Europe,SMB,2024-11-22,Partner
CUST09702,Customer 09702,United Kingdom,Europe,SMB,2024-05-04,Paid Search
CUST09703,Customer 09703,Australia,Oceania,SMB,2025-01-27,Paid Search
CUST09704,Customer 09704,South Korea,Asia,Mid-Market,2024-07-15,Partner
CUST09705,Customer 09705,Thailand,Asia,Enterprise,2024-05-04,Organic
CUST09706,Customer 09706,Italy,Europe,SMB,2024-07-30,Paid Search
CUST09707,Customer 09707,Mexico,North America,SMB,2025-10-23,Organic
CUST09708,Customer 09708,Australia,Oceania,SMB,2025-09-19,Organic
CUST09709,Customer 09709,Canada,North America,SMB,2025-07-31,Paid Search
CUST09710,Customer 09710,Mexico,North America,SMB,2024-05-28,Social
CUST09711,Customer 09711,Argentina,South America,Mid-Market,2025-04-20,Paid Search
CUST09712,Customer 09712,South Korea,Asia,Enterprise,2025-08-21,Referral
CUST09713,Customer 09713,Chile,South America,SMB,2025-04-20,Organic
CUST09714,Customer 09714,Canada,North America,Enterprise,2025-09-20,Partner
CUST09715,Customer 09715,Germany,Europe,Mid-Market,2024-05-26,Referral
CUST09716,Customer 09716,Japan,Asia,Mid-Market,2024-12-05,Social
CUST09717,Customer 09717,South Korea,Asia,Mid-Market,2024-08-29,Paid Search
CUST09718,Customer 09718,France,Europe,SMB,2025-06-13,Paid Search
CUST09719,Customer 09719,Argentina,South America,SMB,2024-04-03,Organic
CUST09720,Customer 09720,United Kingdom,Europe,SMB,2024-08-20,Organic
CUST09721,Customer 09721,Canada,North America,Mid-Market,2025-05-28,Referral
CUST09722,Customer 09722,Australia,Oceania,SMB,2024-01-13,Partner
CUST09723,Customer 09723,Japan,Asia,SMB,2024-07-05,Organic
CUST09724,Customer 09724,South Korea,Asia,SMB,2025-06-02,Referral
CUST09725,Customer 09725,United States,North America,SMB,2024-06-24,Referral
CUST09726,Customer 09726,Brazil,South America,SMB,2025-03-19,Paid Search
CUST09727,Customer 09727,Spain,Europe,SMB,2024-10-19,Partner
CUST09728,Customer 09728,India,Asia,Enterprise,2024-12-03,Referral
CUST09729,Customer 09729,Canada,North America,Mid-Market,2024-09-18,Social
CUST09730,Customer 09730,Australia,Oceania,SMB,2025-10-18,Partner
CUST09731,Customer 09731,South Korea,Asia,Mid-Market,2025-06-10,Partner
CUST09732,Customer 09732,India,Asia,Mid-Market,2025-06-15,Paid Search
CUST09733,Customer 09733,New Zealand,Oceania,SMB,2025-08-01,Partner
CUST09734,Customer 09734,United Kingdom,Europe,Mid-Market,2024-11-07,Social
CUST09735,Customer 09735,Italy,Europe,SMB,2024-03-16,Organic
CUST09736,Customer 09736,United States,North America,SMB,2024-02-09,Paid Search
CUST09737,Customer 09737,United Kingdom,Europe,Mid-Market,2024-12-18,Partner
CUST09738,Customer 09738,United Kingdom,Europe,SMB,2025-10-02,Paid Search
CUST09739,Customer 09739,United States,North America,SMB,2024-12-18,Paid Search
CUST09740,Customer 09740,United States,North America,SMB,2025-12-20,Referral
CUST09741,Customer 09741,Mexico,North America,SMB,2025-01-17,Partner
CUST09742,Customer 09742,Singapore,Asia,SMB,2025-04-08,Organic
CUST09743,Customer 09743,Canada,North America,Mid-Market,2024-02-26,Paid Search
CUST09744,Customer 09744,Mexico,North America,SMB,2025-07-15,Paid Search
CUST09745,Customer 09745,Argentina,South America,SMB,2025-10-11,Organic
CUST09746,Customer 09746,Mexico,North America,Mid-Market,2025-01-04,Organic
CUST09747,Customer 09747,Mexico,North America,SMB,2025-10-23,Referral
CUST09748,Customer 09748,Argentina,South America,Mid-Market,2024-06-21,Partner
CUST09749,Customer 09749,Brazil,South America,SMB,2024-12-23,Social
CUST09750,Customer 09750,United Kingdom,Europe,SMB,2025-10-28,Social
CUST09751,Customer 09751,Australia,Oceania,SMB,2025-03-17,Social
CUST09752,Customer 09752,Chile,South America,SMB,2025-05-18,Organic
CUST09753,Customer 09753,Japan,Asia,Mid-Market,2024-10-21,Paid Search
CUST09754,Customer 09754,Spain,Europe,Mid-Market,2025-02-04,Organic
CUST09755,Customer 09755,Canada,North America,SMB,2024-09-28,Referral
CUST09756,Customer 09756,Singapore,Asia,SMB,2025-05-13,Social
CUST09757,Customer 09757,United States,North America,Enterprise,2024-02-10,Organic
CUST09758,Customer 09758,United States,North America,SMB,2025-01-09,Paid Search
CUST09759,Customer 09759,Italy,Europe,SMB,2025-11-10,Paid Search
CUST09760,Customer 09760,Italy,Europe,Mid-Market,2024-02-12,Organic
CUST09761,Customer 09761,Brazil,South America,SMB,2024-11-25,Partner
CUST09762,Customer 09762,Germany,Europe,Enterprise,2025-04-27,Paid Search
CUST09763,Customer 09763,United States,North America,SMB,2024-03-02,Paid Search
CUST09764,Customer 09764,South Korea,Asia,Mid-Market,2024-01-04,Social
CUST09765,Customer 09765,Singapore,Asia,SMB,2024-04-30,Organic
CUST09766,Customer 09766,United States,North America,SMB,2024-06-10,Paid Search
CUST09767,Customer 09767,India,Asia,SMB,2025-10-04,Partner
CUST09768,Customer 09768,United States,North America,Enterprise,2024-04-24,Paid Search
CUST09769,Customer 09769,Mexico,North America,SMB,2025-04-13,Referral
CUST09770,Customer 09770,Italy,Europe,SMB,2024-09-05,Paid Search
CUST09771,Customer 09771,Singapore,Asia,Enterprise,2025-01-26,Organic
CUST09772,Customer 09772,Mexico,North America,SMB,2025-10-25,Organic
CUST09773,Customer 09773,United States,North America,SMB,2025-09-19,Partner
CUST09774,Customer 09774,Canada,North America,SMB,2024-02-28,Organic
CUST09775,Customer 09775,United States,North America,Mid-Market,2024-03-06,Social
CUST09776,Customer 09776,Spain,Europe,SMB,2024-09-18,Organic
CUST09777,Customer 09777,United Kingdom,Europe,SMB,2025-08-14,Partner
CUST09778,Customer 09778,Mexico,North America,Enterprise,2025-07-09,Social
CUST09779,Customer 09779,Canada,North America,Mid-Market,2025-03-28,Organic
CUST09780,Customer 09780,Argentina,South America,SMB,2025-09-22,Referral
CUST09781,Customer 09781,Spain,Europe,Mid-Market,2024-05-13,Partner
CUST09782,Customer 09782,Mexico,North America,SMB,2025-06-22,Referral
CUST09783,Customer 09783,Canada,North America,SMB,2025-12-09,Partner
CUST09784,Customer 09784,France,Europe,SMB,2025-12-06,Organic
CUST09785,Customer 09785,Canada,North America,Mid-Market,2025-06-03,Social
CUST09786,Customer 09786,United States,North America,Mid-Market,2025-05-23,Referral
CUST09787,Customer 09787,France,Europe,SMB,2024-06-12,Paid Search
CUST09788,Customer 09788,Thailand,Asia,SMB,2025-06-28,Paid Search
CUST09789,Customer 09789,Spain,Europe,SMB,2024-06-29,Paid Search
CUST09790,Customer 09790,Australia,Oceania,Mid-Market,2024-11-04,Paid Search
CUST09791,Customer 09791,France,Europe,Mid-Market,2024-03-26,Organic
CUST09792,Customer 09792,Spain,Europe,Mid-Market,2024-08-08,Partner
CUST09793,Customer 09793,France,Europe,Enterprise,2024-02-25,Paid Search
CUST09794,Customer 09794,Germany,Europe,Mid-Market,2024-12-03,Paid Search
CUST09795,Customer 09795,Germany,Europe,Enterprise,2024-02-22,Social
CUST09796,Customer 09796,United States,North America,Mid-Market,2025-07-15,Social
CUST09797,Customer 09797,Spain,Europe,SMB,2025-04-24,Partner
CUST09798,Customer 09798,India,Asia,Mid-Market,2025-04-20,Organic
CUST09799,Customer 09799,France,Europe,SMB,2025-05-29,Social
CUST09800,Customer 09800,South Korea,Asia,SMB,2025-07-18,Organic
CUST09801,Customer 09801,Italy,Europe,SMB,2025-05-08,Paid Search
CUST09802,Customer 09802,Mexico,North America,SMB,2025-04-03,Social
CUST09803,Customer 09803,Mexico,North America,Mid-Market,2024-05-13,Organic
CUST09804,Customer 09804,Canada,North America,SMB,2025-06-19,Organic
CUST09805,Customer 09805,France,Europe,SMB,2024-12-21,Referral
CUST09806,Customer 09806,Brazil,South America,Enterprise,2024-04-23,Paid Search
CUST09807,Customer 09807,Mexico,North America,Mid-Market,2024-12-17,Paid Search
CUST09808,Customer 09808,France,Europe,SMB,2024-08-24,Partner
CUST09809,Customer 09809,Thailand,Asia,SMB,2024-05-25,Partner
CUST09810,Customer 09810,Canada,North America,SMB,2025-02-14,Social
CUST09811,Customer 09811,South Korea,Asia,Enterprise,2025-10-16,Organic
CUST09812,Customer 09812,South Korea,Asia,SMB,2024-01-13,Referral
CUST09813,Customer 09813,Mexico,North America,Enterprise,2024-04-08,Partner
CUST09814,Customer 09814,Italy,Europe,SMB,2025-10-28,Organic
CUST09815,Customer 09815,Australia,Oceania,Mid-Market,2025-05-20,Paid Search
CUST09816,Customer 09816,Germany,Europe,SMB,2024-06-24,Organic
CUST09817,Customer 09817,Germany,Europe,SMB,2024-09-26,Organic
CUST09818,Customer 09818,United Kingdom,Europe,SMB,2024-03-05,Organic
CUST09819,Customer 09819,Thailand,Asia,SMB,2025-09-08,Referral
CUST09820,Customer 09820,Argentina,South America,Enterprise,2025-04-30,Referral
CUST09821,Customer 09821,Chile,South America,Mid-Market,2024-06-18,Organic
CUST09822,Customer 09822,Australia,Oceania,SMB,2024-05-21,Referral
CUST09823,Customer 09823,Canada,North America,Mid-Market,2025-05-20,Organic
CUST09824,Customer 09824,Singapore,Asia,SMB,2025-02-14,Organic
CUST09825,Customer 09825,India,Asia,Enterprise,2025-07-01,Social
CUST09826,Customer 09826,Italy,Europe,SMB,2024-07-01,Paid Search
CUST09827,Customer 09827,Australia,Oceania,SMB,2025-12-27,Partner
CUST09828,Customer 09828,Singapore,Asia,SMB,2024-05-01,Paid Search
CUST09829,Customer 09829,Singapore,Asia,SMB,2024-05-10,Organic
CUST09830,Customer 09830,United States,North America,Enterprise,2025-06-21,Partner
CUST09831,Customer 09831,Mexico,North America,SMB,2025-02-16,Organic
CUST09832,Customer 09832,France,Europe,SMB,2024-10-10,Paid Search
CUST09833,Customer 09833,Mexico,North America,Mid-Market,2025-06-22,Referral
CUST09834,Customer 09834,Mexico,North America,SMB,2025-02-23,Referral
CUST09835,Customer 09835,Brazil,South America,SMB,2024-10-21,Social
CUST09836,Customer 09836,France,Europe,Mid-Market,2024-06-06,Social
CUST09837,Customer 09837,United Kingdom,Europe,SMB,2025-06-08,Organic
CUST09838,Customer 09838,Thailand,Asia,Mid-Market,2025-02-07,Organic
CUST09839,Customer 09839,Argentina,South America,Mid-Market,2025-10-15,Referral
CUST09840,Customer 09840,Australia,Oceania,SMB,2024-11-03,Organic
CUST09841,Customer 09841,Mexico,North America,SMB,2024-07-13,Paid Search
CUST09842,Customer 09842,United Kingdom,Europe,SMB,2024-02-07,Paid Search
CUST09843,Customer 09843,Spain,Europe,SMB,2024-07-17,Partner
CUST09844,Customer 09844,Mexico,North America,Mid-Market,2025-06-15,Social
CUST09845,Customer 09845,Germany,Europe,Mid-Market,2024-07-28,Organic
CUST09846,Customer 09846,Canada,North America,SMB,2025-02-07,Organic
CUST09847,Customer 09847,Brazil,South America,Mid-Market,2024-06-06,Social
CUST09848,Customer 09848,Japan,Asia,SMB,2025-11-08,Organic
CUST09849,Customer 09849,India,Asia,Enterprise,2025-10-21,Organic
CUST09850,Customer 09850,Germany,Europe,SMB,2025-08-13,Organic
CUST09851,Customer 09851,India,Asia,Mid-Market,2025-06-20,Paid Search
CUST09852,Customer 09852,Mexico,North America,SMB,2025-02-21,Organic
CUST09853,Customer 09853,Singapore,Asia,SMB,2024-01-07,Paid Search
CUST09854,Customer 09854,United Kingdom,Europe,SMB,2024-02-01,Organic
CUST09855,Customer 09855,Italy,Europe,Enterprise,2024-11-20,Partner
CUST09856,Customer 09856,Spain,Europe,Mid-Market,2025-07-03,Organic
CUST09857,Customer 09857,Canada,North America,Mid-Market,2024-04-05,Partner
CUST09858,Customer 09858,Canada,North America,SMB,2025-02-05,Referral
CUST09859,Customer 09859,Canada,North America,Mid-Market,2025-11-28,Paid Search
CUST09860,Customer 09860,Canada,North America,SMB,2025-09-02,Social
CUST09861,Customer 09861,United Kingdom,Europe,Mid-Market,2025-02-07,Paid Search
CUST09862,Customer 09862,United States,North America,SMB,2025-02-26,Organic
CUST09863,Customer 09863,Germany,Europe,Mid-Market,2024-02-15,Referral
CUST09864,Customer 09864,Australia,Oceania,Mid-Market,2024-01-02,Organic
CUST09865,Customer 09865,Italy,Europe,SMB,2024-08-18,Organic
CUST09866,Customer 09866,Thailand,Asia,Mid-Market,2025-08-18,Social
CUST09867,Customer 09867,United Kingdom,Europe,SMB,2024-01-05,Partner
CUST09868,Customer 09868,United States,North America,SMB,2025-08-07,Paid Search
CUST09869,Customer 09869,Italy,Europe,SMB,2024-07-07,Paid Search
CUST09870,Customer 09870,New Zealand,Oceania,SMB,2024-03-13,Referral
CUST09871,Customer 09871,United Kingdom,Europe,SMB,2024-03-11,Organic
CUST09872,Customer 09872,Brazil,South America,Mid-Market,2025-05-14,Organic
CUST09873,Customer 09873,United States,North America,Mid-Market,2024-02-02,Referral
CUST09874,Customer 09874,United Kingdom,Europe,SMB,2025-01-19,Paid Search
CUST09875,Customer 09875,Spain,Europe,Enterprise,2025-11-14,Organic
CUST09876,Customer 09876,India,Asia,Enterprise,2025-03-07,Referral
CUST09877,Customer 09877,Chile,South America,SMB,2024-09-01,Referral
CUST09878,Customer 09878,Chile,South America,SMB,2025-10-12,Paid Search
CUST09879,Customer 09879,Germany,Europe,Enterprise,2024-02-23,Social
CUST09880,Customer 09880,Japan,Asia,SMB,2024-07-01,Partner
CUST09881,Customer 09881,Germany,Europe,SMB,2024-05-05,Referral
CUST09882,Customer 09882,United Kingdom,Europe,Enterprise,2024-01-10,Organic
CUST09883,Customer 09883,United States,North America,Mid-Market,2025-11-28,Referral
CUST09884,Customer 09884,Thailand,Asia,Mid-Market,2024-06-01,Referral
CUST09885,Customer 09885,Germany,Europe,Enterprise,2024-02-23,Referral
CUST09886,Customer 09886,Argentina,South America,SMB,2025-10-30,Referral
CUST09887,Customer 09887,Mexico,North America,Mid-Market,2025-12-04,Organic
CUST09888,Customer 09888,United States,North America,Mid-Market,2024-06-03,Paid Search
CUST09889,Customer 09889,France,Europe,SMB,2024-10-20,Partner
CUST09890,Customer 09890,New Zealand,Oceania,SMB,2025-05-08,Organic
CUST09891,Customer 09891,United States,North America,SMB,2024-11-08,Referral
CUST09892,Customer 09892,Canada,North America,Mid-Market,2025-07-31,Partner
CUST09893,Customer 09893,France,Europe,Mid-Market,2024-06-30,Organic
CUST09894,Customer 09894,Brazil,South America,Enterprise,2025-08-17,Social
CUST09895,Customer 09895,Canada,North America,SMB,2025-02-12,Partner
CUST09896,Customer 09896,Argentina,South America,Mid-Market,2024-01-08,Referral
CUST09897,Customer 09897,Canada,North America,SMB,2025-03-29,Referral
CUST09898,Customer 09898,Mexico,North America,Enterprise,2024-01-07,Partner
CUST09899,Customer 09899,United States,North America,Mid-Market,2025-09-10,Organic
CUST09900,Customer 09900,Australia,Oceania,Mid-Market,2025-12-23,Referral
CUST09901,Customer 09901,Germany,Europe,SMB,2024-04-22,Paid Search
CUST09902,Customer 09902,Italy,Europe,SMB,2025-01-20,Partner
CUST09903,Customer 09903,Canada,North America,SMB,2024-09-03,Paid Search
CUST09904,Customer 09904,Mexico,North America,Mid-Market,2024-02-16,Partner
CUST09905,Customer 09905,United States,North America,SMB,2025-05-10,Organic
CUST09906,Customer 09906,Canada,North America,Mid-Market,2024-01-20,Organic
CUST09907,Customer 09907,United States,North America,SMB,2024-01-18,Partner
CUST09908,Customer 09908,United States,North America,SMB,2025-08-15,Paid Search
CUST09909,Customer 09909,Thailand,Asia,SMB,2024-07-25,Paid Search
CUST09910,Customer 09910,Chile,South America,SMB,2025-10-23,Referral
CUST09911,Customer 09911,Germany,Europe,SMB,2025-03-10,Organic
CUST09912,Customer 09912,Canada,North America,SMB,2025-01-18,Paid Search
CUST09913,Customer 09913,Chile,South America,SMB,2024-10-26,Paid Search
CUST09914,Customer 09914,India,Asia,Mid-Market,2024-09-28,Social
CUST09915,Customer 09915,South Korea,Asia,SMB,2024-06-13,Organic
CUST09916,Customer 09916,Japan,Asia,Mid-Market,2025-05-28,Paid Search
CUST09917,Customer 09917,Canada,North America,Mid-Market,2025-03-19,Social
CUST09918,Customer 09918,Thailand,Asia,SMB,2024-01-17,Partner
CUST09919,Customer 09919,Italy,Europe,SMB,2024-08-24,Referral
CUST09920,Customer 09920,Brazil,South America,SMB,2025-10-19,Paid Search
CUST09921,Customer 09921,Germany,Europe,SMB,2024-12-26,Partner
CUST09922,Customer 09922,United States,North America,SMB,2024-07-06,Social
CUST09923,Customer 09923,Canada,North America,Mid-Market,2024-06-16,Social
CUST09924,Customer 09924,Germany,Europe,SMB,2024-05-19,Referral
CUST09925,Customer 09925,Spain,Europe,Enterprise,2025-09-21,Referral
CUST09926,Customer 09926,Australia,Oceania,Mid-Market,2024-08-15,Partner
CUST09927,Customer 09927,Canada,North America,SMB,2024-08-05,Partner
CUST09928,Customer 09928,Spain,Europe,Mid-Market,2024-02-16,Referral
CUST09929,Customer 09929,Canada,North America,SMB,2025-10-12,Organic
CUST09930,Customer 09930,Canada,North America,SMB,2024-10-11,Partner
CUST09931,Customer 09931,Germany,Europe,Enterprise,2025-05-30,Paid Search
CUST09932,Customer 09932,Mexico,North America,SMB,2025-06-06,Organic
CUST09933,Customer 09933,Thailand,Asia,SMB,2024-09-12,Organic
CUST09934,Customer 09934,Italy,Europe,Enterprise,2024-12-30,Organic
CUST09935,Customer 09935,Brazil,South America,Enterprise,2024-03-15,Paid Search
CUST09936,Customer 09936,Japan,Asia,SMB,2025-05-03,Organic
CUST09937,Customer 09937,South Korea,Asia,Mid-Market,2025-05-07,Referral
CUST09938,Customer 09938,South Korea,Asia,Mid-Market,2024-06-05,Social
CUST09939,Customer 09939,Canada,North America,Mid-Market,2024-05-22,Organic
CUST09940,Customer 09940,Mexico,North America,SMB,2024-10-17,Organic
CUST09941,Customer 09941,Australia,Oceania,Mid-Market,2025-05-21,Organic
CUST09942,Customer 09942,Italy,Europe,SMB,2025-01-14,Partner
CUST09943,Customer 09943,Canada,North America,SMB,2024-02-15,Organic
CUST09944,Customer 09944,Mexico,North America,SMB,2025-02-22,Organic
CUST09945,Customer 09945,Singapore,Asia,SMB,2025-05-31,Organic
CUST09946,Customer 09946,United Kingdom,Europe,SMB,2024-05-16,Organic
CUST09947,Customer 09947,Chile,South America,SMB,2024-11-21,Referral
CUST09948,Customer 09948,Spain,Europe,SMB,2025-08-13,Referral
CUST09949,Customer 09949,Mexico,North America,Enterprise,2024-08-25,Paid Search
CUST09950,Customer 09950,United States,North America,SMB,2024-03-06,Paid Search
CUST09951,Customer 09951,United Kingdom,Europe,SMB,2025-11-07,Referral
CUST09952,Customer 09952,New Zealand,Oceania,Mid-Market,2024-03-12,Social
CUST09953,Customer 09953,Chile,South America,SMB,2024-02-14,Referral
CUST09954,Customer 09954,Japan,Asia,Mid-Market,2024-07-01,Partner
CUST09955,Customer 09955,Mexico,North America,SMB,2025-07-03,Social
CUST09956,Customer 09956,Singapore,Asia,Mid-Market,2025-04-23,Paid Search
CUST09957,Customer 09957,United States,North America,SMB,2024-06-20,Organic
CUST09958,Customer 09958,Spain,Europe,SMB,2024-02-26,Referral
CUST09959,Customer 09959,Singapore,Asia,Mid-Market,2025-11-28,Organic
CUST09960,Customer 09960,South Korea,Asia,SMB,2024-01-06,Paid Search
CUST09961,Customer 09961,Japan,Asia,SMB,2025-11-06,Referral
CUST09962,Customer 09962,India,Asia,SMB,2024-12-11,Referral
CUST09963,Customer 09963,United Kingdom,Europe,Mid-Market,2024-05-22,Paid Search
CUST09964,Customer 09964,New Zealand,Oceania,SMB,2024-09-10,Paid Search
CUST09965,Customer 09965,France,Europe,Mid-Market,2024-08-14,Organic
CUST09966,Customer 09966,Spain,Europe,Mid-Market,2024-04-24,Organic
CUST09967,Customer 09967,South Korea,Asia,SMB,2024-11-11,Paid Search
CUST09968,Customer 09968,Canada,North America,Enterprise,2025-04-24,Organic
CUST09969,Customer 09969,Spain,Europe,Mid-Market,2024-12-11,Social
CUST09970,Customer 09970,Mexico,North America,SMB,2025-04-13,Paid Search
CUST09971,Customer 09971,Mexico,North America,SMB,2025-12-10,Partner
CUST09972,Customer 09972,Spain,Europe,SMB,2024-03-30,Social
CUST09973,Customer 09973,New Zealand,Oceania,Enterprise,2025-06-24,Paid Search
CUST09974,Customer 09974,Thailand,Asia,SMB,2024-06-16,Paid Search
CUST09975,Customer 09975,United States,North America,SMB,2024-01-14,Partner
CUST09976,Customer 09976,France,Europe,Enterprise,2024-09-23,Organic
CUST09977,Customer 09977,Mexico,North America,Mid-Market,2024-10-14,Paid Search
CUST09978,Customer 09978,Argentina,South America,SMB,2025-12-24,Organic
CUST09979,Customer 09979,Germany,Europe,Mid-Market,2024-09-08,Partner
CUST09980,Customer 09980,Spain,Europe,Mid-Market,2025-07-15,Partner
CUST09981,Customer 09981,South Korea,Asia,SMB,2025-11-14,Referral
CUST09982,Customer 09982,Spain,Europe,SMB,2024-09-03,Paid Search
CUST09983,Customer 09983,Australia,Oceania,Mid-Market,2024-05-10,Referral
CUST09984,Customer 09984,United States,North America,SMB,2025-12-06,Referral
CUST09985,Customer 09985,Canada,North America,Enterprise,2024-11-30,Referral
CUST09986,Customer 09986,Australia,Oceania,SMB,2024-11-28,Social
CUST09987,Customer 09987,Argentina,South America,Mid-Market,2025-06-16,Organic
CUST09988,Customer 09988,Argentina,South America,Mid-Market,2024-10-05,Organic
CUST09989,Customer 09989,Japan,Asia,SMB,2025-01-30,Organic
CUST09990,Customer 09990,South Korea,Asia,SMB,2025-11-21,Referral
CUST09991,Customer 09991,India,Asia,Enterprise,2024-02-05,Social
CUST09992,Customer 09992,Thailand,Asia,Mid-Market,2025-06-22,Paid Search
CUST09993,Customer 09993,India,Asia,SMB,2024-10-17,Paid Search
CUST09994,Customer 09994,United Kingdom,Europe,SMB,2025-02-04,Social
CUST09995,Customer 09995,Thailand,Asia,SMB,2025-10-27,Organic
CUST09996,Customer 09996,India,Asia,SMB,2025-03-15,Partner
CUST09997,Customer 09997,Thailand,Asia,SMB,2024-11-02,Social
CUST09998,Customer 09998,France,Europe,Mid-Market,2025-12-12,Partner
CUST09999,Customer 09999,South Korea,Asia,SMB,2025-03-18,Paid Search
CUST10000,Customer 10000,Thailand,Asia,Mid-Market,2024-04-21,Referral
